--
-- PostgreSQL database dump
--

\restrict aVKzcFGAZ5z0EE4SFbEZu9dm7tlOLP9pDy8VIKzVyGvMX2i4sT4naGmbu9DUHKV

-- Dumped from database version 15.15
-- Dumped by pg_dump version 15.15

SET statement_timeout = 0;
SET lock_timeout = 0;
SET idle_in_transaction_session_timeout = 0;
SET client_encoding = 'UTF8';
SET standard_conforming_strings = on;
SELECT pg_catalog.set_config('search_path', '', false);
SET check_function_bodies = false;
SET xmloption = content;
SET client_min_messages = warning;
SET row_security = off;

--
-- Data for Name: admin_delegation; Type: TABLE DATA; Schema: public; Owner: postgres
--

COPY public.admin_delegation (delegation_id, delegator_user_id, delegator_user_nm, delegate_user_id, delegate_user_nm, start_date, end_date, reason, is_active, created_at, created_by, updated_at, updated_by) FROM stdin;
3	hamyoonsic	함윤식	yeon99	황세연	2026-01-22 09:00:00	2026-01-29 09:00:00	출장으로 인한 관리자 위임	f	2026-01-22 14:34:58.564592	hamyoonsic	2026-01-22 14:53:44.246499	hamyoonsic
\.


--
-- Data for Name: audit_log; Type: TABLE DATA; Schema: public; Owner: postgres
--

COPY public.audit_log (log_id, log_type, action, target_type, target_id, user_id, user_name, ip_address, description, old_value, new_value, result, error_message, created_at) FROM stdin;
1	ADMIN_DELEGATION	CREATE	DELEGATION	1	hamyoonsic	함윤식	192.168.1.100	관리자 권한 위임: 함윤식 → 박경민 (2026-01-21 ~ 2026-01-31)	\N	\N	SUCCESS	\N	2026-01-21 09:58:47.614025
2	NOTICE_APPROVAL	APPROVE	NOTICE	1	park001	박경민	192.168.1.101	공지 ID 1번 승인 처리 (대리 관리자)	\N	\N	SUCCESS	\N	2026-01-21 09:58:47.614025
3	ADMIN_DELEGATION	UPDATE	DELEGATION	1	hamyoonsic	함윤식	172.20.80.224	관리자 권한 위임 비활성화	\N	\N	SUCCESS	\N	2026-01-21 19:50:56.435583
4	ADMIN_DELEGATION	CREATE	DELEGATION	2	hamyoonsic	함윤식	172.20.80.224	관리자 권한 위임: 함윤식 → 박세인 (2026-01-22T09:00 ~ 2026-01-28T09:00)	\N	Reason: 출장 으로 인한 위임	SUCCESS	\N	2026-01-21 20:46:11.609569
5	ADMIN_DELEGATION	CREATE	DELEGATION	3	hamyoonsic	함윤식	172.20.80.224	관리자 권한 위임: 함윤식 → 황세연 (2026-01-22T09:00 ~ 2026-01-29T09:00)	\N	Reason: 출장으로 인한 관리자 위임	SUCCESS	\N	2026-01-22 14:34:58.642715
6	ADMIN_DELEGATION	UPDATE	DELEGATION	3	hamyoonsic	함윤식	172.20.80.224	관리자 권한 위임 비활성화	\N	\N	SUCCESS	\N	2026-01-22 14:53:44.241394
\.


--
-- Data for Name: corporation_master; Type: TABLE DATA; Schema: public; Owner: postgres
--

COPY public.corporation_master (corp_id, corp_code, corp_name, parent_corp_id, business_number, is_active, display_order, created_at, updated_at) FROM stdin;
1	KZ	고려아연	\N	123-45-67890	t	1	2026-01-12 14:40:12.59047	2026-01-12 14:40:12.59047
2	KZGT	케이지그린텍	1	123-45-67891	t	2	2026-01-12 14:40:12.59047	2026-01-12 14:40:12.59047
3	YP	영풍	\N	123-45-67892	t	3	2026-01-12 14:40:12.59047	2026-01-12 14:40:12.59047
4	KZMS	고려아연메탈서플라이	1	123-45-67893	t	4	2026-01-12 14:40:12.59047	2026-01-12 14:40:12.59047
\.


--
-- Data for Name: service_master; Type: TABLE DATA; Schema: public; Owner: postgres
--

COPY public.service_master (service_id, service_code, service_name, service_category, owner_org_unit_id, contact_info, is_active, display_order, created_at, updated_at) FROM stdin;
1	ERP	고려아연 ERP	업무시스템	ITH3	02-1234-5678	t	1	2026-01-12 14:40:12.59047	2026-01-12 14:40:12.59047
2	GROUPWARE	KZ 이음	업무시스템	ITH3	02-1234-5679	t	2	2026-01-12 14:40:12.59047	2026-01-12 14:40:12.59047
3	MAIL	Outlook 메일	인프라	ITH1	02-1234-5680	t	3	2026-01-12 14:40:12.59047	2026-01-12 14:40:12.59047
4	VPN	VPN 시스템	보안	ITH2	02-1234-5681	t	4	2026-01-12 14:40:12.59047	2026-01-12 14:40:12.59047
5	ACCOUNTING	고려아연 연결회계	업무시스템	ITH1	02-1234-5682	t	5	2026-01-12 14:40:12.59047	2026-01-12 14:40:12.59047
6	HR	인사급여 시스템	업무시스템	ITH3	02-1234-5683	t	6	2026-01-12 14:40:12.59047	2026-01-12 14:40:12.59047
\.


--
-- Data for Name: notice_base; Type: TABLE DATA; Schema: public; Owner: postgres
--

COPY public.notice_base (notice_id, title, content, notice_level, notice_status, affected_service_id, sender_org_unit_id, sender_org_unit_name, publish_start_at, publish_end_at, is_maintenance, is_completed, completed_at, mail_subject, created_at, created_by, updated_at, updated_by, parent_notice_id, calendar_register, calendar_event_at, sender_email, reject_reason, notice_type) FROM stdin;
1	고려아연 ERP 시스템 점검 안내	고려아연 ERP 시스템 점검으로 인하여 22일(수) 18:00시 부터 시스템 사용이 불가합니다.\r\n업무에 참고하여 주시기 바랍니다.\r\n\r\n문의 : 서린정보기술 ITH3팀 박경민 수석 (2656)	L2	APPROVED	1	ITH3	서린정보기술 ITH3팀	2025-10-22 08:00:00	2025-10-22 19:00:00	t	f	\N	[점검] 고려아연 ERP 시스템 점검 안내	2026-01-12 14:40:12.59047	park001	2026-01-12 14:40:12.59047	park001	\N	f	\N	\N	\N	\N
2	윈도우 보안 패치 작업 안내	윈도우 보안 패치 적용을 위해 전사 PC 재부팅이 필요합니다.\r\n금일 18:00 이후 자동 재부팅 예정이오니 작업 중인 파일은 미리 저장해주시기 바랍니다.\r\n\r\n문의 : 서린정보기술 ITH3팀 전종하 책임 (2657)	L1	SENT	\N	ITH3	서린정보기술 ITH3팀	2025-10-15 08:00:00	2025-10-15 19:00:00	f	t	\N	[보안] 윈도우 보안 패치 작업 안내	2026-01-12 14:40:12.59047	jeon001	2026-01-12 14:40:12.59047	jeon001	\N	f	\N	\N	\N	\N
3	고려아연 연결회계 시스템 장애 발생 안내	고려아연 연결회계 시스템에 장애가 발생하여 현재 접속이 불가합니다.\r\n복구 작업 진행 중이며, 완료 시 별도 안내드리겠습니다.\r\n\r\n문의 : 서린정보기술 ITH1팀 신호용 책임 (2655)	L3	COMPLETED	5	ITH1	서린정보기술 ITH1팀	2025-10-10 14:30:00	2025-10-10 16:00:00	t	t	2025-10-10 15:45:00	[긴급장애] 고려아연 연결회계 시스템 장애 발생	2026-01-12 14:40:12.59047	shin001	2026-01-12 14:40:12.59047	shin001	\N	f	\N	\N	\N	\N
4	테스트 공지	<p>테스트 내용</p>	L2	REJECTED	1	park001	서린정보기술 ITH3팀	2026-01-14 11:25:06.203301	\N	t	f	\N	테스트 메일 제목	2026-01-14 11:25:06.203301	park001	2026-01-14 11:25:38.021578	admin001	\N	f	\N	\N	\N	\N
6	보안 관련 긴급 공지	<p>보안 관련 긴급 공지 입니다.</p><p>&nbsp;</p><p>점검 전까지 서비스 이용 불가능 합니다.</p>	L3	APPROVED	1	park001	서린정보기술 ITH3팀	2026-01-22 08:30:00	\N	t	f	\N	보안 관련 긴급 공지	2026-01-16 14:31:28.480052	park001	2026-01-21 08:39:45.128665	admin	\N	f	\N	\N	\N	\N
7	공지관리 시스템 테스트 메일 발송 안내	<p>공지관리 시스템 테스트 메일 발송입니다.</p>	L2	APPROVED	1	\N	IT개발팀	2026-01-21 08:30:00	\N	f	f	\N	공지관리 시스템 테스트 메일 발송 안내	2026-01-21 17:41:33.210343	hamyoonsic	2026-01-21 17:41:54.56807	admin	\N	f	\N	\N	\N	\N
5	2월 15일 긴급 서버 점검	<p>2월 15일 긴급 서버 점검 안내 입니다.</p>	L2	SENT	1	park001	서린정보기술 ITH3팀	2026-01-16 08:30:00	\N	t	f	\N	2월 15일 긴급 서버 점검	2026-01-15 15:34:29.027067	park001	2026-01-21 18:02:00.995095	admin001	\N	f	\N	\N	\N	\N
8	공지관리 시스템 테스트 메일 발송 안내	<p>공지관리 시스템 테스트 메일 발송 안내</p>	L2	APPROVED	1	\N	IT개발팀	2026-01-21 08:30:00	\N	t	f	\N	공지관리 시스템 테스트 메일 발송 안내	2026-01-21 18:03:33.569609	hamyoonsic	2026-01-21 18:05:35.24486	admin	\N	f	\N	\N	\N	\N
9	원료팀 ERP 서버점검 공지	<p>원료가 부족합니다. 점검합니다.</p>	L2	SENT	1	\N	IT개발팀	2026-01-21 08:30:00	\N	t	f	\N	원료팀 ERP 서버점검 공지	2026-01-21 18:17:14.413218	hamyoonsic	2026-01-21 18:17:51.464187	admin	\N	f	\N	hamyoonsic@koreazinc.co.kr	\N	\N
10	원료팀 서비스 점검 공지	<p>원료팀 서비스 점검 공지입니다.</p>	L2	REJECTED	1	\N	IT개발팀	2026-01-21 08:30:00	\N	f	f	\N	원료팀 서비스 점검 공지	2026-01-21 18:25:52.947931	hamyoonsic	2026-01-21 18:26:20.602226	admin	\N	f	\N	hamyoonsic@koreazinc.co.kr	\N	\N
11	원료팀 공지사항 발송	<p>공지사항입니다.</p>	L2	REJECTED	1	\N	IT개발팀	2026-01-21 08:30:00	\N	t	f	\N	원료팀 공지사항 발송	2026-01-21 18:28:37.14891	hamyoonsic	2026-01-21 18:41:55.74407	admin	\N	f	\N	hamyoonsic@koreazinc.co.kr	법인이 없으므로 반려합니다	\N
12	원료팀 1월21일 6시41분 공지 발표	<p>원료팀 1월21일 6시41분 공지 발표</p>	L2	SENT	1	\N	IT개발팀	2026-01-21 08:30:00	\N	t	f	\N	원료팀 1월21일 6시41분 공지 발표	2026-01-21 18:41:44.770324	hamyoonsic	2026-01-21 18:42:20.254129	admin	\N	f	\N	hamyoonsic@koreazinc.co.kr	\N	\N
13	ERP 서버 점검 공지 테스트 메일	<p>ERP 서버 점검 공지 테스트 메일입니다.</p>	L2	APPROVED	1	\N	IT개발팀	2026-01-21 08:30:00	\N	t	f	\N	ERP 서버 점검 공지 테스트 메일	2026-01-21 18:50:50.006447	hamyoonsic	2026-01-22 13:33:28.850949	admin	\N	f	\N	hamyoonsic@koreazinc.co.kr	\N	\N
14	시스템 장애공지 안내	<p>시스템 장애공지 안내</p>	L2	PENDING	1	\N	IT개발팀	2026-01-22 22:30:00	\N	t	f	\N	시스템 장애공지 안내	2026-01-22 13:34:28.519346	hamyoonsic	2026-01-22 13:34:28.519346	hamyoonsic	\N	f	\N	hamyoonsic@koreazinc.co.kr	\N	\N
15	보안 공지 등록 안내	<p>1월 23일 보안 관련 서비스 점검 공지 안내 드립니다.</p>	L2	PENDING	1	\N	IT개발팀	2026-01-23 08:30:00	\N	f	f	\N	보안 공지 등록 안내	2026-01-22 14:14:15.416442	hamyoonsic	2026-01-22 14:14:15.416442	hamyoonsic	\N	t	2026-01-23 17:30:00	hamyoonsic@koreazinc.co.kr	\N	\N
17	고려아연 ERP 원료팀 서비스 점검 안내	<p>ERP 서비스 점검 안내 드립니다.</p><p>&nbsp;</p><p>점검 일자 1월 23일 17시 ~ 18시&nbsp;</p>	L2	REJECTED	1	\N	IT개발팀	2026-01-22 15:10:00	\N	t	f	\N	고려아연 ERP 원료팀 서비스 점검 안내	2026-01-22 15:07:08.330889	hamyoonsic	2026-01-22 15:14:57.797858	admin	\N	t	2026-01-23 17:00:00	hamyoonsic@koreazinc.co.kr	승인 반려	\N
18	erp 서비스 점검 안내	<p>erp 서비스 점검 안내</p><p>&nbsp;</p><p>1월 23일 17:00 ~ 18:00 점검 안내 드립니다.</p>	L2	PENDING	1	\N	IT개발팀	2026-01-22 15:19:00	\N	t	f	\N	erp 서비스 점검 안내	2026-01-22 15:16:03.465427	hamyoonsic	2026-01-22 15:16:03.465427	hamyoonsic	\N	t	2026-01-23 17:00:00	hamyoonsic@koreazinc.co.kr	\N	\N
19	고려아연 ERP 점검 안내	<p>1월 23일 20:00 ~ 21:00 까지 시스템 점검 일정 안내 드립니다.</p>	L2	SENT	1	\N	IT개발팀	2026-01-22 15:28:00	\N	t	f	\N	고려아연 ERP 점검 안내	2026-01-22 15:26:31.704307	hamyoonsic	2026-01-22 15:28:02.221573	admin	\N	f	\N	hamyoonsic@koreazinc.co.kr	\N	\N
20	1월24일 시스템 점검 공지	<p>1월 24일 시스템 점검 공지 안내 드립니다.</p>	L2	SENT	1	\N	IT개발팀	2026-01-22 08:30:00	\N	t	f	\N	1월24일 시스템 점검 공지	2026-01-22 15:34:29.680421	hamyoonsic	2026-01-22 15:34:35.608881	admin	\N	f	\N	hamyoonsic@koreazinc.co.kr	\N	\N
21	1월 30 고려아연 ERP 서비스 점검 안내 	<p>1월 30일 20:00 부터 22:00 까지 서비스 점검으로 해당 서비스 이용이 불가능 합니다.&nbsp;</p><p>&nbsp;</p><p>업무에 참조 바랍니다.</p>	L2	SENT	1	\N	IT개발팀	2026-01-22 08:30:00	\N	t	f	\N	1월 30 고려아연 ERP 서비스 점검 안내 	2026-01-22 15:43:09.641662	hamyoonsic	2026-01-22 16:50:54.875076	admin	\N	f	\N	hamyoonsic@koreazinc.co.kr	\N	\N
16	[테스트] 고려아연 ERP 점검 안내	<p>제목이 곧 내용입니다.</p>	L2	SENT	1	\N	IT개발팀	2026-01-22 17:30:00	\N	t	f	\N	[테스트] 고려아연 ERP 점검 안내	2026-01-22 14:47:48.697715	yeon99	2026-01-22 17:30:01.391189	admin	\N	f	\N	yeon99@koreazinc.co.kr	\N	\N
22	캘린더 등록 이벤트 	<p>캘린더 등록 이벤트 테스트</p>	L2	PENDING	1	\N	IT개발팀	2026-01-26 08:30:00	\N	f	f	\N	캘린더 등록 이벤트 	2026-01-26 15:21:29.550648	hamyoonsic	2026-01-26 15:21:29.550648	hamyoonsic	\N	t	2026-01-27 17:30:00	hamyoonsic@koreazinc.co.kr	\N	\N
23	1월 27일 캘린더 등록 	<p>1월 27일 캘린더 등록 테스트</p>	L2	PENDING	1	\N	IT개발팀	2026-01-26 08:30:00	\N	f	f	\N	1월 27일 캘린더 등록 	2026-01-26 15:27:58.603988	hamyoonsic	2026-01-26 15:27:58.603988	hamyoonsic	\N	t	2026-01-27 17:30:00	hamyoonsic@koreazinc.co.kr	\N	\N
24	템플릿 테스트 	<p>안녕하세요.</p><p>전산실에서 알려드립니다.</p><p>&nbsp;</p><p>금일 웹방화벽 시스템 보안강화를 위한 작업이 진행됨에 따라 아래와 같이 안내 드립니다.</p><p>긴급으로 처리되는 건이라 공지가 늦어진 점 양해 부탁드립니다.</p><p>&nbsp;</p><figure class="table"><table><tbody><tr><td><strong>구분</strong>&nbsp;</td><td>시스템 보안 강화</td></tr><tr><td><strong>대상시스템</strong>&nbsp;</td><td>웹방화벽</td></tr><tr><td><strong>일정</strong>&nbsp;</td><td>2029.01.21 17:50 ~ 18:10</td></tr><tr><td><strong>내용</strong>&nbsp;</td><td><p>&nbsp;</p><ul><li>목적 : 웹방화벽 시스템 애플리케이션 서버 IP 추가 작업</li></ul><p>&nbsp;</p><p>상기 일정에 따라 작업이 진행될 예정이며 <strong>작업 도중 일시적인 메신저 서비스의 순단 현상이</strong></p><p>발생할 수 있으므로 업무에 참고하여 주시기 바랍니다.(작업은 예정된 시간보다 빨리 끝날 수 있습니다.)</p><p><strong>&nbsp;</strong></p></td></tr><tr><td><strong>담당자</strong>&nbsp;</td><td>서린정보기술 ITH 2팀 함윤식</td></tr></tbody></table></figure><p>업무에 불편함을 드려 죄송합니다.</p><p>&nbsp;</p><p>감사합니다.</p>	L2	SENT	1	\N	IT개발팀	2026-01-26 08:30:00	\N	t	f	\N	템플릿 테스트 	2026-01-26 17:43:09.329837	hamyoonsic	2026-01-26 17:43:27.111022	hamyoonsic	\N	f	\N	hamyoonsic@koreazinc.co.kr	\N	\N
25	템플릿 테스트3	<p style="text-align:justify;"><span style="color:inherit;font-size:12pt;">안녕하십니까?&nbsp;전산실에서 알려드립니다.&nbsp;</span></p><p style="text-align:justify;"><span style="color:inherit;font-size:12pt;">&nbsp;</span></p><p style="text-align:justify;"><span style="color:inherit;font-size:12pt;">시스템&nbsp;점검 작업이 완료 되었습니다</span></p><p style="text-align:justify;"><span style="color:inherit;font-size:12pt;">&nbsp;</span></p><p style="text-align:justify;"><span style="color:inherit;font-size:12pt;">감사합니다..&nbsp;</span></p><p style="text-align:justify;"><span style="color:inherit;">&nbsp;</span></p><figure class="table" style="width:522.15pt;"><table style="background-color:rgb(255, 255, 255);"><tbody><tr><td style="background-color:rgb(180, 198, 231);border-color:black;border-width:1pt;padding:0cm;width:89.25pt;"><p style="text-align:center;"><span style="color:black;font-size:12pt;"><strong>구분</strong>&nbsp;</span></p></td><td style="border-bottom:1pt solid black;border-left-style:none;border-right:1pt solid black;border-top:1pt solid black;padding:0cm;vertical-align:top;width:432.9pt;"><p style="text-align:justify;"><span style="color:inherit;font-size:12pt;">SORCLE 시스템 점검 작업</span></p></td></tr><tr><td style="background-color:rgb(180, 198, 231);border-bottom:1pt solid black;border-left:1pt solid black;border-right:1pt solid black;border-top-style:none;padding:0cm;width:89.25pt;"><p style="text-align:center;"><span style="color:black;font-size:12pt;"><strong>대상시스템</strong>&nbsp;</span></p></td><td style="border-bottom:1pt solid black;border-left-style:none;border-right:1pt solid black;border-top-style:none;padding:0cm;vertical-align:top;width:432.9pt;"><p style="text-align:justify;"><span style="color:inherit;font-size:12pt;">ERP 및 홈페이지 등</span></p></td></tr><tr><td style="background-color:rgb(180, 198, 231);border-bottom:1pt solid black;border-left:1pt solid black;border-right:1pt solid black;border-top-style:none;padding:0cm;width:89.25pt;"><p style="text-align:center;"><span style="color:black;font-size:12pt;"><strong>일정</strong>&nbsp;</span></p></td><td style="border-bottom:1pt solid black;border-left-style:none;border-right:1pt solid black;border-top-style:none;padding:0cm;vertical-align:top;width:432.9pt;"><p style="text-align:justify;"><span style="color:inherit;font-size:12pt;"><strong>2026.01.16 (금) 18:00 ~ 2026.01.17 (토) 08:30&nbsp;</strong></span></p></td></tr><tr><td style="background-color:rgb(180, 198, 231);border-bottom:1pt solid black;border-left:1pt solid black;border-right:1pt solid black;border-top-style:none;padding:0cm;width:89.25pt;"><p style="text-align:center;"><span style="color:black;font-size:12pt;"><strong>사유</strong>&nbsp;</span></p></td><td style="border-bottom:1pt solid black;border-left-style:none;border-right:1pt solid black;border-top-style:none;padding:0cm;vertical-align:top;width:432.9pt;"><p style="text-align:justify;"><span style="color:inherit;">&nbsp;</span></p><p style="text-align:justify;"><span style="background-color:yellow;color:inherit;font-size:12pt;"><strong>SORCLE 업데이트 및 유지보수 작업 완료</strong></span><span style="color:inherit;font-size:12pt;"><strong>&nbsp;</strong></span></p><p style="text-align:justify;"><span style="color:inherit;font-size:12pt;">&nbsp;</span></p><p style="text-align:justify;"><span style="color:black;font-size:11pt;"><strong>ERP 및 홈페이지 이용이 가능합니다</strong></span><span style="color:inherit;font-size:11pt;"><strong>.</strong></span></p><p style="text-align:justify;"><span style="color:inherit;font-size:12pt;">&nbsp;</span></p></td></tr><tr><td style="background-color:rgb(180, 198, 231);border-bottom:1pt solid black;border-left:1pt solid black;border-right:1pt solid black;border-top-style:none;height:47.1pt;padding:0cm;width:89.25pt;"><p style="text-align:center;"><span style="color:black;font-size:12pt;"><strong>담당자</strong>&nbsp;</span></p></td><td style="border-bottom:1pt solid black;border-left-style:none;border-right:1pt solid black;border-top-style:none;height:47.1pt;padding:0cm;vertical-align:top;width:432.9pt;">김윤식</td></tr></tbody></table></figure><p><br>&nbsp;</p>	L2	SENT	1	\N	IT개발팀	2026-01-26 08:30:00	\N	t	f	\N	템플릿 테스트3	2026-01-26 19:24:29.705324	hamyoonsic	2026-01-26 19:24:36.942813	hamyoonsic	\N	f	\N	hamyoonsic@koreazinc.co.kr	\N	\N
26	템플릿 테스트4	<p><span style="color:inherit;font-size:10pt;">안녕하세요.</span></p><p><span style="color:inherit;font-size:10pt;">전산실에서 알려드립니다.</span></p><p><span style="color:inherit;font-size:10pt;">&nbsp;</span></p><p><span style="color:inherit;font-size:10pt;">금일 웹방화벽 시스템 보안강화를 위한 작업이 진행됨에 따라 아래와 같이 안내 드립니다.</span></p><p><span style="color:inherit;font-size:10pt;">긴급으로 처리되는 건이라 공지가 늦어진 점 양해 부탁드립니다.</span></p><p><span style="color:inherit;font-size:10pt;">&nbsp;</span></p><figure class="table" style="float:left;width:609.25pt;"><table style="background-color:rgb(255, 255, 255);"><tbody><tr><td style="background-color:rgb(180, 198, 231) !important;border-color:windowtext;border-width:1pt;height:22.15pt;padding:0cm;width:99.15pt;"><p style="text-align:center;"><span style="color:black!important;font-size:10pt;"><strong>구분</strong>&nbsp;</span></p></td><td style="border-bottom:1pt solid windowtext;border-left-style:none;border-right:1pt solid windowtext;border-top:1pt solid windowtext;height:22.15pt;padding:0cm;vertical-align:top;width:510.1pt;"><span style="color:inherit;font-size:10pt;">시스템 보안 강화</span></td></tr><tr><td style="background-color:rgb(180, 198, 231) !important;border-bottom:1pt solid windowtext;border-left:1pt solid windowtext;border-right:1pt solid windowtext;border-top-style:none;height:21.55pt;padding:0cm;width:99.15pt;"><p style="text-align:center;"><span style="color:black!important;font-size:10pt;"><strong>대상시스템</strong>&nbsp;</span></p></td><td style="border-bottom:1pt solid windowtext;border-left-style:none;border-right:1pt solid windowtext;border-top-style:none;height:21.55pt;padding:0cm;vertical-align:top;width:510.1pt;"><span style="color:inherit;font-size:10pt;">웹방화벽</span></td></tr><tr><td style="background-color:rgb(180, 198, 231) !important;border-bottom:1pt solid windowtext;border-left:1pt solid windowtext;border-right:1pt solid windowtext;border-top-style:none;height:22.15pt;padding:0cm;width:99.15pt;"><p style="text-align:center;"><span style="color:black!important;font-size:10pt;"><strong>일정</strong>&nbsp;</span></p></td><td style="border-bottom:1pt solid windowtext;border-left-style:none;border-right:1pt solid windowtext;border-top-style:none;height:22.15pt;padding:0cm;vertical-align:top;width:510.1pt;"><span style="color:inherit;font-size:10pt;">2026.01.21 17:50 ~ 18:10</span></td></tr><tr><td style="background-color:rgb(180, 198, 231) !important;border-bottom:1pt solid windowtext;border-left:1pt solid windowtext;border-right:1pt solid windowtext;border-top-style:none;height:114.2pt;padding:0cm;width:99.15pt;"><p style="text-align:center;"><span style="color:black!important;font-size:10pt;"><strong>내용</strong>&nbsp;</span></p></td><td style="border-bottom:1pt solid windowtext;border-left-style:none;border-right:1pt solid windowtext;border-top-style:none;height:114.2pt;padding:0cm;vertical-align:top;width:510.1pt;"><p><span style="color:inherit;">&nbsp;</span></p><ul><li>목적<span style="color:inherit;"> : </span>웹방화벽 시스템 애플리케이션 서버<span style="color:inherit;"> IP </span>추가 작업</li></ul><p><span style="color:red!important;font-size:10pt;">&nbsp;</span></p><p><span style="color:red!important;font-size:10pt;">상기 일정에 따라 작업이 진행될 예정이며 <strong>작업 도중 일시적인 메신저 서비스의 순단 현상이</strong></span></p><p><span style="color:red!important;font-size:10pt;">발생할 수 있으므로 업무에 참고하여 주시기 바랍니다</span><span style="color:inherit;font-size:10pt;">.(</span><span style="color:red!important;font-size:10pt;">작업은 예정된 시간보다 빨리 끝날 수 있습니다</span><span style="color:inherit;font-size:10pt;">.)</span></p><p><span style="color:red!important;font-size:10pt;"><strong>&nbsp;</strong></span></p></td></tr><tr><td style="background-color:rgb(180, 198, 231) !important;border-bottom:1pt solid windowtext;border-left:1pt solid windowtext;border-right:1pt solid windowtext;border-top-style:none;height:21.55pt;padding:0cm;width:99.15pt;"><p style="text-align:center;"><span style="color:black!important;font-size:10pt;"><strong>담당자</strong>&nbsp;</span></p></td><td style="border-bottom:1pt solid windowtext;border-left-style:none;border-right:1pt solid windowtext;border-top-style:none;height:21.55pt;padding:0cm;vertical-align:top;width:510.1pt;">&nbsp;</td></tr></tbody></table></figure><p><span style="color:inherit;font-size:10pt;">&nbsp;</span></p><p><span style="color:inherit;font-size:10pt;">&nbsp;</span></p><p><span style="color:inherit;font-size:10pt;">&nbsp;</span></p><p><span style="color:inherit;font-size:10pt;">&nbsp;</span></p><p><span style="color:inherit;font-size:10pt;">&nbsp;</span></p><p><span style="color:inherit;font-size:10pt;">&nbsp;</span></p><p><span style="color:inherit;font-size:10pt;">&nbsp;</span></p><p><span style="color:inherit;font-size:10pt;">&nbsp;</span></p><p><span style="color:inherit;font-size:10pt;">&nbsp;</span></p><p><span style="color:inherit;font-size:10pt;">&nbsp;</span></p><p><span style="color:inherit;font-size:10pt;">&nbsp;</span></p><p><span style="color:inherit;font-size:10pt;">&nbsp;</span></p><p><span style="color:inherit;font-size:10pt;">&nbsp;</span></p><p><span style="color:inherit;font-size:10pt;">&nbsp;</span></p><p><span style="color:inherit;font-size:10pt;">업무에 불편함을 드려 죄송합니다.</span></p><p><span style="color:inherit;font-size:10pt;">&nbsp;</span></p><p><span style="color:inherit;font-size:10pt;">감사합니다.</span></p>	L2	SENT	1	\N	IT개발팀	2026-01-26 08:30:00	\N	f	f	\N	템플릿 테스트4	2026-01-26 19:34:06.594897	hamyoonsic	2026-01-26 19:34:13.430151	hamyoonsic	\N	f	\N	hamyoonsic@koreazinc.co.kr	\N	\N
36	일반 공지	<p style="text-align:justify;"><span style="color:inherit;font-size:12pt;">안녕하십니까</span></p><p style="text-align:justify;"><span style="color:inherit;font-size:12pt;">전산실에서 알려드립니다.&nbsp;</span></p><p style="text-align:justify;"><span style="color:inherit;font-size:12pt;">&nbsp;</span></p><p style="text-align:justify;"><span style="color:inherit;font-size:12pt;">시스템&nbsp;점검 작업을 아래와 같이 </span><span style="color:red!important;font-size:12pt;"><strong>금일</strong></span><span style="color:inherit;font-size:12pt;"> 진행&nbsp;예정이오니,&nbsp;업무에 참고하시기 바랍니다.&nbsp;</span></p><p style="text-align:justify;">&nbsp;</p><p style="text-align:justify;"><span style="color:inherit;"><strong>* </strong></span><strong>점검 작업 시간과 관련하여 특이사항이 있으신 경우 하기 담당자들에게 연락 부탁드립니다</strong><span style="color:inherit;"><strong>.</strong></span></p><p style="text-align:justify;"><span style="color:inherit;">&nbsp;</span></p><figure class="table" style="width:522.15pt;"><table style="background-color:rgb(255, 255, 255);"><tbody><tr><td style="background-color:rgb(180, 198, 231) !important;border-color:black;border-width:1pt;padding:0cm;width:89.25pt;"><p style="text-align:center;"><span style="color:black!important;font-size:12pt;"><strong>구분</strong>&nbsp;</span></p></td><td style="border-bottom:1pt solid black;border-left-style:none;border-right:1pt solid black;border-top:1pt solid black;padding:0cm;vertical-align:top;width:432.9pt;"><p style="text-align:justify;">&nbsp;</p></td></tr><tr><td style="background-color:rgb(180, 198, 231) !important;border-bottom:1pt solid black;border-left:1pt solid black;border-right:1pt solid black;border-top-style:none;padding:0cm;width:89.25pt;"><p style="text-align:center;"><span style="color:black!important;font-size:12pt;"><strong>대상시스템</strong>&nbsp;</span></p></td><td style="border-bottom:1pt solid black;border-left-style:none;border-right:1pt solid black;border-top-style:none;padding:0cm;vertical-align:top;width:432.9pt;"><p style="text-align:justify;">&nbsp;</p></td></tr><tr><td style="background-color:rgb(180, 198, 231) !important;border-bottom:1pt solid black;border-left:1pt solid black;border-right:1pt solid black;border-top-style:none;padding:0cm;width:89.25pt;"><p style="text-align:center;"><span style="color:black!important;font-size:12pt;"><strong>일정</strong>&nbsp;</span></p></td><td style="border-bottom:1pt solid black;border-left-style:none;border-right:1pt solid black;border-top-style:none;padding:0cm;vertical-align:top;width:432.9pt;"><p style="text-align:justify;">&nbsp;</p></td></tr><tr><td style="background-color:rgb(180, 198, 231) !important;border-bottom:1pt solid black;border-left:1pt solid black;border-right:1pt solid black;border-top-style:none;padding:0cm;width:89.25pt;"><p style="text-align:center;"><span style="color:black!important;font-size:12pt;"><strong>사유</strong>&nbsp;</span></p></td><td style="border-bottom:1pt solid black;border-left-style:none;border-right:1pt solid black;border-top-style:none;padding:0cm;vertical-align:top;width:432.9pt;"><p style="text-align:justify;"><span style="color:inherit;">&nbsp;</span></p><p style="text-align:justify;">&nbsp;</p></td></tr><tr><td style="background-color:rgb(180, 198, 231) !important;border-bottom:1pt solid black;border-left:1pt solid black;border-right:1pt solid black;border-top-style:none;height:47.1pt;padding:0cm;width:89.25pt;"><p style="text-align:center;"><span style="color:black!important;font-size:12pt;"><strong>담당자</strong>&nbsp;</span></p></td><td style="border-bottom:1pt solid black;border-left-style:none;border-right:1pt solid black;border-top-style:none;height:47.1pt;padding:0cm;vertical-align:top;width:432.9pt;"><p style="text-align:justify;">&nbsp;</p></td></tr></tbody></table></figure><p>&nbsp;</p><p>감사합니다.<br>&nbsp;</p>	L1	SENT	1	\N	IT개발팀	2026-01-28 08:30:00	\N	f	f	\N	일반 공지	2026-01-27 16:13:53.970698	hamyoonsic	2026-01-27 16:14:01.1864	hamyoonsic	\N	f	\N	hamyoonsic@koreazinc.co.kr	\N	\N
37	[완료] 1월24일 시스템 점검 공지	<p style="text-align:justify;"><span style="color:inherit;font-size:12pt;">안녕하십니까</span></p><p style="text-align:justify;"><span style="color:inherit;font-size:12pt;">전산실에서 알려드립니다.&nbsp;</span></p><p style="text-align:justify;"><span style="color:inherit;font-size:12pt;">&nbsp;</span></p><p style="text-align:justify;"><span style="color:inherit;font-size:12pt;">시스템&nbsp;점검 작업을 아래와 같이 </span><span style="color:red!important;font-size:12pt;"><strong>금일</strong></span><span style="color:inherit;font-size:12pt;"> 진행&nbsp;예정이오니,&nbsp;업무에 참고하시기 바랍니다.&nbsp;</span></p><p style="text-align:justify;">&nbsp;</p><p style="text-align:justify;"><span style="color:inherit;"><strong>* </strong></span><strong>점검 작업 시간과 관련하여 특이사항이 있으신 경우 하기 담당자들에게 연락 부탁드립니다</strong><span style="color:inherit;"><strong>.</strong></span></p><p style="text-align:justify;"><span style="color:inherit;">&nbsp;</span></p><figure class="table" style="width:522.15pt;"><table style="background-color:rgb(255, 255, 255);"><tbody><tr><td style="background-color:rgb(180, 198, 231) !important;border-color:black;border-width:1pt;padding:0cm;width:89.25pt;"><p style="text-align:center;"><span style="color:black!important;font-size:12pt;"><strong>구분</strong>&nbsp;</span></p></td><td style="border-bottom:1pt solid black;border-left-style:none;border-right:1pt solid black;border-top:1pt solid black;padding:0cm;vertical-align:top;width:432.9pt;"><p style="text-align:justify;">&nbsp;</p></td></tr><tr><td style="background-color:rgb(180, 198, 231) !important;border-bottom:1pt solid black;border-left:1pt solid black;border-right:1pt solid black;border-top-style:none;padding:0cm;width:89.25pt;"><p style="text-align:center;"><span style="color:black!important;font-size:12pt;"><strong>대상시스템</strong>&nbsp;</span></p></td><td style="border-bottom:1pt solid black;border-left-style:none;border-right:1pt solid black;border-top-style:none;padding:0cm;vertical-align:top;width:432.9pt;"><p style="text-align:justify;">&nbsp;</p></td></tr><tr><td style="background-color:rgb(180, 198, 231) !important;border-bottom:1pt solid black;border-left:1pt solid black;border-right:1pt solid black;border-top-style:none;padding:0cm;width:89.25pt;"><p style="text-align:center;"><span style="color:black!important;font-size:12pt;"><strong>일정</strong>&nbsp;</span></p></td><td style="border-bottom:1pt solid black;border-left-style:none;border-right:1pt solid black;border-top-style:none;padding:0cm;vertical-align:top;width:432.9pt;"><p style="text-align:justify;">&nbsp;</p></td></tr><tr><td style="background-color:rgb(180, 198, 231) !important;border-bottom:1pt solid black;border-left:1pt solid black;border-right:1pt solid black;border-top-style:none;padding:0cm;width:89.25pt;"><p style="text-align:center;"><span style="color:black!important;font-size:12pt;"><strong>사유</strong>&nbsp;</span></p></td><td style="border-bottom:1pt solid black;border-left-style:none;border-right:1pt solid black;border-top-style:none;padding:0cm;vertical-align:top;width:432.9pt;"><p style="text-align:justify;"><span style="color:inherit;">&nbsp;</span></p><p style="text-align:justify;">&nbsp;</p></td></tr><tr><td style="background-color:rgb(180, 198, 231) !important;border-bottom:1pt solid black;border-left:1pt solid black;border-right:1pt solid black;border-top-style:none;height:47.1pt;padding:0cm;width:89.25pt;"><p style="text-align:center;"><span style="color:black!important;font-size:12pt;"><strong>담당자</strong>&nbsp;</span></p></td><td style="border-bottom:1pt solid black;border-left-style:none;border-right:1pt solid black;border-top-style:none;height:47.1pt;padding:0cm;vertical-align:top;width:432.9pt;"><p style="text-align:justify;">&nbsp;</p></td></tr></tbody></table></figure><p>&nbsp;</p><p>감사합니다.<br>&nbsp;</p>	L2	SENT	1	\N	IT개발팀	2026-01-30 08:30:00	\N	f	f	\N	[완료] 1월24일 시스템 점검 공지	2026-01-27 16:14:35.25232	hamyoonsic	2026-01-27 16:14:40.781383	hamyoonsic	\N	f	\N	hamyoonsic@koreazinc.co.kr	\N	\N
27	템플릿 테스트	<p><span style="color:inherit;font-size:10pt;">안녕하세요.</span></p><p><span style="color:inherit;font-size:10pt;">전산실에서 알려드립니다.</span></p><p><span style="color:inherit;font-size:10pt;">&nbsp;</span></p><p><span style="color:inherit;font-size:10pt;">금일 웹방화벽 시스템 보안강화를 위한 작업이 진행됨에 따라 아래와 같이 안내 드립니다.</span></p><p><span style="color:inherit;font-size:10pt;">긴급으로 처리되는 건이라 공지가 늦어진 점 양해 부탁드립니다.</span></p><p><span style="color:inherit;font-size:10pt;">&nbsp;</span></p><figure class="table" style="float:left;width:609.25pt;"><table style="background-color:rgb(255, 255, 255);"><tbody><tr><td style="background-color:rgb(180, 198, 231) !important;border-color:windowtext;border-width:1pt;height:22.15pt;padding:0cm;width:99.15pt;"><p style="text-align:center;"><span style="color:black!important;font-size:10pt;"><strong>구분</strong>&nbsp;</span></p></td><td style="border-bottom:1pt solid windowtext;border-left-style:none;border-right:1pt solid windowtext;border-top:1pt solid windowtext;height:22.15pt;padding:0cm;vertical-align:top;width:510.1pt;"><span style="color:inherit;font-size:10pt;">시스템 보안 강화</span></td></tr><tr><td style="background-color:rgb(180, 198, 231) !important;border-bottom:1pt solid windowtext;border-left:1pt solid windowtext;border-right:1pt solid windowtext;border-top-style:none;height:21.55pt;padding:0cm;width:99.15pt;"><p style="text-align:center;"><span style="color:black!important;font-size:10pt;"><strong>대상시스템</strong>&nbsp;</span></p></td><td style="border-bottom:1pt solid windowtext;border-left-style:none;border-right:1pt solid windowtext;border-top-style:none;height:21.55pt;padding:0cm;vertical-align:top;width:510.1pt;"><span style="color:inherit;font-size:10pt;">웹방화벽</span></td></tr><tr><td style="background-color:rgb(180, 198, 231) !important;border-bottom:1pt solid windowtext;border-left:1pt solid windowtext;border-right:1pt solid windowtext;border-top-style:none;height:22.15pt;padding:0cm;width:99.15pt;"><p style="text-align:center;"><span style="color:black!important;font-size:10pt;"><strong>일정</strong>&nbsp;</span></p></td><td style="border-bottom:1pt solid windowtext;border-left-style:none;border-right:1pt solid windowtext;border-top-style:none;height:22.15pt;padding:0cm;vertical-align:top;width:510.1pt;"><span style="color:inherit;font-size:10pt;">2026.01.21 17:50 ~ 18:10</span></td></tr><tr><td style="background-color:rgb(180, 198, 231) !important;border-bottom:1pt solid windowtext;border-left:1pt solid windowtext;border-right:1pt solid windowtext;border-top-style:none;height:114.2pt;padding:0cm;width:99.15pt;"><p style="text-align:center;"><span style="color:black!important;font-size:10pt;"><strong>내용</strong>&nbsp;</span></p></td><td style="border-bottom:1pt solid windowtext;border-left-style:none;border-right:1pt solid windowtext;border-top-style:none;height:114.2pt;padding:0cm;vertical-align:top;width:510.1pt;"><p><span style="color:inherit;">&nbsp;</span></p><ul><li>목적<span style="color:inherit;"> : </span>웹방화벽 시스템 애플리케이션 서버<span style="color:inherit;"> IP </span>추가 작업</li></ul><p><span style="color:red!important;font-size:10pt;">&nbsp;</span></p><p><span style="color:red!important;font-size:10pt;">상기 일정에 따라 작업이 진행될 예정이며 <strong>작업 도중 일시적인 메신저 서비스의 순단 현상이</strong></span></p><p><span style="color:red!important;font-size:10pt;">발생할 수 있으므로 업무에 참고하여 주시기 바랍니다</span><span style="color:inherit;font-size:10pt;">.(</span><span style="color:red!important;font-size:10pt;">작업은 예정된 시간보다 빨리 끝날 수 있습니다</span><span style="color:inherit;font-size:10pt;">.)</span></p><p><span style="color:red!important;font-size:10pt;"><strong>&nbsp;</strong></span></p></td></tr><tr><td style="background-color:rgb(180, 198, 231) !important;border-bottom:1pt solid windowtext;border-left:1pt solid windowtext;border-right:1pt solid windowtext;border-top-style:none;height:21.55pt;padding:0cm;width:99.15pt;"><p style="text-align:center;"><span style="color:black!important;font-size:10pt;"><strong>담당자</strong>&nbsp;</span></p></td><td style="border-bottom:1pt solid windowtext;border-left-style:none;border-right:1pt solid windowtext;border-top-style:none;height:21.55pt;padding:0cm;vertical-align:top;width:510.1pt;">&nbsp;</td></tr></tbody></table></figure><p><span style="color:inherit;font-size:10pt;">&nbsp;</span></p><p><span style="color:inherit;font-size:10pt;">&nbsp;</span></p><p><span style="color:inherit;font-size:10pt;">&nbsp;</span></p><p><span style="color:inherit;font-size:10pt;">&nbsp;</span></p><p><span style="color:inherit;font-size:10pt;">&nbsp;</span></p><p><span style="color:inherit;font-size:10pt;">&nbsp;</span></p><p><span style="color:inherit;font-size:10pt;">&nbsp;</span></p><p><span style="color:inherit;font-size:10pt;">&nbsp;</span></p><p><span style="color:inherit;font-size:10pt;">&nbsp;</span></p><p><span style="color:inherit;font-size:10pt;">&nbsp;</span></p><p><span style="color:inherit;font-size:10pt;">&nbsp;</span></p><p><span style="color:inherit;font-size:10pt;">&nbsp;</span></p><p><span style="color:inherit;font-size:10pt;">&nbsp;</span></p><p><span style="color:inherit;font-size:10pt;">&nbsp;</span></p><p><span style="color:inherit;font-size:10pt;">업무에 불편함을 드려 죄송합니다.</span></p><p><span style="color:inherit;font-size:10pt;">&nbsp;</span></p><p><span style="color:inherit;font-size:10pt;">감사합니다.</span></p>	L2	SENT	1	\N	IT개발팀	2026-01-26 08:30:00	\N	t	f	\N	템플릿 테스트	2026-01-26 19:44:55.931273	hamyoonsic	2026-01-26 19:45:01.670944	hamyoonsic	\N	f	\N	hamyoonsic@koreazinc.co.kr	\N	\N
28	템플릿 테스트6	<p><span style="color:inherit;font-size:10pt;">안녕하세요.</span></p><p><span style="color:inherit;font-size:10pt;">전산실에서 알려드립니다.</span></p><p><span style="color:inherit;font-size:10pt;">&nbsp;</span></p><p><span style="color:inherit;font-size:10pt;">금일 웹방화벽 시스템 보안강화를 위한 작업이 진행됨에 따라 아래와 같이 안내 드립니다.</span></p><p><span style="color:inherit;font-size:10pt;">긴급으로 처리되는 건이라 공지가 늦어진 점 양해 부탁드립니다.</span></p><p><span style="color:inherit;font-size:10pt;">&nbsp;</span></p><figure class="table" style="float:left;width:609.25pt;"><table style="background-color:rgb(255, 255, 255);"><tbody><tr><td style="background-color:rgb(180, 198, 231) !important;border-color:windowtext;border-width:1pt;height:22.15pt;padding:0cm;width:99.15pt;"><p style="text-align:center;"><span style="color:black!important;font-size:10pt;"><strong>구분</strong>&nbsp;</span></p></td><td style="border-bottom:1pt solid windowtext;border-left-style:none;border-right:1pt solid windowtext;border-top:1pt solid windowtext;height:22.15pt;padding:0cm;vertical-align:top;width:510.1pt;"><span style="color:inherit;font-size:10pt;">시스템 보안 강화</span></td></tr><tr><td style="background-color:rgb(180, 198, 231) !important;border-bottom:1pt solid windowtext;border-left:1pt solid windowtext;border-right:1pt solid windowtext;border-top-style:none;height:21.55pt;padding:0cm;width:99.15pt;"><p style="text-align:center;"><span style="color:black!important;font-size:10pt;"><strong>대상시스템</strong>&nbsp;</span></p></td><td style="border-bottom:1pt solid windowtext;border-left-style:none;border-right:1pt solid windowtext;border-top-style:none;height:21.55pt;padding:0cm;vertical-align:top;width:510.1pt;"><span style="color:inherit;font-size:10pt;">웹방화벽</span></td></tr><tr><td style="background-color:rgb(180, 198, 231) !important;border-bottom:1pt solid windowtext;border-left:1pt solid windowtext;border-right:1pt solid windowtext;border-top-style:none;height:22.15pt;padding:0cm;width:99.15pt;"><p style="text-align:center;"><span style="color:black!important;font-size:10pt;"><strong>일정</strong>&nbsp;</span></p></td><td style="border-bottom:1pt solid windowtext;border-left-style:none;border-right:1pt solid windowtext;border-top-style:none;height:22.15pt;padding:0cm;vertical-align:top;width:510.1pt;"><span style="color:inherit;font-size:10pt;">2026.01.21 17:50 ~ 18:10</span></td></tr><tr><td style="background-color:rgb(180, 198, 231) !important;border-bottom:1pt solid windowtext;border-left:1pt solid windowtext;border-right:1pt solid windowtext;border-top-style:none;height:114.2pt;padding:0cm;width:99.15pt;"><p style="text-align:center;"><span style="color:black!important;font-size:10pt;"><strong>내용</strong>&nbsp;</span></p></td><td style="border-bottom:1pt solid windowtext;border-left-style:none;border-right:1pt solid windowtext;border-top-style:none;height:114.2pt;padding:0cm;vertical-align:top;width:510.1pt;"><p><span style="color:inherit;">&nbsp;</span></p><ul><li>목적<span style="color:inherit;"> : </span>웹방화벽 시스템 애플리케이션 서버<span style="color:inherit;"> IP </span>추가 작업</li></ul><p><span style="color:red!important;font-size:10pt;">&nbsp;</span></p><p><span style="color:red!important;font-size:10pt;">상기 일정에 따라 작업이 진행될 예정이며 <strong>작업 도중 일시적인 메신저 서비스의 순단 현상이</strong></span></p><p><span style="color:red!important;font-size:10pt;">발생할 수 있으므로 업무에 참고하여 주시기 바랍니다</span><span style="color:inherit;font-size:10pt;">.(</span><span style="color:red!important;font-size:10pt;">작업은 예정된 시간보다 빨리 끝날 수 있습니다</span><span style="color:inherit;font-size:10pt;">.)</span></p><p><span style="color:red!important;font-size:10pt;"><strong>&nbsp;</strong></span></p></td></tr><tr><td style="background-color:rgb(180, 198, 231) !important;border-bottom:1pt solid windowtext;border-left:1pt solid windowtext;border-right:1pt solid windowtext;border-top-style:none;height:21.55pt;padding:0cm;width:99.15pt;"><p style="text-align:center;"><span style="color:black!important;font-size:10pt;"><strong>담당자</strong>&nbsp;</span></p></td><td style="border-bottom:1pt solid windowtext;border-left-style:none;border-right:1pt solid windowtext;border-top-style:none;height:21.55pt;padding:0cm;vertical-align:top;width:510.1pt;">&nbsp;</td></tr></tbody></table></figure><p><span style="color:inherit;font-size:10pt;">&nbsp;</span></p><p><span style="color:inherit;font-size:10pt;">&nbsp;</span></p><p><span style="color:inherit;font-size:10pt;">&nbsp;</span></p><p><span style="color:inherit;font-size:10pt;">&nbsp;</span></p><p><span style="color:inherit;font-size:10pt;">&nbsp;</span></p><p><span style="color:inherit;font-size:10pt;">&nbsp;</span></p><p><span style="color:inherit;font-size:10pt;">&nbsp;</span></p><p><span style="color:inherit;font-size:10pt;">&nbsp;</span></p><p><span style="color:inherit;font-size:10pt;">&nbsp;</span></p><p><span style="color:inherit;font-size:10pt;">&nbsp;</span></p><p><span style="color:inherit;font-size:10pt;">&nbsp;</span></p><p><span style="color:inherit;font-size:10pt;">&nbsp;</span></p><p>&nbsp;</p><p><span style="color:inherit;font-size:10pt;">&nbsp;</span></p><p><span style="color:inherit;font-size:10pt;">업무에 불편함을 드려 죄송합니다.</span></p><p><span style="color:inherit;font-size:10pt;">&nbsp;</span></p><p><span style="color:inherit;font-size:10pt;">감사합니다.</span></p>	L2	SENT	1	\N	IT개발팀	2026-01-26 08:30:00	\N	t	f	\N	템플릿 테스트6	2026-01-26 19:49:22.251186	hamyoonsic	2026-01-26 19:49:28.647848	hamyoonsic	\N	f	\N	hamyoonsic@koreazinc.co.kr	\N	\N
29	템플릿 테스트 7	<p><span style="color:inherit;font-size:10pt;">안녕하세요.</span></p><p><span style="color:inherit;font-size:10pt;">전산실에서 알려드립니다.</span></p><p><span style="color:inherit;font-size:10pt;">&nbsp;</span></p><p><span style="color:inherit;font-size:10pt;">금일 웹방화벽 시스템 보안강화를 위한 작업이 진행됨에 따라 아래와 같이 안내 드립니다.</span></p><p><span style="color:inherit;font-size:10pt;">긴급으로 처리되는 건이라 공지가 늦어진 점 양해 부탁드립니다.</span></p><p><span style="color:inherit;font-size:10pt;">&nbsp;</span></p><figure class="table"><table style="background-color:rgb(255, 255, 255);"><tbody><tr><td style="background-color:rgb(180, 198, 231) !important;border-color:rgb(153, 153, 153);height:22.15pt;padding:4px;width:99.15pt;"><p style="text-align:center;"><span style="color:black!important;font-size:10pt;"><strong>구분</strong>&nbsp;</span></p></td><td style="border-color:rgb(153, 153, 153);height:22.15pt;padding:4px;vertical-align:top;width:510.1pt;"><span style="color:inherit;font-size:10pt;">시스템 보안 강화</span></td></tr><tr><td style="background-color:rgb(180, 198, 231) !important;border-color:rgb(153, 153, 153);height:21.55pt;padding:4px;width:99.15pt;"><p style="text-align:center;"><span style="color:black!important;font-size:10pt;"><strong>대상시스템</strong>&nbsp;</span></p></td><td style="border-color:rgb(153, 153, 153);height:21.55pt;padding:4px;vertical-align:top;width:510.1pt;"><span style="color:inherit;font-size:10pt;">웹방화벽</span></td></tr><tr><td style="background-color:rgb(180, 198, 231) !important;border-color:rgb(153, 153, 153);height:22.15pt;padding:4px;width:99.15pt;"><p style="text-align:center;"><span style="color:black!important;font-size:10pt;"><strong>일정</strong>&nbsp;</span></p></td><td style="border-color:rgb(153, 153, 153);height:22.15pt;padding:4px;vertical-align:top;width:510.1pt;"><span style="color:inherit;font-size:10pt;">2026.01.21 17:50 ~ 18:10</span></td></tr><tr><td style="background-color:rgb(180, 198, 231) !important;border-color:rgb(153, 153, 153);height:114.2pt;padding:4px;width:99.15pt;"><p style="text-align:center;"><span style="color:black!important;font-size:10pt;"><strong>내용</strong>&nbsp;</span></p></td><td style="border-color:rgb(153, 153, 153);height:114.2pt;padding:4px;vertical-align:top;width:510.1pt;"><p><span style="color:inherit;">&nbsp;</span></p><ul><li>목적<span style="color:inherit;"> : </span>웹방화벽 시스템 애플리케이션 서버<span style="color:inherit;"> IP </span>추가 작업</li></ul><p><span style="color:red!important;font-size:10pt;">&nbsp;</span></p><p><span style="color:red!important;font-size:10pt;">상기 일정에 따라 작업이 진행될 예정이며 <strong>작업 도중 일시적인 메신저 서비스의 순단 현상이</strong></span></p><p><span style="color:red!important;font-size:10pt;">발생할 수 있으므로 업무에 참고하여 주시기 바랍니다</span><span style="color:inherit;font-size:10pt;">.(</span><span style="color:red!important;font-size:10pt;">작업은 예정된 시간보다 빨리 끝날 수 있습니다</span><span style="color:inherit;font-size:10pt;">.)</span></p><p><span style="color:red!important;font-size:10pt;"><strong>&nbsp;</strong></span></p></td></tr><tr><td style="background-color:rgb(180, 198, 231) !important;border-color:rgb(153, 153, 153);height:21.55pt;padding:4px;width:99.15pt;"><p style="text-align:center;"><span style="color:black!important;font-size:10pt;"><strong>담당자</strong>&nbsp;</span></p></td><td style="border-color:rgb(153, 153, 153);height:21.55pt;padding:4px;vertical-align:top;width:510.1pt;">&nbsp;</td></tr></tbody></table></figure><p><span style="color:inherit;font-size:10pt;">&nbsp;</span></p><p>&nbsp;</p><p><span style="color:inherit;font-size:10pt;">업무에 불편함을 드려 죄송합니다.</span></p><p><span style="color:inherit;font-size:10pt;">&nbsp;</span></p><p><span style="color:inherit;font-size:10pt;">감사합니다.</span></p>	L2	SENT	1	\N	IT개발팀	2026-01-26 08:30:00	\N	t	f	\N	템플릿 테스트 7	2026-01-26 19:52:55.582822	hamyoonsic	2026-01-26 19:52:59.572968	hamyoonsic	\N	f	\N	hamyoonsic@koreazinc.co.kr	\N	\N
31	템플릿 테스트9	<p style="text-align:justify;"><span style="color:inherit;font-size:12pt;">안녕하십니까</span></p><p style="text-align:justify;"><span style="color:inherit;font-size:12pt;">전산실에서 알려드립니다.&nbsp;</span></p><p style="text-align:justify;"><span style="color:inherit;font-size:12pt;">&nbsp;</span></p><p style="text-align:justify;"><span style="color:inherit;font-size:12pt;">시스템&nbsp;점검 작업을 아래와 같이 </span><span style="color:red!important;font-size:12pt;"><strong>금일</strong></span><span style="color:inherit;font-size:12pt;"> 진행&nbsp;예정이오니,&nbsp;업무에 참고하시기 바랍니다.&nbsp;</span></p><p style="text-align:justify;">&nbsp;</p><p style="text-align:justify;"><span style="color:inherit;"><strong>* </strong></span><strong>점검 작업 시간과 관련하여 특이사항이 있으신 경우 하기 담당자들에게 연락 부탁드립니다</strong><span style="color:inherit;"><strong>.</strong></span></p><p style="text-align:justify;"><span style="color:inherit;">&nbsp;</span></p><figure class="table" style="width:522.15pt;"><table style="background-color:rgb(255, 255, 255);"><tbody><tr><td style="background-color:rgb(180, 198, 231) !important;border-color:black;border-width:1pt;padding:0cm;width:89.25pt;"><p style="text-align:center;"><span style="color:black!important;font-size:12pt;"><strong>구분</strong>&nbsp;</span></p></td><td style="border-bottom:1pt solid black;border-left-style:none;border-right:1pt solid black;border-top:1pt solid black;padding:0cm;vertical-align:top;width:432.9pt;"><p style="text-align:justify;">시스템 점검</p></td></tr><tr><td style="background-color:rgb(180, 198, 231) !important;border-bottom:1pt solid black;border-left:1pt solid black;border-right:1pt solid black;border-top-style:none;padding:0cm;width:89.25pt;"><p style="text-align:center;"><span style="color:black!important;font-size:12pt;"><strong>대상시스템</strong>&nbsp;</span></p></td><td style="border-bottom:1pt solid black;border-left-style:none;border-right:1pt solid black;border-top-style:none;padding:0cm;vertical-align:top;width:432.9pt;"><p style="text-align:justify;">ERP</p></td></tr><tr><td style="background-color:rgb(180, 198, 231) !important;border-bottom:1pt solid black;border-left:1pt solid black;border-right:1pt solid black;border-top-style:none;padding:0cm;width:89.25pt;"><p style="text-align:center;"><span style="color:black!important;font-size:12pt;"><strong>일정</strong>&nbsp;</span></p></td><td style="border-bottom:1pt solid black;border-left-style:none;border-right:1pt solid black;border-top-style:none;padding:0cm;vertical-align:top;width:432.9pt;"><p style="text-align:justify;">2026년 1월30일</p></td></tr><tr><td style="background-color:rgb(180, 198, 231) !important;border-bottom:1pt solid black;border-left:1pt solid black;border-right:1pt solid black;border-top-style:none;padding:0cm;width:89.25pt;"><p style="text-align:center;"><span style="color:black!important;font-size:12pt;"><strong>사유</strong>&nbsp;</span></p></td><td style="border-bottom:1pt solid black;border-left-style:none;border-right:1pt solid black;border-top-style:none;padding:0cm;vertical-align:top;width:432.9pt;"><p style="text-align:justify;"><span style="color:inherit;">&nbsp;</span></p><p style="text-align:justify;"><span style="color:inherit;">시스템점검</span></p></td></tr><tr><td style="background-color:rgb(180, 198, 231) !important;border-bottom:1pt solid black;border-left:1pt solid black;border-right:1pt solid black;border-top-style:none;height:47.1pt;padding:0cm;width:89.25pt;"><p style="text-align:center;"><span style="color:black!important;font-size:12pt;"><strong>담당자</strong>&nbsp;</span></p></td><td style="border-bottom:1pt solid black;border-left-style:none;border-right:1pt solid black;border-top-style:none;height:47.1pt;padding:0cm;vertical-align:top;width:432.9pt;"><p style="text-align:justify;">함윤식</p></td></tr></tbody></table></figure><p>&nbsp;</p><p>감사합니다.<br>&nbsp;</p><div class="notice-signature" data-signature-id="6"><p>&nbsp;</p><p>&nbsp;</p><p>&nbsp;</p><p><span style="background-color:white;color:black;font-size:11pt;"><img src="data:image/png;base64,iVBORw0KGgoAAAANSUhEUgAABNYAAAFjCAYAAADxSobeAAAACXBIWXMAAC4jAAAuIwF4pT92AAAgAElEQVR4nOzdeZwk6V3f+e9TM1iH8asKr9e3XYVtsDBHlziNkNw5jNhFM4gu+cQs2s4BjACBugaBOCTo7MU2YCymWkaIEWsmi8Ogl22mGoP8skGaLBAIhIyqAGOha7I4ZNbrNV22da138rd/xBOZEZEReUTGlRmft16hqcqM46mjszK/+XuenzMzAQAAAAAAAFjOVt0DAAAAAAAAANYRwRoAAAAAAACQA8EaAAAAAAAAkAPBGgAAAAAAAJADwRoAAAAAAACQA8EaAAAAAAAAkAPBGgAAAAAAAJADwRoAAAAAAACQA8EaAAAAAAAAkAPBGgAAAAAAAJADwRoAAAAAAACQA8EaAAAAAAAAkAPBGgAAAAAAAJADwRoAAAAAAACQA8EaAAAAAAAAkAPBGgAAAAAAAJADwRoAAAAAAACQA8EaAAAAAAAAkAPBGgAAAAAAAJADwRoAAAAAAACQA8EaAAAAAAAAkAPBGgAAAAAAAJADwRoAAAAAAACQA8EaAAAAAAAAkAPBGgAAAAAAAJADwRoAAAAAAACQA8EaAAAAAAAAkAPBGgAAAAAAAJADwRoAAAAAAACQA8EaAAAAAAAAkAPBGgAAAAAAAJADwRoAAAAAAACQA8EaAAAAAAAAkAPBGgAAAAAAAJADwRoAAAAAAACQA8EaAAAAAAAAkAPBGgAAAAAAAJADwRoAAAAAAACQA8EaAAAAAAAAkAPBGgAAAAAAAJADwRoAAAAAAACQA8EaAAAAAAAAkAPBGgAAAAAAAJADwRoAAAAAAACQA8EaAAAAAAAAkAPBGgAAAAAAAJADwRoAAAAAAACQA8EaAAAAAAAAkAPBGgAAAAAAAJADwRoAAAAAAACQA8EaAAAAAAAAkAPBGgAAAAAAAJADwRoAAAAAAACQA8EaAAAAAAAAkAPBGgAAAAAAAJADwRoAAAAAAACQA8EaAAAAAAAAkAPBGgAAAAAAAJDDvXUPAO32JT/23j1Je5I0kjr+5h2Z7Ud22xtJu7EDLfjPaOqMwR0jG99wLulu5POB/+9wJBtKunvy4o8/yzd6AAAAAADQZs7M5u8FrOBLfnwcnnVk2pG07z8fh2VTAVnk93L6PmXfJ4uGapP9EreNkieSLkemMycNJQ2fMp1JOvup6x8/nD4bAAAAAAAAwRoK9uIff+++guBsX9K+SVdjO2T8usUCssTvZFawljdUC461qX1c5POnTHKTfU5HCoI2mc5+uvuXqXADAAAAAAAEa8jvxT/+3h0F0zc7CoK0q8l9LPOTiTzVatOhWnBnMkRzCkKy6etFrpESqgXHWvxaNv74UtKZzAYj6eTfPPQsgjYAAAAAAFqIYA0Le/Eb3rcjs46kAwVh2u6s/ad+s1Irx5L7NKtaLRqqxT+36BguR6YTSSc/86XPOpm+IgAAAAAA2EQEa5jpxW94X0eTIO1KMviaZelqtdyhWnDnYtVq80O14NjMarXxWDPuuxyZnUg6edOXfQIhGwAAAAAAG4xgDTHX3/C+cHrngaSDkbQ9vrPMUC3l/EVXq6U0LCiiWi12nVF8GuulCyrZ+m/+8k8YTI8QAAAAAACsM4I1hGHagd+uhbfPqiabZZEpoPPOv0yoJqWEaKs3LEivSLPZlWzRYC36JZnZhaT+SOqf/r2/MpweHQAAAAAAWDcEay12/Q3vO5DUVSRMC82rJpulrIYFqfetUK0W/ZJmTQGNf75wtZrc+FiLfCxJOh2Z9X/+Kz6xPz1yAAAAAACwLgjWWub6G963L+lQQXXadtZ+61KtVkbDgvG15oRqi1SrpYRq431d0PTgSFL/LS/5xOH0qAEAAAAAQJMRrLVAZKrnoaQr8/ZvYrXaag0L4oMpoWFB5hTQtGAt3NdpEgKa7FhS/xde8kkDAQAAAACAtUCwtsEWrU5LKqRarSENC4JjK21YMGsK6Hj/aKjmImMcmc4lHb31Kz+pP/2VAAAAAACAJiFY20B+7bRDSVeXPbbSarXcoVpw52LVavNDteDY4qvVwn9bafsmqtWC20x6anLshaSjkdR/21d98l0BAAAAAIDGIVjbINff8L6upJ6k3bznqKtaraqGBXVWq6WFaolqtcgYLbz0pYKA7ehXvpqADQAAAACAJiFY2wBFBGoSDQtSK9KSVWcrNiyQJsFaWqgWnGdyTWfhf+1S0tFT0tG/e+mnELABAAAAANAABGtrrKhATaJhQR3VapYYX3C5tKBOcmZ6KrjG5Ug6knT0q19DwAYAAAAAQJ0I1tbQjEDtNPLxXUlni57TB0A7kvYjode+5jQ9WKRabRMbFgSfL1etNm8KaHCe1Gq1YMzR22SXIwsCtnd87RUCNgAAAAAAakCwtmauv+F9HUkdBaHZXUlnx3/nL5QarLz4x98bBG5h8Db5775Fg7cNqFZbtWFBEdVq8eq3WLXa+JzjfYM12A7PX3alLwAAAAAAUCmCNazkS8LQzYKgzW9Xwvs3sVptmSmg4f7LVKulTQGVYtVq46/pqUkodyHp8Ndu7J8IAAAAAABUgmANhfuSHxtXuHVGQXXdVUkrhWrSdIiWXq02P1QLji2+Wi1acZbcN61azZnGoVlatZqlTwGNdQ+dOlY6HZkO//3h/sLTgAEAAAAAQD4Ea6jEF//Yew9k1lEQtF3JCtWk/NVqySmg4T5hsNaEhgVp1WqjSAVdRsOC8TkzqtViX7n//PbI1PvNh5/N+msAAAAAAJSEYA2V++J/9p69kXQgqatw2mjFU0Bj17LsUG2RarUKGxZkVquFpwtDuuBr1eVIOnznw8/uCwAAAAAAFI5gDbX6on/2nj1ZELKNImuzTZTfsCD+eXnVarMaFvhLR849s2HB+GuZnHuyjw/VxuexoFvs4Tu/7lOZHgoAAAAAQIEI1tAYf/tH37OnoIqtK2m3SQ0LwiqwcP+yGxZI6dVqC0wBTQvWwvPc+q2Xf2pPAAAAAACgEARraKS//aPvOZCsOzJdi97etIYFYbBWVMOCtGq1BRoWJKeApoVq4XEXkrrv+vpPGwgAAAAAAKyEYA2N9jd/5N17kg4VVLFt11GttswU0HD/VarVwlBtfNuK1WqWfsxtM+u95xs+neYGAAAAAADkRLCGtfA3f+TdOyNTV0HIthveXme1WrRqLLnvpIpsMsZ51Wo2Ywpo+LVF9wuHski1WnieRBB3LlP3Pa/4dNZeAwAAAAAgB4K1Nff073n+nqS9jLvPPvx1P7txFUl//Yff3ZXUG/l12KKiwVoTGhakVavlaViwSLXayOJfU/T8acdE11573ys+vScAAAAAALAUgrWGefr3PH9H0r6CsGxPUvi5/Oe7acct4ULS0H88jHw88P9dmzDu4Iff1ZXUk/+ezJoCKvnQaU6otki1WlFTQMOgbl7DgujxearVsoI4WWwMp07Wfd83fsZQAAAAAABgIQRrNXrGI8/vKAjNwiDtapHnX/FHeyrprqQz+QDuw1/3s4OVB1WCgx9+V3dkOnLSdnhbFQ0Loued1bBAmg7GouecV62Wemxkn7RQLXr+aLAWfJiYJjoJ4C4ldYff9BknAgAAAAAAcxGsVeSZR8/fkdSJbFcWPbZhP6JzBUHbmYIqt7MPPVx/hdsX/tC7dlyw/tpNafWGBWEVWLh/FQ0LpOlqtYIbFmRVqyXXYLt98U2fcSgAAAAAADATwVqJ/vDR/R1JB/JBmsUmKjbPCr8KF/Ihm6TBhx7+2doWw7/2Q+/ae8p0JOlamdVqsxoWBKfzt1mxDQtGkess2rDAf3mp1Wpm8RBvNPmCT8108Nvf8pm1h6YAAAAAADQVwVrB/vDt5+8rqJw6UGRq4kwF/wwaEOBdahK0nXzwsPqg7YXHv9WR1B+Fa9ItUa22TMOCcP951WphEOYvHTn39BTQZarVRtHxLNewILNjaPi9caZLM+v8zis/i66hAAAAAACkIFgryEe/5v49M/VV6DppBQdk9QV4YdA2UBC0DQsdSIYXHv/WziicHmrxUE3KrmTLqlaz5HGRfSdVZJNQbVa1WtkNC5JhWXQKaPh1JaecJsM5f97LkXT4e6/8rL4AAAAAAEAMwVoBPvo193clPVbV9Yr/kVUe4F1IOpE0+MDhm0pfKP/B/m/tK6heC9a1K6haLW0KaFq1Wp6GBYtWqyXDwmWr1ZL7ySx2jsjU09vvf9Vnse4aAAAAAAARBGsr+iOvub8j6Yk8xzb9O19hgHdH0skHbvxsv+grRr2g/1s9md2Mr7M2v1qtqIYFVVWr5WxYkFatJotc06RjMx3+x2/9q6y7BgAAAACACNZW8kdec/+epDO5BddSW1TBP5Km/4Qjv4LHH7jxpm6Z13rBY+/cHwXVcrvLNiwIPo7vm9awQJoOxuLVb7Or1VZpWBA9zsZfx/xqtbRuotHratK04dzMOr//bZ9NuAYAAAAAaL2tugewzpxT3zltOwUBRHILkoocW+YF820ua8t/yvSvN6fImK5/9GvuP1rhVHP964eedSZpX9JxVqgWuz2jWk2angI6Odf0ddNCtfi5JkHd1LGJfdKkhWqKfJTWsCC6X/TMlggNE91Vr0ga/PFbb93JHAwAAAAAAC1BxVpO2//k/p6km3mOLfo7XviPsOimosuP72P/28veNCx4FFM+7wff2ZV0JGl7lYYF0qRabVbDguhti04BXaZaLTxPeEyyWm2RhgXhtSfnSJ9mOjJdjmSd/3zzOXQMBQAAAAC0FhVrOWx/7/0dOd1sSgXZlkvfMq8zb8u4ToUVeJUskv8zX/qsvqTOyOw8vC1ZrZaU1bAg9NR4v8ltyYq35BTQ8X4pY0xWq0X3CS8xmZ6aPM/0NNHoftHbkk0Pol/feN/4VNVtSYM/2vvF/ZRhAwAAAADQCgRrS9p57f07fgpoZjCVW8FzM9c4wKssrPmZL33WmaSOggYKM7uApnFKb1iQmD4Za1gQP35SrZbVBTR5f/RczibniR5jyfsTU0DHv6YpU2DD/7pIMBc9tyZf87akwcfcJFwDAAAAALQTwdqSnKznZLtOpqxty6VvuQOoFgZ4VXrTl33C3Td92SccjKRbs/ZLq1ZLq2qLTq92ibuT1WrJKaBp66hFw7DoFFBp+jyxcST2iV0vNt5wrPGGBbHjI9Vq0WuaaVuywfbNXyBcAwAAAAC0DsHaEv7o931uxzndyHv8rDAuz7bBAd5whavm9sSXfUJP0kMj2WURDQsWqVabOiZRHTZeky3l/Ml129Kq1WY1LEirVgu/vvG+kfFMvkaLfyxtyzT4I99GuAYAAAAAaBeCtSU46SisqCp0SmTBgdYGBHj9lX5QK3jzl39CX8HU0Mvo7aOUYGxWtVq0YUFoXrVaslFCdAposlotbY224Bz+v7FxTs7nEjsmq9XGd0fGbykBXPRYBWPZNrPBR3/rWwjXAAAAAACtQbC2oP/pdZ/bk9OVqqdEtjDAe+jya940yD+q1Q2+/K+cSeqMpPPo7ctUq0Ur3pzZuKnB5FzTzQii14nukyYMuJLVasmGBck12OLNGeLnSFarpU0hTalWi+63PTINnvkqwjUAAAAAQDs4S6nEQdwfe919O5KGChZrL4ylxiornbDJp9MCv2oP/cFL39wv+LK5Xf2B39yRNBiZXZGiwdOkWs3ZpBNoWrXaeCqn4lMys6rVog0LnGxmtVp4nuQU0HAfS+wXnidZrWaRtdUscY3x12TxJg0Wfp6+3/nI1Pl//8Hz7i7/XQcAAAAAYH1QsbYAPwV0O6uyLP95i634ci59y1syV3EFXqNCNUk6/Xt/5e7IrCPpPFqtFhWGarGOoIn12ZJTQMf7zbh2WkXbog0Lktea1bAgGqpFz5dsWBA9V3Czpe7nr3FF0uCjXvnzOzO+RAAAAAAA1h7B2hz/8/ffty+n61UGUC0L8C6d04v+y1c3K1QL/fxXfOJdJ3VGFkwLjVarxcK0xPTJWQ0LomunSenVatH7o+dKTu1ctGHB+PcnY720sEIutrZa9P7YFNAwUJvslzJV9IqsvrXyAAAAAACoAsHaHL5aLV9mlBG4NaWCrAEB3qWTdf6fr3rzyQqXLd3PfcUn3lXQ0OB8VsMCSbkbFkRlTQGV0qvV0hoWKLFfNJxLNiwIf+bZU0CT15quVgs+j670Jo1k1+755p87ShkWAAAAAAAbgTXWZvgTj3Y6kp7Iut9slRiqfIX/ZIs94aVJnf/8VU+cFXrWEj3v0X+/M5INJF2JB1vxwCoaYqWtreaUXa02XpNtxtpqWceE651lrcEWXVstet5otVpsiuj467FYEDiKXCttvzB7G032fci+86/1F/omAwAAAACwRgjWZviTj943kHR12eOs4ARqAwO8S0md//sr1ydUC33Oo7+x40yDp4J1xAppWBBd42zRhgWSIkFYMnibnD88z6yGBSN/jkUaFoRTPRdubDBJ9Z5t33l17X7eQF7OuSNJpXXItWD9R6wZ59y+pDIreftm1i/x/KiAc25Q4unPzOywxPMDqBiPGfXw3/els4JFWdNDAMTcW/cAmurPvv6+zlbufyjp/waSi9cvfLaMf1JNCfCWPOpSUuc/rWGoJkm/8JJPuvvZ3/8bHUkD+XBNUqxhgdMkVEtK+1658X9Tpplqcl5JsVAt/CgWvPmKsbACLbaOmr/WeD02xavVZjUsCK81mrNfZNfItU2STtw3nu7bd12lUyjaYl8lPtnC2tpRub8XgxLPjerw2AFgGTxmADVjjbVsvawulnm3ezO2LeXb7pFL3fL+L7trZ3bDgiW3S+dsbUO10Fu/8pPuSuqY2aUUD6+SDQuSVWaLNCyIVqsF5/TnntGwIPxvcsqp3zF2f3TM8xoWRE+RbFgQ3W8csPlqtVFyJ9OupEavpQcAAAAAwLII1lL8+R/odLacXd1ypmW2vFoS4F06uc7/9ZLBWodqoTBck3QZrVaTshsWzKrsi3bvDI/LqlaLSu4T3W+66UC8YcF0l8+MKrRw0bSU/WLXmPog8YnZVfeKAaXkAAAAAICNwVTQFPdI3VzHZYRrT60ymBSjnFM2twqepZ2VyqYEQJeSOu9/yXpXqiX90ld98tlnvu7XD5z0RLTCLCqsCJNmV6uFDQ3G00Ija6tZyjGWqEKLVquZoiHXZExhoJacAprWVTRWhZaoQDMlpofOr1aLfvyI+4YnBvbd923U7wKwycpeQ2TN3Gdmg7oHUTfn3I5KXENwE/B7AgBAexCsJfzF/7Ozt+V0PXl7WrXQou5ZZUBp51uvAO9SUud3v2KzQrXQ277qkwef9X2//pCkx6TsarU8DQvC/ZKiQVjyJxT9PQ3Pk1atNj4+EdxNVaElqtosFtQlp4rarGq16Kcn7uuf2Ld/fB/rrbWIc66joMqzFGbWK+vcAKbsa0bXdEhaegnadvINPXbKOv86Bpx8TwBg/RCsJWxlVKtlVXvlbUgwS94Qr4EB3qWkzm//vc2Y/pnll7/6k/uf+dpf6zyleCA7Xr8s5ZhZDQtClgjjIjFWcOycarV4BVp6tVraFFLNqFaL75fRsCAydTSW7E1GtSupJ4lpoe3SkXSzxPP3Sjw3AKAcRyq3InYdA06+JwCwZgjWpizXTjh7kbr8f7OqCvFKDvAuJXWe3PBQLfS2l35K99Ne+2v7znRlXsOCeLXadMOCaCVZdCppcA7/X01+w5INCyyy4zLVasG54lVo4c5p1WrJKaDjE0uLfHzDvfzNJ/bqzx0IAAAArcF08pihmQ3rHgSA1RCsRTzrn17t3uO0XczZMqq9VphSWnSIV2KAdymp894vb0eoFnKmg5F0Jk1+hxapVovuk5wCOprKqybBW1itFl3zLFaB5s89Xo9NKdVqGQ0LwmuNZuwXG1dsCmliCmj27X338jfv26s/lymhAAAA7cF08olbouoeWHt0BY3Ycuou2nkzr3tcGZulblK+bStzW6iL6OVWC0M1SXr713zKUFJ3VrXaODhL3B9tfhDOwA2Dt3FhWPL+yBTQYP/xjrH7w/OH57TIOeLTRePVasmGBdH9lmxYEP94ErbtyparEAUAAAAAoEkI1rxP+sGre1vS1QXDI93r0rdFg7myAzyplgDvUrLOu1sYqoV+9Ws+5WRkui3NriOMhmFh6JVVrRaV3Ce6X1rTgegU0FhVWmSnaMOCkYU3W8Z+0dq5BRoWRG9Pr9a86R5+017qPQAAAADQTExnxhjBmnePs248LMpn0WCuaQFeAVV4l/c4dd795aetDdVC7/jaK4eSzhetVpOmq9WSx1iiCi1ZrTaZkhldB82fW/EpoNF12hZpWBDfT7FqtfF1ZlarZYRtk4/7AgAAAIA14NcJLGgJKWwCgrWJbvSTrOqsore8ig7wCgjxuu/8MkK10Mh0IOky2rDA3y4ny2xYkLa+XTQIS7nOWBjOJavVxufRdHAXHVv02PD2WY0NxtVqkUAutkNW2Kbk7XbVHf5sJ2MPAAAAAGiSg5LPf1Hy+VEwgjVJz37sr+1vSburhFJ5NT3A02Jf/0O/+aWnJytdZMOcv+zKUJGFSN34v9k/i/GU0ES1WvjRvGq1WI6V0rAgeg1pdrVaejMDP1U0MqyphgXxNdQ0s1ot/q3oCwAAAACar+x1ooclnx8FI1iTlmpakLVlVnup2C2vEkO7h37jS0/7KwxtY52/7MqRpNPkmmlZ1WrSdACWrFaLhmojm25YkKw4C8+ZXa2WrEKbXCy530oNC6LS117bdTd+pisAAAAAaCjn3IGkKyVfhplga4ZgTdKWdFBWoFX0OmhVBXgLfs0PnT/0c/0Vvj1t0HXSpZTSvVPZDQtcZI+0aaKzGhYkq9XGx0R2Sq9Is9T9ktNJ4x8kPlmkWi16l8Xu7wkAAAAAGsivrdav4FIEa2um9cHaZx4/b98523XONGvLqthqSkVaGc0M5oR4twnV5vu1G/tDSb1kw4KwWk2arlabZE2J+xNTQJPVauF5w/9GGxaMq9UiY5tZrRb7KlasVktvWDB1FZl23cv+bVcAAAAA0DwnqqZpQc9XxmFNtD5Yu9eps0rFV1bgNi+oW9cAT5K2nI7f8dDPlT2vfGP8+o39Iyc7TZsCKk1Xq0nTU0AXrVYLGxaEoVvs+JQqtJGFN2dVq8VXehs3LIjdmhhEeHvWcnKWuD9ezdbLOAoAAAAAauGc60u6WtHldiU97pw7cc7tVXRNrKD1wZp8N9CmT9lsUIB3/O+6P9et6oezQVKDyOS6Z/EYa37DgrRqtWTDgmhIN6thgVL3izQsiAZ6WVVplrhzdsOC+DmC/9t1X0vVGgAAAID6Oed2fKh2vYbLX5P0pHPuyE9DRUO1Olh77g89b2dLurLOUzYrDvDOnTMq1XL4jcNnnznpVrJhwShl32S1mhSvMMtqWBBWq43vVlbDgulrhR0+sxobhFNAgxAtcuMi00GnPk9Uq02HdD0BAAAAQI18tdhA9YRqUTckDZ1zPQK2Zmp1sHaPs46clGfLDLvUjCmbJQR45/c6dd52/efvrjCstjuSb2QgRTt/TlerRYO3rI6haedIVqulNyyYrlZLm2oafhzN0Sb7LbBuWtbU0NQpoLGAbdd9zb9hTQEAAAAAtfBrnJ2p/A6gi9qWdFOTgG2v3uEgqtXB2pZ08FEypW335N0yKr7WPMC7lNT5xf+dUG0Vv/nws+86s8NoJVlWw4JQdApoWrWai4Zg4TF5GxYkqtVWalgQNbthQfq+po4AAAAAoELOuT3n3Imkx1VNo4JlhQHbk865PgFbM7Q6WJNTZsVa0YHWGgd4l1uEaoX5D1/3qX1Jp2kNC0Jp00RnNSywSMOCUTJom6pWW6RhQXws8Q8SnyxUrRa5a361Wmh/6hYAAAAAKIFfS60n6UkFa5utg+sKArYBXUTrdW/dA6jL/T/y3L2toNvGclz6zWlrZS0iM9nMWuR97vnSD8w7PjkdnL74LWd5D8c0Z+qZ9ERyCqhFqtCSDQviS5vF10sLfyXDKaAmZazTZinB22S/1KmiearVkg0LUncMP03ZN3k7AAAAAJTAr1l26LcmVqgt4qqkq865C0l9SX0zG9Y6opZpbbC25dIrYtIqiBY63yqDSdOMAO+hJ178lkHOSyLDf3j5pw7+8qt/9Y4i74REM6Xkjz76Oxk2Pkg2LHCa9BVwFuZbGVVoGdVqwefJqaLJarIF1lBLssT96Q0L4qcnVwMaw8w6dY9hGc45HkHKdybpvpKv8USJ5z5XRrdubBZffbJu9uoeANAGfgrloaSu1jdQS9pVME30pnPujoKA7aTmMbVCa4M1Kf2FwlZGoJWZdOW0BgHe7Se+5C39oi+HgJkdSroWibEkza9Wi1egTWbzRqvV0hsRTDcsSK9Wy2hYMDMIywjbkgHalKz7TZKYegwADWVmdxV0SSuNc8U+70q4a2aDMi+AxrhZ9wAANIufMtnV+kz3zOuapGvOuUtJJ5KOzIyZaCVpbbC2pWUXRy92imXDA7zjJ77kLbyTW6J3ff2nDT/+H/+7Y0nX06rVkg0LgvzKTx1NqVYbH5+oVgvOFa9CC3cezdgvnAI6PnH4wSLTQWMXShyXFrYlQ7rgUx70AQBrwVc9dOsdBQAgS6Q67UB5loNab9sK1mK77qeKniioZOP1VoHaG6w5i7XNHeUMtIpeI60BAR7TIypiUk/SdWnSxTOsVktWpkU/doqsx6aUarWMhgXhVUdz9puqVgs/GX+Ykait3rAgejcP9ACAdbEnKqOAZQwl3ap7EEvoKFjDCmvEh2lhddqVWfu2yK6kG5JuELIVq5XB2oP/7DmdZCBWwqL/GedrdIB3OZI6P/O//QLT8Crw7q//tOFf+u6335J0M1wRKDoFNK1abXJ/dCroJJiLThuV0tZMm+yQ3G+lhgVRcxsWpOwbrVajYg0AAGBj+UXVezUPY2F+rT6CtTXgnOsoCNPaWJm2rLSQbcCabPm0MlhzGY0L0tyTcXuyOMMgxAcAACAASURBVGdRDQ7wLiV1fuaLCdUqdmTSoZO2kx0+pbSmA/EpoGH4Nt43qwotshZacr/YNZSzYUER1WqT2y7tdZ8/TNkDAAAAACSNq9I6CoK0jjanCUHVoiGbJN1RsJbqCd1FF9PKYG1LFgnWcq5pVnDXzgYEeIf/+ot/kSqhir3nGz797l/6R28/GvmqtbSGBfGunekNC6KFX5NQbtGGBfFqtfA6syvUMsK2udVqKftGbw8+HggA0Fr+hVKZBiWfHwBQgkiQFm5UpZXjmt8e8dVsg3AjaEvXzmDNRdtYZwRQuQOtLI0O8G7/1N/9xX7OU2J1RwrWtduW4r97zuLB2eINCyaiWdeshgVmkWq16EJr0R1mTQGN3Z6oZkseFwvVps41yDgzgBo45/YVPE4BVdmrewAAgPr5qZ37mgRpVKRVb1e++YEk+S6jA0ld3yUcammwpgXmyGcv+p9XYwO805/8u79Is4IavecVn373L37X2/sj6UayWi2WR81qWOClVqGlrJe2VMOCaBCWHFWyWm3eemupv+9TlWuDtL0A1GZHrC2Dau3VPQAAQH2ccwNtznOPSwXrl12veyAF2Za0Q6gW17pg7a+/4bP3tsYrwhen+K6deS0V4F0omI+Omo2kIye7kdawIFlxNr9aLV6FFu6cVq2WbFgwPrG0+MfJQSYDtKx9k5VtgUt73QuYkozKOOd2pMXX3VzCTgnnBNqijH+TUYOSzw9gs5T5N53nvekG2oxg7Y58ZZdzri+pr82YvtqrewBN07pgbSt8F7TgKZbFd+1MV3CAd3DyRW8laW6AJ7/x04d73/krx5KuxyrQ5IO2WdVqGQ0LAkG1WtZ+wR6TD6aq1SLHzb49cpel3Z9VrRY9xiTjxQ4qty/piboHASCmU/L5hyWfH8BmKTPs57VYCjPrOee6Wt8Q6lJSz8zGS2mY2UDSnu8yO14GaA2d+q8FEdkzCjeWdSaLSE1vW5mb8m0ufVPOLet8Ocb20MkXvZV3SJqlN84/wyAtEnaF/w1DNZdSYDa9Ztpkh+R+yWq1+Q0LIh8X1bDApg6hvTMAtJhfmPpKyZfplHx+AMDq1nW5ojuS9qOhWpSZ9RSEtcdVDqpAvboH0EStC9bucdq5x0nLb5a6zQrpGhzgHf/EF721X/K3GksaftNnDEeRB9i0hgXR9dCSVWjjAM7Cmy1jv0j4pkjDgtitiUGEt2dVnSWndaZVs2VVuEXPzbsfANB2VSxR8ZivhACARbC8Qw3M7ETSad3jWMKFpBeZ2cG8zplmNjSzrqRna72+xmOq1dK1Lljbku1nh1rLbx/l0rd84V0lAd75lmxd0/826Cu2DlogOgVUihd+LdKwIL5fJKCzyHVmVqtlhG3JsCwqeVza7fF9zu3RB4bZJwQAtEBVz1EI1wAsqrQqWkKKuXp1D2ABl5JumdmeDwMXZmZnZtaRdJ/WI2Dr1T2ApmpfsOa0kzmdMq3iK+91CgzvCgzwLu9x6v6Lv/NLzOVvqItv+oyBpNNktVooNgU0JYALblfs9qzGBuEU0Ph0zETV2YxZnvHb5xw3u2FBuE8/4woAgBaoYT0dwjUAM/np6aiJDx6bPGXylqQ9P70zNzMbrEHAdjyvEq/NWhesacl3HJYJ4VbZ8loyoDt8w9/+JdZVa74jaRKIJavVYs0NZlSrpTcziE8nla3QsCAZoKUdN6OgLaWijfXVAKClfIfe1PVoSvaYX0gaANLslXju8xLPvUl6CqrCmuRY0seaWc/MCitaSQRsd4o6b0F6dQ+gyVrVFfTF//wzd6aTxBVSrRQFd+0s0vGP/q1f7i+yo39nprvEuYe2YrWRc+5Q+dYvuJtcGDLH+OvQz0r8L775M0/+/D9824Wk3XBttWjDgqC4K70KbaphQWK/lRoWRM0K0LL2nV2txjTQzbdX9wAANFpf9XVIu+mfOxwW+QIJwEbolHhuHm8WYGZD59yRpJs1D+VSwRtAma/jiuIr9Qb+b1NPwfqjdXYRpVptjlYFa1surVVyeknNaFalzaxrZN5Ta4B3oeXWLNnTcg9cpwqeEOfiHyhv5Dz8RSm37an+B955BpKGWXf6sPCRSbVaINmIIBStVkvbLzmdNP5B4pNFqtWid1na/QtWq0326c/YG5thr+4BAGgm/+batZqHcV3SvnOua2ZU9wMIdUo896DEc2+aIwWvZ+sIly4UvFY5qvrNFx9mdX1Vd1fB96DKJROkIFBkjfY52jgVdCHFT/e01K3ApgSzuooe/Ojf+uVGviPi1zbJG6o9tOwCkWukP5IuwymgsbXVIjtFq9CmqtVip1uxWi2zYUFa2JaybzRIS9+nLwBA6/jnAY/UPQ7vioIKAV5AAAilFGYUZljiuTeKD7Sqfmw+VfB6c6/oKZ/LMrO7ZnZkZnsKCkuqnCZaeaC4jloVrDmnfeekMra8Kgjwbv3w3/rlRr7z6pzbV/71VI5XnX7aZL/zys+66/yaY2EEFW1EMFWFFgmrpqvVIlNFFWlYELs1dqLJ7VlVZ8mKs7RqtliopulzTfa5Y48+wIP15iuzVX1TF3kFMIMP1R6rexwJ25Iecc6d+AoBAC3lnOuo3AqpRr5Gayr/2q/sdekuFayf9mwz6zTx9aaZnZjZgaSPVdA84aLEy4XTXzFHu6aCLvDCLu8aaauEa8tI5hdznB//zbf1yhnJavyT1YHy/bE6NbNuoQNqoJGp52TXkwVjsxoWRKvVUhsW+Iqx1Gq1ZHXZ+L7Ex4uGbdN3pjUskKhWa4vSWtUDWD++KqwplWpprkkaOucOm/jCCgu7VfcAcuiq+qleSHdQ4rkvmXaey6GkJ0o477mCAOlkXaqz/DTRnqSeD4G7Kn4tNqrVFtSqYG0RVZXwVRTgdXNepgoD5ftHf65y/8g1xvtf9VnDP/33f+nUma4GudckkEo2LAg+iFe1JfcLp4CGH48/WGQ66NTniWq1qX1TpoAmzxXsc2GPPrCp03nhVVD1MSj5/AAK4h8P+qp/TbVFbCvoGtpV0NiAF8Frxsx6dY9hWf4FMsFaM5T5moPHkxzMbOCcO5V0tYDTXSiYIXS07gvzR5od7Cj4vT3Q6n9nqVZbQquCNees8DnyZvlK1SoI8G794N94WyMfsJ1zfeWrXrmU1G1Zat4fSVfnNSwYaXZjg2iONgl1F1g3LWtqaOoU0BnVbONjpvbhwbodylyfRGKNEmAt+MCgr/ULDa5Keodz7raktHV2ziTdV+D1yqjGALAEv2RNmY9VgxLPvem6kp7MeeylgjCt78OojeL/PvUl9QsI2WpdV27dtCpYmzUVNH8F2XJzM/NaMsA7/8G/0dgpoF0FnbfyOGjbu8Xvf9Vf7f+pb/+lI4tU9yWr1bIaFkQbG+RqWBA1t2FByr6zpoYG+1yKaaBtQbAGtJh/cn+k/H//m+KGgu5sR4pMj/H/HRR1EVfV+iIAZil7ofxByeffWGY2dM4da/G/KWGYdrLBje+mrBiyXZgZBRBLaFXzArnsLbMZgIrdcg/d2TJbd4VLlca/85N3keKHNvFdhYX4tV2mqtAi65VNNyyIHD71QeKTharVInctU60WO2ZqnxOaFrRG2cEav0dAQ/m11IZa/1AttC3ppqQz/2YhgA0TCSHKctna1zXFOVQQmGW5UNCE4EVmtmNm3TaFakm+q2jfNz34GAWdRY+V3figV9XYNkWrgrUZuVr2ltUFNOdWQYB365/+9V9pXFWXc25P+d+Z2egOoPNYZLpkrApN09VqqY0N8lSrJRsWpO6oSWCW3Dd6e+Y+67fuCXIrO1iruv06gDmccwfOuaGCBgVldtWry66C9deGzrlDOogCG6Wrch+3WhvwFMVXYyUrqs4l3VbQ0XOv7WFaFh+ynfjvz56kZ0t6WNIdBWHlRZtfe+fVrqmgTnvJ20ZpVTYLKLxIP+OESw7v4gde9Cu9lcdSMP9k80T5/kDdaUMH0Fl+/9s+e/jHb731dBRZpDOrWi34PDlVNFkplgi5shoZTB0yo2FBNIxLVral7SMd2+sfHGZcDRvE//svuyPogXNuh3Ug1tZ9vHO/Ofw6aj0Vs7D0OthVEB72/BTR/rovgg2AaaDrwMx6vnjjTME0z2GtA1pTfqmlM7H29UpaVbEm2a5/dT/etlzWNqO6LMeW15IFcd0VvjllOlK+F9bnyvE1mdnAzFyZm4IS2vMcX5MUhIWDJY/px6rQEhVo8Wq1jIYFySqyRaaApnX8jMm6P6NabXLe3qyzYqN0KrjGtlrSLRhoKudcxzk3ULDwfltCtahwiuiTzrm+DxgBrBk/xbvMpgUSFWuF8VVXa9/VE+uvVcHaciGVpW7JYG7RrYIA787rX/Qrg6q+l4vya6vkWVflUkGzgqZWoFQaFv6nm5/dl19HYJx7+cDMMqrVwimg4cfR2+d+HLuQvzOrWi26b/paalSrtVunouv0KroOgAjnXNdP+WxroJbmuqQnItNE92oeD4DF9Uo+/50Gv76phH8jxtg2fuvU/btWpVZNBS1i/mbmKXJOKc06cMnTXaqBawz5f0yP5Dy809R3HtxqYWE37x/TkekkuG5QrZZsWBDZb7paLfxk/OEC1WrRuyzt/jnVbJkhG9VqLVNVJdmuc66bY02IoaRbxQ9HXZX/jjdQCxdM8e4qeO7RlN/zcwXjybv0RBnCaaKPOOfOFXRnY7oS0FD+OX7Zj2n9ks8PoAatCtYWKc8bzd8lXcGLri0Z4B297uDtw2JHsBoXdADNW+b8kJ/r3TgrhoXdFb+uIzNdT04BDcUaG1iOhgVRcxsWpOwbDdKyz0e1Wov4x4EqX3T3tOQTVv8Ct1f0QPxjRVMCB6AQLqi86ioIsJoSXklBqNYxs7v+395AzRqfFFS5P6KgmUu33qEASPJvGPRKvswli+kDm6lVU0EXUWB3zplbbtNzVi/kmrXQoP/D1Fe+J7W3m9qFxL+gyPvH8Naqf0j/S+85Z5JdSNPVatFA2LRAw4Lo7anVaJFDlqlWS14zuZYb1Wpt0634ersuWBsFQIFcMG2nL+lJBeuINSm0uiMfqknjRZj3lX8d1DI1coYBAEnBMi9lP7b1Sz4/gJq0KlhzrvgtrwJDut7rrr29afP0+8q3/tgdM2vyE85VOpv2ihjASDpKb1gQr1bz+86pUJvRsCD1oBnHRW9P7jPZ9zbVaq1TR0OBXg3XBDaSizckyLMEQtmOzWxqPVZfidpRELo1Se7lIACUx1e6VvEY16hiCADFaVewltGQwOVfIK2UsG6JAO/itdfe3s89+BI453qSruU4NNei/lXx79RX1qxghpNZDQvMItVq0YXWojvMmgIau31Gw4JoJVqysi1tn+Bd+l7G1bCBnHMHqmcq5K5fIwXro1v3AJAprP5qoofNrJt1p5ndNbMDlbOGYh53mAIGNE9kpk3Z7rC+IrC52hWszQiusrp2zgrj8mwFj71RLx79C+mbOQ5tdAdQP7Ws8mYFqSe89TlD+Xfgl2pYkJySOatabd56a6m/xnOr1Y7s9Q828ueL0nRrvHbPP1HGerjegM5VebZB3d+4svm/X3VUns5yKelFZrZQ5YevGH+RP64uTAEFmqunat4IpFoN2GDtCtZyBGGZgVvOyrMCA7zT7/3CtzfmnU+/SHk/x6GXanYH0H1Jj+U8/LCMJgzRd7zTGhaEH08OWODj4MTxOxfZN7PzZ+x8F/b6B3tTX8iCPvJG96l5j0U9/HqEeSpXi7It1jEBCmFmAzWn6utc0v6ylV9+/zrXXes19XkO0Ga+KOBGBZc69Y+lADZUq7qCps2ozFtDtkr1Wer5MqZ7WnZ/0Ca967Gj/OuPlRI+FcFXvAxyHl5mE4aTkcXDvpnVatJi1WrRu5ZpWBA7NrXirTvjqJk+8kbXlbQn6VfzngO16NU9AEnXnHMdnsgCqzOznl+D6GqNw7i9yjqsPtja90tW5Kmuz+t00eo6FM85d6JmPWdeBBXXFVihKCCPXkXXAVCTdgVrKRlVVmyVzBtWVXCAd3H7hb/amGo15Vt7TAo6ZfaLHEjBBsoXFp6W2YThv3/7c+8+81VvOR7Jrier1eY3LIh8XFTDAps+JHK+O/b6Bwczv6DZeuLJyFrx1WpNWeS875zbb+o0c2DNHChYc63qtRMvFCyrMCjiZD4kHCh4QV3213Ip1hCs2zXVW0GNBoqsq1ZFh2Oq1YAWaNlU0MW3LZe+5Z8CmnG+Jcflt15l37TyHBfVKbMMKzQruFAF69GMNJkGY4o0LFD01vDDBavO0hoWJO/PqnCLnjvasGCFgNFXq+1KGuY9B2rRq3sAEbtav0qFJmpkVTGqVdN6a7cVTP0cFHlSf759f/4yMQUUaKa+8hcGLKtX0XUA1KhVwdqktGaFJgIFbzkCvIujF/5qP/cX0AznavAivis2K6ikCcOH//7zTkamy2gx2fxqtRkNC7JkNiOI3J7dsKBnr39wmH3yuXr+v1QbrYmGVauFrvt/08iJij+E/NIND1dwqQtJ95nZYVm/f75r6KGk+1TO2mtMAQUayL95XlUV4zHVakA7tCpYc84i2yh1i4dvRWw5x5q99XKftDkGTX2h1sRmBTOcjBsWxH7dElVnM5sQRP8757jlGhac2usfzP2C4iNvdD35KTpPe6CZa/AhVb/uAWQ48v+2kd9F3QNAM/iw6E5Jp79UsEzEXlUvRs1sYGb7Cho0FNk5tFvguQAUwK+xWNUbgJfajNdtABbQqmBtEfHwrYit0ADvUlquE1ZD3fBdeBqlwc0KUlnQMEKrNSxIC8gWnDo6Pm3qOVaZArqjSUVjkS9yUCJfFXa17nFk2Faw3hoLQudHwI2oroqv8rqjYNpnr+DzLsRfd1/ScQGnu8UUUKBZ/POUmxVe8ojHAaA9WhWsbZWw5ZUzqDv6ni94RyMrvXJo4ovcgRrYrCDL//gHzzsZyS6XalgQNStAy9o3K0iLn++Wvf7BVV6E9zT5OfBifg34f8tNn/J0Rc0fY5MN6h4AmsNXnXdVzJsfpwqmfR7U/SLUzIYWdLK+z48rj/MmryHbQIO6B4DN50O1vDNS8rjgcQBol1YFa87ZeVZolVcZYd2MAK+fe6DNs60GfT1Nb1aQyXQS/WTy4SLVapG7UhsW5KpWO7VHH+jNOGqmj7zR7Um6EblpU4LkTddXNZ21VnXdTwPB8jahWhoF8ksfrPKm0oWkh8ys07Q1iPz00I7yBWzdwge02fg7j1I55w5Vbagm8TgAtE6rgjXN+ONd/BTQwgO8O69+8GyY+wTNdM3/savVOjQryDLy66yNzfo4s2FBWtiWsm80SEvf51LBO/2r6Cc+p2Kt4fy/4aoWAS7CTZoZLM9XEuWt4MGG8ksgLDt1MgzU9qpeQmFZOQK2WxWvtboJBnUPAJvLv3H+SMWXvd20NwsAlK9twVrtVgjl+nWPvSQ930mwFmvWrGCKfcdfO5F0udQaapG7phoWJO+PhWqaPlc8sFupC+hH3ugONL1GFy9QGsz/+6n6CWsRHnPOdeoexBrq1T0ANNKhFltvbW0CtaQFAzamgObgn0exnioK5Zzb8aFaVY0KQud1LA8DoH6tCta2nJW+leTyHz1wvqnTcLZV0xSjdWtWMMO4icFUdVkoWa22aNg2fef0uQN37NEHVukCmrVG1zDvOVEuH4gP6h3FSk7oFLoc/w48VWuIWWC9tbUN1JIiAdvHKqjUi37NvJjOb1Of46IGkecnVYdql2IKKNBa99Y9gCo52VALdq0zuVzXKClc65dx0ga54pzr1fBO70Br1Kwgm53IIk8eZjYhSHwSrVZbtmHBJMi70OpPJA4l7SZvfNoDTKlpIh9Kn2g91lXLsi1p4Jzr1F15uma6CipJ1/lnj4KZ2ZmfYv145OYLSb11D9PS+KnRXf9YeCBpj6lfKzlS9SEINpCvRq/r+UntM1nWyFDSrboHsaI9lfu4dar1fgNbalmBRKuCNS3xw3UzV20vzoIBXr/kYTTBTefcSVV/kNa2WUEK+86rJ+4bTy9lFnkSscDU0OIaFhzYow/kXmfuI290+0pvf77I1CJULFLpmeffT9MQri3JzIY1LQSNhjOzE+fcbUn7ko7MbOOrkHy1Xr/ucaw7H8yeasE3v4E0vjlR2vPJKhxv4psIZfFvTvRqHsZKfIhbZrA2YHmB9dKqYM1FMqy8FWmZkutTLWiBAO/iO17w6+v2gi/vk6MT59x+2c0A1rlZwQwnkq7Prlab17AgZd+phgVT+zxsjz6w6u9nP+P2dfu933gVh2rnCn43yl7DjXBtSWbWd8EfVMI1xDSrmrtYfur4zrz9qFzLrSvpyboHgfXjp372VV8wey6mggOt16pgTZGKtcIr0jJyugICvHV7x/dYwR+XM6VM7ZtjV8G7F6X9cVr3ZgWZgifyPizMqlZTvmq1rOmjK66rJkkfeaPrKTukaeb3uqVqqFTr+iqGtKYWRQvDtW4bqmyK4MO1odZ/SjAQPjfYU1Btt+c3Kcdjj3Ox530XCp573lXwN20oaUj4Ns1Xwz6s9WyIg5r4Cuqe6vs7dCmp09A33TeOfy7alPVxyx7HXgMabd1t7GvfBmpVsLa1wjzfUc7jCgjw+queoEJ3zKwrjavCnshxjhvOuUEZL243qFlBmhNZJDCMd+tcoFotZd/o7dP7nGvFddU+8tNuX25myT4P5A3h3w0+UXWh2q3IH/KuqlnTa1vS4865hxr+b70xzGzgfzdYHwlrw//Odvy2r3If13Y1eZPxWmQMUhC6nSl4XjKIvngxs4KnVawHMzvyISePJ5ipAVVqEqFaHfaV7/XlOrqu+h8LTxX8rcQCWtUVVM6CyrIc21bWpmK3hIt/+PlrMw00FrT4d2Nv5zxX34dgRRtoI5oVTLN/1Lkr6c7MNdKS66MlGxZMdRXV9LmCfS4ldVdZV83rz8qdn/YA7+g3gX+Rc6bqQrXz6JoS4SLhFV1bkh5zzq1UidkmZnbXv6HysQoe8y/qHREwzTl34JwLqyyfVFC5fl31rhW5qyBse0TSO5xzd51zJ865bknPgdaCfzw5rnscaC6/ltqTqn9Nvi7VPABCrQrWnOzMaaS0bbKI1JKby9pURIA3qOY7s7Kstcd6yrcA/bYKrtTbpGYF2SJBVLJabWbhZNb9GdVqQai20hOJj/y0O1L480gf2+kq50cx/BSLd6jaKRbd5A2+grXKF1o3nHODNr+4XZaZDc3s0Mz2JD1b0sMKfmanImxDDSJh2l0F3Uqva/klKqq0rSBoe0zSH7Q5ZPPh2kMKnl8Cksb/poeqr0FB1EMsHQEgqlXB2rf/r/8+s8LGyQreCgnw1uUB+8xXlcT4oK2b85zX/Iv6lW1os4I0J3MbFmRVq0X3TVa2RQ6X2S179IGVfi8/8tPuQNKNObvxDmCNnHM7zrkTVb/WzcMz3v09VLWdYq9KGjZgfYu1Y2ZnZnZkZl0z65jZnpm5Ddw6dX+vEecfu3r+xXcYpq3rGoBhyDb0AeFevcOplp+Svyeq11rPOddxzg0U/JtuQjjOkhEAprQqWJMkJ13kLCaLbfmvv1RAN1jhUo3gXyTfynl4b9Unkn4aW95pXc1tVpDCvvu+oaTzQhoWxI4d73Nsjz7QW2WMH/lpt6e0asTpMQxWuQ7y880ChoqsB1SRO2aW+W81EtRXWcGwLekJP+0EQEM55/Z8ZfpQQTVLE158F2VbQUD4pA/YmrJwd+kiU80/RkEVLNXsLRIJ1J5Q/dM+Q4RqAFK1qnmBJDmnoQp4wpUVriUzjRWc/x8zKuzWiZn1/Iv1ZadibitYMD3Xk0g/fSJvx7rjtfzDGaxt56dYrtCwwKYOOVcx68wt+vMYFHAtLCGyCH3VgZqUWKMxi+8Seqj8nX3zuukfww7p5gc0h/87f+i3da1MW8Z1Sdedc8eSemmzBTaRf2PlyG/ylcR7mnRv3Ze06pTZHZW75l7YIRZz+J9vT80J00KEagAytS9Ykw21wAO15axLc6uUs8WtyzTQRR0oX2e/K865XnQx8yWcKF+Ieh52N11DfUWnWaY1LIhKC4It8YnpQmadVZsVxNZVS2MKE+vzpz2wNtNv114DXpgGzTAWnHJtZmHFxrzpxEW7oqB67VhBwMbvKFAjH3b31Y5ALem6pAPn3FHO50drrYw3OHyYU2a3wX4bf1bL8Eu3HKrepiJZCNUAzNS6qaBa8N2i4tdcS99mGBTxxTaFf1e1l/Pwm8tOffBd/fK803WpNW4rbK/+3DNJlzNLJ+dVq8U/DtaZWz1U62rxIGSwyrWwmHAtIk2mTtX14nTprlq+S++dksYzz3UFax712rioOFC3yBqQj6udoVpoW8Hzo7M2TQ/FZvHTuHu+ychjal6odilCNQALaF3F2pYLyuZHK62UliLnFNAZ4drarO21KDM78u8w5wm8Tpxz+4tUiaxYzTKQdOgKLD3M0C9xCseJpOup1WrJ2aGxUE3Tv8emjn3/C1btALr4OndB1dpglethtgZUqEU9vEJXra6Cf691PAnfVhBGHjrnDnnCDVTD/33PW42+qa5IGvBYhHXiq9MOVM/yE4u6lNRZp/WWAdSndcGafMXaVt4kLEtGDpMzwDvvfd5vbuo0o67yTQndVVDxtsg6X6tUkVxTNX/kByprrQ2zgSzRBXWhhgVT1WoPrRqqffin3Y4LvtZlft6DVa6JbP5F6UD1B2pSsI5h3sYiMrO7furOUPV9PdtizRygEv6FeNXrK66LbUmP+TcgC+moDhTNv7kebk14HjLLuaSDtqxjCGB1rZsK6mRnBU/ZnGlLlmcbFPcVN4v/A9XNefgN/0cZs/kKoJQKtai0hgUTD9nrXtBfZRAf/im3I9PAlnvydMr6auXx77o24Z3X4yLWMfQVrB1V2yk06jbNDIDyEaot7Ibvjgo0gnPuwHezvatg+vZ1NT9Uu6Og9fUf6AAAIABJREFUUm1Y90AArI/WVax96+e98+63/+yzLrXkg3pmuFZw4ZtvmtCEF76lMbMT59wd5asM6zvn9lg4PJt9z/133cNvOpdldAed9TsbhGwPrxqqeX0tP01v05p2NFFX+apGi3KnyOYgvlNoR9VX4l0o/7qRreGnHpe5/tMZfw82G6Ha0q4757TGTZiwIfzf5sfrHseSbtFkAkAerQvWJMkFLypj63zlzscKXorLB3gbHax5XeWbwrWtILChcm0mO1E01JrXsMDGdx/b616Qe3pe6MM/5foKg1OTzC38T2Ww6rUxm5kN/QvVOp7snit/xWqmmsK1hTuZtty+yu20d5943NhYhGq5Ea6hdmY2cM49LOmRuseygKBZF1XoAHJq3VRQbyq4chVti/jW579z44M1/4I0bzh2zTnHGiKzmH+hmewOahm3BY7tdZ/fXfXSH/4pdyQl1nhbzMXTHmSB2Cr4hgFVd9U8VTC1opQwyk9z7aiaaaFMAQVK5teEJFTL7zrPlVA3v5bqcd3jmOOOpD3+rgNYRVuDtWFdF14gfDuva2xV83/Abuc8vOec2ytsMBvGjp4/UBgwJKvVxjtFbrfCQrWu0jqyzpmB6jENtFpdVbc22bGZlRaqhSoK15gCCpTMTyEe1D2ODfCIDyiBOh2qma9vLhV0Jz+gAh3AqloZrG05nW05qYytAMNCzrI+egpeqC5rWwQxs5mdTDUvSG9YUGSotkp1wWDVMWBx/klkt4JLFdKoYFEVhGtMAQXK11fzFzhfF/26B4B2izzfqKvRUJpTSfurdCcHgKhWBmvfcv87B9JIs7d8CgjnWjUVbsUpoVecc70Ch7NpepIu55SLHdv3VRSqza5au3zag0ZQWrEKpoTeqmONnxLDNaaAAiXz6yXmaW6EdDxXQu383+Vu3eNQ8LzgIV9FP6x7MAA2RyuDNSmYcjl7SuYodZsfyC27TWlVsCaN/9jeynn4Tf8kHAl2+/OGkvYUrm0Rr1a7lOlWZaHaeFCZ4RqhWn26Kj6ACp+49go+78L848qeipt+whRQoBr9ugewgQ799FqgNv7NvLzP94twrGAttX6NYwCwoVrZFdQ7U7Rr4oIKbgKqlHCtlVOMzKznnDtQjp+Jgifhe4UOaEPYaz7vrqSu+9p/e6igO19w+2s/f1DE+QuY/hkiWKuJmd31//aK6tx4oaCzVu1vEvivraPgMWLVChimgAIl811Ad+sexxwXml62Y0f5nr9UZVvBOle9mseBlvPP9/dVbVXqqaQeFecb4UxBN3AE9rUeXXdbobXB2pbTQCmdCxdYYH0pyQaM83zz/e8aFDyEpfk/PMVniPOvW8gCu3WNv8nsn/wvd1XwGma+++d0o4K5g5HMxX5AF0wDrZeZDZxzt5Xn5xl3Rw0LoMLp5n4q1M2cp2EKKFCNpnSxPFXwN3Pot7NFH9d8Zdi+gjf89hRMS99X/WvGHTrnjpr0+IzW6ir491V2GH2hIFDrl3wdVMQ/fg3qHkdTOMfL3SZpbbCmoEJmqtKm6F/PrN/3ogM8oEof/inXV0ownROhWjP0FKx3mLda5OEmLwLs3yUfKPh9W+YFLlNAgQr4Kpa6qr4uFDw2nKwaome98PNfX1erPc6uYttfu1/DtYExX03eVfDvpIzAmUANQOVaG6x94+e+6+53vfnjz1XTk7iMvK2JraiBsQ//K7cj6UjS9ZVS6HjVWn/1kWFVkSe6y04JPVdQpVb71M95fGXenpabGtqoCjxgg3VruOappCO/9lOp/GPkoYLKsQP/8dWyr5tAsIZGMLMz59yhillOJHSh4PebyswN5t+kYM3IQCGzvVCM1gZrkuScnSgM1gouIbN8qQN/BNBYPlQbqNgw+vxpDzY/kGmLJaeEXip48tord1TFikwNDdcbmvVuOVNAUSiWKpgpb4fwPC4VhOa1VEz76574gO1I1VWwXXPO7RA6oAnMrO9DklWXoaBCrV2OVP2bEsBcre0K6k2eUM1uEbr05pylb5q5DSv6uoGlfOhfuX0L1pmZhGqrhtFBh9D+imdB8XoKnqTOckfS/rqFalF+2uqegq8lDVNAgYr4StKqwqVzBZ0Ba1+GwI9hX9mPQ2XoVHgtYCYzO1RQOZrHqYIO5HT6BFC7Vgdrr7jv3WdOusiTneU2+8TDVU4NlOFDP1nqOhj9Es6JFYQVXRl3n0q6z8wOzNb/jQAzu2tmBwo6TCWn4jMFFKhOVdNZziV1mvRvO/I4dFzRJZk6hKY50Pw39KKOJT3bzDoEagCaotXBmiQ52WBOFVnqtpWxrVrsBjTJh37SHUl6TBaEalNFaqtVrR0//cHmvLjBhF8L6FbkpgtJL/JPYgf1jKo8ZjbwXYkfUvC1MgUUqFYVYc+lGhaqJRyqmrV2OxVcA1hY5A29yxm7nUt6WNLHmNlarOsKoF1avcaaNF5nbaq7oVm+mMvR7xMb4EM/Wcp6akn9Es+NFfkumnuS+m0Jmfw73/2ahwG0URXB2mGDQ7Wwgcyhlm8gsywW/UbjZDQzuFTwN7lPkAag6VofrL28896TVw/+4qUS09ycqyYgSwR4g0ouCszwoTsu6BrmElM/TZIb/2fq9iVdPP0L2hHWrDMz69Y9BgCtUHbYc7kOU8Z8A5myO9aXeW4gt0gzgx1JJ01YBxEAFtX6YM1LrVqrQlUBHjDPh+64HQWLtWd3Z8oK0ZYP146W2hsAgPzWqdpl0rF+TfgwZN3/rpcd7nadc52Sr1G2ftkBtW9mAABrh2BNkgvKjK9Lqzc6BNbRh07cvpz6Snb9zAjL8hWpjYWl/QAAVGFQ9wCWMKx7ADnsSLpa9yAablfVdb4ty6DuAQBAU7W+eYEkfV3nvQPndOGctJWxrdqUgCYFaKoPnbiepHdo0XfIs9LnxVPp/tO/oLnr3AAAAAAAsCgq1iZONGMKnCs4DSNcQ90+eOI6kvoufAc1rQytnKq1dZ8uAgBYL526B7CEvboHAAAAlkOw5rngxX722lJLqmNK6Xtf8Yf2JHWds7A07uQvfMf/WKd1RVCBDz7udhT8vl9PbUawiPxrrR0//QtsuOzlAABYQRVdR4tyUPcAAADAcpgK6h1efe9Q0mlR56t6iuh7v+EPHcn0pKSb4830jvd980cNn/yWe4+e/JZ71+lJJUrywcfdoYL1W9KbdaQlwjNS4hwBMtVqAICkspcH2HbOdUu+xsqcc3sqv3HBecnnBwCgdQjWYqwfRAWLbM3xnpc/7UjmxtV2Zi46xF0L7nvHk6+8d/jkK+89evKV9/JuaMt88HHX+eDjbijpEUnb4zss9p/lLL/W2unTv8CooAQAJFXxt6HnnCu78+Oq+hVcgzVOAQAoGMFaxOHV9/Wds0vnTPO3Ueq2eDBXTGD3nq97WkfRKazJU1js412/7+PDV917d/iqe/vDb723O/y2e5v+RBM5ffAnXOeDj7uBpCe0aDeq8qrWeovvCgBokSqCtV01uCO1c+5I1XTWHFRwDQAAWoVgbVp/lYMXC+WytxwOJclMkk0mkyaq1oLPFf1c2wqmAz4m0x8Mv+3ewcXNew8vbt67l2cQaJYP/ITb+8BPuL6kJ2RznqhXU7V2+vQvsEGeSwAANl5V1czXnHMnTatcc871VeA6v3NQOQ4AQMEI1hKcs6OCg6+ydaaCkdlVa1n3XZXpEUlPXvTuHV707j367VtMGV03H/iXbv8D/9L1JT0p6Xru39jiq9Z6eYcCADOwfugGMLOhpIuKLndN0plzrlPR9TI55/accwNlrXtajkGF1wIAoBXoCprwsucNh6/5+b1jZTzJaV645rbjJUdO8mM0c3KycVcEMxcbv5nkwkI2CwreXPDxrpxumHTjt2/dKzndkdNA0uDPf+v/xzudDfSBf+E6cuopnEaS7M45r1unv7+kDqFUqwEoS88v+M66URFm1qt7DDmcqLqqrV1JTzjn7kjqmVW7/qf/ne2p2kBNks7NjH8rAAAUjGAtXV/VP9mRpOWnJpjO5dyVICXzWYY5KRKojcuJop9nhS7pH1+T6Zqc9Dt//94LSQPJBnI6+XOvfIonaDX6wL9wXQXTga9kBVy5wrKsA2ecbMZdvTyXB4AFbKu6MGad9OoeQA59Vf+zvKZgeui5v/6Jr54rnJ9+euC3a2VcYwF05gaA2e6rewANwuv8JRCspXjZ84aD733L3qkii8gm1yhblaVPnttX8I7tEufRmYu2Zk+kG9NVagtXrUWCOkWq3rTrnK5Lui7TY7/zD+45d76aTU6DP/vNBG1l++//3O0pCNO6TtrOTM2aUbV2/PQXUq0GAJjNzM6ccxdatNFOsa4o6Jr9iA/ZzqJbniovP9V0T8Fzu31V05hglkst+RwTANrGjNctyIdgLVusO1PRU0ALjOnOZLou51Ry1VriGBee9IqZrjgXvMv8u99xz7mcBmHY9me+kaCtCP/tDW7HbelAUlfRwFeJ36WCqtbG+69etdZb4rIAgHbrSXqs5jFc8dt45oIL3oE812Lv3tcdoGU5YRooAADlIFjL8DXPHZ5871v26nrndBmDeeFKCVVrsf0TwdsVBWHbDeek3/uue4Kpo04DJ5396Vc8xRptS/hvb3DhtJEDBVOeps1KzXJWreUyfeztp7+wnCk1AIDNY2Z951xPzXzudWX+Lo3Wq3sAANB0/m8QJoZm1q97EOuAYG0GJ+uZXJXvnHaWPeDjHvnw2bsffroPNWqrWssO24Inx9dlum5Oev93b11KOgubITinsz/18hHvoHr/9cfdjoLfg3GYFn5fbSS5lD6+Da1auxRP4gEAyzuU9Hjdg9gwt8paOw4ANszNugfQMKcK1iDFHARrM7z0uRf9175lt6cK3jm1VSaHmjs1Z1cLqVoLG4yuVrU2vc9krNtydlXBVImbJuk/vnrrQs6vZRIEbmd/6uH2hG3/9cfcvqSOnDrKu6DxglVryZ/j0udacBwm9Z7xQqacANCw7gFgvZjZiXMuts4tVnIhmhYAAFAqgrW5Rj0ttd5HSknRAlyQaO3lOlgaSLpaSNVaVBFVa4njkoGd/++ugvDymvy7BL//yNaFnIYKppEOJZ39yRujjZhGevmjbl9OQZgmdZzzwW1WpVnk+7pq1drCko0MlqtaO3/GC40n8QBkZkM39Q4LMFdXQeOA9CUQsIwua6sBAFAugrU5Xvrc3+m/9i1/rqeFq9ZGq1wub2XcQOZumrN4NdKsqjULquRKr1pTSvZiLjhR2nknt+06065cGBhKv397S87pwjkbKgjc7iqochv+8Zc2c4rD3R9x+5L2nBRWpe1L2s6s7Ct2jbPU+xaqWlv2/PH9Dpc8M4DNRvURluID2a6YErqqW3S4A7BhBuI5BRqIYG0BzllX0hNlnNssnlS89i1/bu+lz/2d4TLn+LijDw3effiMyC0LVK0tuqD9nKq1IBTKWbW27PUDu2Zu1zm7Gr3vP73Wyblxx64zH7oNJQ39eM7+2FeW847tHxy7jiS5IDTb8eHZnqQrM6u8lgi3Cqlay7nI2szDpu88fsYX8iQeQMxAPAnGkvyU0IclPVL3WNbUsZn16h4EAABtQLC2gK/+nN8dfN8v/NlS3nGPVox5e8q3Js2pzF2NVa0lp32q+Kq1mOKr1ibHxYK89Oua6Yq/Lxa6hcf85+8fJ3rhNNPouYaShuEx49uD/+7LaWfyqSQX+V1YYIrk3GXNCqpaS/3+pO2nAqvWJrddSlSrAZhyIhYDRg5mduSc25d0ve6xrJlzM+tWeL2hpFsVXg/1GNQ9AEBBEQXQOARri+uppKq1hH3l+cNlGsTCnujaZ4pXrU2FKsmKtvh5J6cbnyz+cQ1Va5OAMO388+1qetptemiaFfZlfh/mj73MqrXM8c8azwLHL3jY4TO+kHVcAMSZ2RmL0SMvM+v6dfoI1xZzrhxd5lfhO472qrwmgNbaiDW3sXnyrbTfQl/9Ob87kHRcwaX2ch43kCSZb4MQBmIW+Xj8uYt9nqyZs+ix0cOjn08V2sX3iX2cco1wrJnnTV47elvWtZP3WcrtyfNPffHzr7GQlOPnnTJr7Jn7Zyznt+jYZ/4c5x44ddvpM77Q+jnOBqAdenUPAOvLV189XPc41sCxme3TrADApmLdSDQVwdoStpz1tpxdbjlTWZuCirWlfdztDw1kuozfOgnQghAl+XlkV3Ozw7Ks0CcWREXOnwyyUj6eutyskCctqEoEc7lCokXMCRpj96WHTrNvW2LcCwd+s86/7PcpLeSMu1TQwQ0AUvknwqd1jwPry8yOJL1ISj7XgXer4umfAFAXnk+gcQjWlvCVz/m9oaSjMq+x5SxXsOYNJJVXtWYpn6fJCJI2qWptoWyqzqq1BS9cUNVa7xnXmtmVFUCjdEUoghWY2YmCNyDP6x5Lg1xIuo9GBQBapF/3AIAkgrXlHSl4ElOW7e//xT+zk+tIcyexIElSoVVric+npojmrVpLhHyp18u4baGqtSIq2bLOvy5Va8vcN2P/lMPuPOOalRo2A9gMfh2mg7rHgfVmZkMz21cwNbTtQe1tSftMjQLQMifi8R8NQ7C2pK98zu/ddbKyOx/mrVobjD9KC5wKrlqLnT8pI1SbmefMqlBLu23RqrW020uuWksNFRc4buqa874O1Vq1xhRQAEvxAQDT+bAyPzV0X9Wsf9s0pwqq1A5ZTw1A2/jHPd7YR6MQrOXwkue8/8TJ7jiZSto6ecb1ca/54FDmzpeqWktUqSU/j5kK5uZUraXcn/ZxWtVaZthTQ9VaVhiXeu5lq8RyVq0trNyqte4zrvGEHsBy/HS+jpjOhxX56rWupPvUjjV3ziW9yMw6VKkBaDM//Z3nEWgMgrX8DlXeO+6dFY4djD9apGpNGZ8nK7aSVWvR/VIDmpQpoX7/RarW0m6bVbVm0WAu7bppty9YtTZLanCYdZ2sU886dsY4aq5au/2MAztZ6ggA8MzsjOl8KIqZDcysI+ljtZkVbGGF2r4PpgEAwWtmnkOgEZwtvGATkh59658+lPTISidJ//ZfvuQ578+1ztq7X/bMfUnvkLMg23K+Zs35i/n8yYX3jT8P9098Pj5WiWMjtzn/qUvsE35xLnGO6P6a3B7cZrFzT51X8fNEx+ecxXdKjj/ttln7JsaYeUzKvpnXSTtu3rFTO6eMSZLLiMnTvtfTO6Tsl8Xp/JkHKzXZADaecy6cplYKHyJsDOdcV8H6a9dqHspGsLR3m1rEObej4PfpUNKVmoeT14WCBbr7fn1CAEjlnBuUePozs9KXQcrNObenYM21dX2sb7rTTXvOWRaCtRW9/q1/YiDpqumeok/97Jd89vvP8hz47pc9cyhnu5LG4do4tPK3jYO18eeJQCsRUmUGYxlh2yTwSYZ5aftEzxm5bjKASwuA0sK1BYK1qa8pa/+021PCsqlwbYHrJD6cfezUzun7ZIZrMwLDqfHMfjl2Kaf9Zx7wJB9AOZxzHQWh5E7kv1gCT4In/IuuA79drXUw850rmHnQN7NczwEBoG38mymHkm7WPZYNRLC2oHvrHsAG6Eo6c3pqu+DzdiTlfVJ1InM3xiGVgtoxJ6ewiszMf+7Cz51cJAQzc5NwLdzfxU4W+9jkT+UW2z/tY3OSs8mYJrdpOuxJuy15Xzi2rLEsaXyexPlnjmHGuDKHs8IYMy0z1tnX7/7/7d1NbxznYQfw/xgtWjNtSClxkrYozB6iq+iLZJ/CfILIfUFT5EWknRgN4Be6RZFDD5W/gYwol6CJyU9Q+RtQp8Q6UdewKKRjbFQWD9Gp8fSwu9Ts7Oxwdnb5qt8PILgzO8/zzAqGAP/1f2aFasBxGj47aveUb4MLYtj2uj38SVEUNzIIbNdz+kHbKEjbS7KrmQYwu+GXGdwqimI7g4DtRpKXT/WmeO5orC3AL3799fm3hE76+K3Xfnejz8D9d5bWUgy3gyZTW2v1Ztqpt9aa1tVaO0uttQ+WXi9vNc8OAOdPURRrSVYzCNtWKz+L+p+ygwyCsyfD3w+TPPTlAwDHZ/h3+3qe/d2+EttF+9BY60iwtiCjLaELnPLgrdd+13v7y/47Sw9T5OVFPmvt2fWjg45hW8uz1p5dU5kz4/fUOG/l+vrcx/KstS5j6vd0xNqtoVz9/YYxY7fWJVhrmX/sXpvf/3jp9bJX0AsA59Vwa3Jd/dwoOBs7N2xRAAAXnK2gC1KkvJHBv0IuJ0k5/16+5V/8+utrb732u/7bQZP3MriZDJKn4VdyFsVoL+izXX/1LZqpHVc/TsetneMJTWUL6rR5h+fKonZP07ae1oeWo482vo21zbTtnWP32VHjn2V9ncYBR5zr8H51/vKL5nBtYui0uSZPP8hgyzMAPFemNMuazgEAz6kp3RZm9ePXPn2SSvhQpFzEzzwNoe2UGaRUFRNxU+2a+heJTR6Pjy0rrw9/ldOvb3rdWJpsuu/G6xrmnvLe1Hvpqj5P29pt6zSca5ziqD+jPma518HxQZKNpdf9qzsAAADUCdYW6MevfXq3KPJhMdyWOMvPFL2DtW/+7OleBl/VPlAN0EYNtrEwrJgMvtqCqA6B2fiYanjXMu/wXD2wa5q3cehh+NW9bjYtKJspzKrfU1N41jFkOzL0m/J+df7yi45Dp8317OX60uu+mQwAAACaCNYW71YGW+dmMiVwu/qfv/na6hz30r21Vj08R621sXOn2VrrMOaoc2ewtbYpVAMAAIDpBGsL9qNXD7eEHixoyt6ttbLM9viJXLjWWpOJ1lqHQEprbcLm0t+W20fcBQAAADzXBGvH4EevfrpXpNzo8hy1Dtb73seVO08fJrk30VorG1a+yK21+r3Nsn6XeS5ea23nS0I1AAAAOJJg7Zi8+epnd5N8eNR1HcK37/zyNy+t9L2Pxtba2GuttaZ1q7+fs9bazpf+rtw4YmUAAAAggrVj9earn20lubeAqTb6Drxy5+l2koO5W2tlS2ttGL6dSmutaa1FtNYm/iyOmOe0WmvzNNgmxwrVAAAAYAaCteN3I9Vv5+xnY57BY621pkZal9ZaWo6nvde3tXbENtOuYdJcrbX6mj3GnEhrbdotzN5aE6oBAADAjARrx+zNVz97kkG4Ns+XGVz95W9eWp1j/O0kDQFZMfnMsrPQWmv6BLVwrGtrrS3A6txamzbXBWitDefZ+dLfC9UAAABgVoK1E/Dmq5/tpSg2UhTp/ZNs9V3/yp2nD8syHx+eqDfSkrS11ibCt6bj6vkjwrNy1JJL9bh2/bTW2lHrT3lvrtZaH22ttQ6h39RzM9x/l9ZahGoAAADQm2DthLx5/dO7STZ7T1AUG3Pewu2yHnolk621pmBsltZaJsOkxmCuds3Y66YgLZX7OKq1Vl//rLXWmnRtrVXfnzFwawjXdv7sH4RqAAAA0Jdg7QS9ef3T7SLlTodvAm36Wf7VJy9t9F37yp2nu0keHJ6Y1lobvT26Zuy4cmnj+MrFfVtrLeMW3lo7rvbaEUHj2Hsn2FqrEaoBAADAnARrJ+yN659tJNnpOXxjzuUX11qrT7Go1lrLGqN7nTrvrK21NLy3iNZaXyfXWvtAqAYAAADzK8q50wD6+NUnL+0ludpj6N+8cf2zh33X/e3bSw+LIi8flsWKclAcK8rBqSJJRueGh03X1N/L6FFwGT8uGo7r12TKHIdrVD5AkRRF2bxO9Vzl+vrc9fEpKuvW1qt/pon7TMv5tnuaNq7pvYZ1jlyzfnuD8wdJtv78H8vt5qsAAACAWWisnZov1pMvHiRfZMafW3MufOtEW2tlw3GT56C11rpztWV76oJaa4+SrAvVAAAAYHE01k7Rrz75ykqS3czeXLv0xvX/fdJ33bbWWlJrkS2qtVYds4jWWtu6i2itTdxf7XOkw/VNY+rn29ZpGnfU2ImLkyT3ktz48nfL3v/NAAAAAJM01k7RMBxbT/VLBbrZmnPpqa21we88+72o1trYRVPuasoXGLRGv20NtaZzXVtrTefPZ2vtgy9/t1wXqgEAAMDiaaydAR99cnktg+bacschB0lWN68/Pp3WWoaNr7Em2IJaa2l4v2Nrbey6nq21sftvOtextdY6puHaY2itHWTQUtsNAAAAcCw01s6AzeuP9zJorh10HLKc02ytZcpxvbE1rbXWtG6SalpUb2B1aa01nWtrrZVlPRVrWWLG1lrrXC3Xdm6ttY1N7qXMqlANAAAAjpfG2hkyY3PtZFtro+NFttYqr8fWG57XWpsyZ/vYD778T+WtAAAAAMdOY+0MqTTXujxzbRGtta2J1lr1OWrT2lOLaq01zqe11tZaa1nnUZJXhGoAAABwcjTWzqCPPrnc9dtCF9Fa2y2KfOs4WmvPrh8dtLTQTrK1Vpv7TLfWGsY1jP0wya3l7/mCAgAAADhJGmtn0Ob1x09SZD1FHhyGQ80/yynmbK2VxUyttalNqxmfw9Y+ZobWWtne/mpsrdXmPtOttfY5H6XMt5e/V24J1QAAAODkCdbOqM1rj5+k27bQrY/uX17pu86Vn/9+L8lOkvFAbWjYWxs/UVaDr2Is8KmHVFODsSlbROvXN71uDp3G73Fi62l9ng7vTb2XrqZsi22dq1uglnLQUltb/r4vKAAAAIDTIlg7wzavPX6yee3xWkbBV7PlJLfnWmjQWhv/RtKJ1loxHoaNvRhdXzuuzzfL65bW2oSm1lrTc9+ahh5na611kto9dW+tPUry7ZXvl1vL39dSAwAAgNMkWDsHNq893kh7uHbzo/uX1/rOf+Xnv3+S0RchTG2t1U7UW2vVt89Ca61h3ol5TrO11mFMw7kPk6ytaKkBAADAmSBYOyeG4dpmyyVztdau3Hm6XZa5N3byqNZabRuo1tqxtdbuJXll5Qfl1soPtNQAAADgrBCsnSOb1x5vJ3k9qW3bHPjWR/cv35hziY0kB51ba9XDc9RaGzt3tlsvNHgvAAAGy0lEQVRrB0neX/lhub7yw3Kvx8oAAADAMRKsnTOb1x7ffSHl+gspH72QMrWf2zv3L/X/IoM7Tx+WZW6NnbyArbUmE621DuHXMbfWdpKsXrpZzvf8PAAAAODYCNbOoZvXPt9LspbUtm4mLye1YGxGV+48vZ3k3kRrrSwuRmutaa22IOyI1tq0EG3ifPfW2r0kr1zaKDcu3bTtEwAAAM6yopypXsNZs3P/0u0k79VOvzIM33r57dtLq0WRvRRZTjH876NIUpSD/liRJOXw3PCwGBwXY9fXjpMUo8xrbGzt/co1h9eP1mu9pnquYd3q2qms3XB/9c8xdu/VcfXP1PRZM+X8+HyPkmxd3izvBgAAADgXNNbOuZvXPt/K5HPXtueZ88qdpw+TbE1trbVsrxxrqZUtrbXhltGz1lprnqv9Xqa10Dq21g6SvH95s1wVqgEAAMD5Ili7AG5e+/xuBltDHwxPXd25f+nWPHN+82dPtzN4ztfkc9SSdHrWWlqOp73X8LocPdst1ePa9UdsM531Swdmedba5OBOVx0k+SDJ6uU3PEcNAAAAziNbQS+Y2tbQubaE7r+ztJJkN0WujrZ6JqlsCX22XbIYbhVNdSvl2HbNcvr2yaLhuPL62fW19RqvqaxZu8exeSu/p20JrW8nXdCW0IMUuZ3k9ld+5BlqAAAAcJ4J1i6gnfuX1jPYDvrk5rXP1+aZa/+dpbUU2U2Gz1vr+Ky1sWuOetba6LjlWWvPxrQ8a61y7eG5rs9aq9xr9f6awrWewdpBMgzUfixQAwAAgItAsHZB7dy/tJLBN4Q+uXnt81vzzLX/ztKNFPmvzq21w+MTbK3Vz6U6x6m21g6S3C4KgRoAAABcNIK1C27n/qX1m9c+3513nv13l24l+Y+5WmvV97LA1trEGpUbP73W2qMk2yly+6tvCdQAAADgIhKs0dn+u0vbKcqbWmu1e6++lzwoitz+6j+X2wEAAAAuNMEaM9l/d2kvRXl11EhLai2ys9paa1t3Ma21nSTbL/2k3A0AAADwXPij074Bzp31JLtJrqYsBmFVmUHgNMpoR4FTOTwYhVJlBkMqk5XlMKAazlHm2eVjx9VBh4Mr61bWrK/RNGZsyrZzZS1AG7/3R0WR7SS3X/qJ7Z4AAADwvNFYY2b77y6tpCj3UuTlPq21wfUdWmuVMY3XzNlaa9xqmvF5qnNXWms7Sba/9rZ2GgAAADzPBGv0sv/ei2spsptkufez1oavk5ZgrG2LaPVZa7Xrj+FZax8nuVsU5d2vvaOdBgAAAAjWmMNhuFaUy8mUFtlYM62shWMzttYqr8fWG54/htbax8PwcPsb730hTAMAAADGCNaYy/7Wi2vJIFw7ndZaMhnmVdeo3OzRrbWDYZB2t0jufuN9YRoAAAAwnWCNue1vvbiaoryb5Oo8rbVn10++PsbW2oMU2S2Su3/xr1/s9v5DAAAAAJ47gjUWYn/rxZUU5XaRfGeiEXYcrbXD8aM76NhaS+4VRfZSlLtJdv/y37TSAAAAgH4EayzU/vt/eqMocispry6itdbaQju6tXYvRR4WyV6K7P3VT/+wu8jPCgAAADzfBGsci//+lz9ZTbKaIuspslIU5VqSlRS5usDW2kGK7A2v303KJymyl+ThX//7Hx4e48cDAAAAEKxxOv7np3+8miKrtdbaIHzLWHi2W2+tvXzr/3ZP/IYBAAAAagRrAAAAANDDC6d9AwAAAABwHgnWAAAAAKAHwRoAAAAA9CBYAwAAAIAeBGsAAAAA0INgDQAAAAB6EKwBAAAAQA+CNQAAAADoQbAGAAAAAD0I1gAAAACgB8EaAAAAAPQgWAMAAACAHgRrAAAAANCDYA0AAAAAehCsAQAAAEAPgjUAAAAA6EGwBgAAAAA9CNYAAAAAoAfBGgAAAAD0IFgDAAAAgB4EawAAAADQg2ANAAAAAHoQrAEAAABAD4I1AAAAAOhBsAYAAAAAPQjWAAAAAKAHwRoAAAAA9CBYAwAAAIAeBGsAAAAA0INgDQAAAAB6EKwBAAAAQA+CNQAAAADoQbAGAAAAAD0I1gAAAACgB8EaAAAAAPQgWAMAAACAHgRrAAAAANCDYA0AAAAAehCsAQAAAEAPgjUAAAAA6EGwBgAAAAA9CNYAAAAAoAfBGgAAAAD0IFgDAAAAgB4EawAAAADQg2ANAAAAAHoQrAEAAABAD4I1AAAAAOhBsAYAAAAAPQjWAAAAAKAHwRoAAAAA9CBYAwAAAIAeBGsAAAAA0INgDQAAAAB6EKwBAAAAQA+CNQAAAADoQbAGAAAAAD0I1gAAAACgh/8HHY3Mer5N+XwAAAAASUVORK5CYII=" width="158" height="43"></span></p><p><span style="color:rgb(59,56,56);font-size:9pt;"><strong>함윤식│선임│ITH2</strong></span><br><span style="color:rgb(46,116,181);font-size:9pt;"><strong>서린정보기술(주) SORIN Information Technology</strong></span><br><span style="color:rgb(59,56,56);font-size:9pt;">(03159)&nbsp;서울시 종로구 종로&nbsp;33,&nbsp;그랑서울 타워1, 16층</span><br><span style="color:black;font-size:9pt;"><strong>Office </strong>: 02-6947-2694 |<strong>&nbsp;Moblie </strong>: 010-7367-9633</span><span style="color:rgb(59,56,56);font-size:9pt;"><strong>│E-mail</strong>: </span><a href="mailto:hamyoonsic@sorin.co.kr"><span style="color:rgb(70,120,134);font-size:9pt;"><u>hamyoonsic@sorin.co.kr</u></span></a></p></div>	L2	SENT	1	\N	IT개발팀	2026-01-27 08:30:00	\N	t	f	\N	템플릿 테스트9	2026-01-27 10:49:45.429721	hamyoonsic	2026-01-27 10:49:49.798572	hamyoonsic	\N	f	\N	hamyoonsic@koreazinc.co.kr	\N	\N
32	템플릿 테스트10	<p style="text-align:justify;"><span style="color:inherit;font-size:12pt;">안녕하십니까</span></p><p style="text-align:justify;"><span style="color:inherit;font-size:12pt;">전산실에서 알려드립니다.&nbsp;</span></p><p style="text-align:justify;"><span style="color:inherit;font-size:12pt;">&nbsp;</span></p><p style="text-align:justify;"><span style="color:inherit;font-size:12pt;">시스템&nbsp;점검 작업을 아래와 같이 </span><span style="color:red!important;font-size:12pt;"><strong>금일</strong></span><span style="color:inherit;font-size:12pt;"> 진행&nbsp;예정이오니,&nbsp;업무에 참고하시기 바랍니다.&nbsp;</span></p><p style="text-align:justify;">&nbsp;</p><p style="text-align:justify;"><span style="color:inherit;"><strong>* </strong></span><strong>점검 작업 시간과 관련하여 특이사항이 있으신 경우 하기 담당자들에게 연락 부탁드립니다</strong><span style="color:inherit;"><strong>.</strong></span></p><p style="text-align:justify;"><span style="color:inherit;">&nbsp;</span></p><figure class="table" style="width:522.15pt;"><table style="background-color:rgb(255, 255, 255);"><tbody><tr><td style="background-color:rgb(180, 198, 231) !important;border-color:black;border-width:1pt;padding:0cm;width:89.25pt;"><p style="text-align:center;"><span style="color:black!important;font-size:12pt;"><strong>구분</strong>&nbsp;</span></p></td><td style="border-bottom:1pt solid black;border-left-style:none;border-right:1pt solid black;border-top:1pt solid black;padding:0cm;vertical-align:top;width:432.9pt;"><p style="text-align:justify;">ㄹㄴㅇㄹㅇㄴ</p></td></tr><tr><td style="background-color:rgb(180, 198, 231) !important;border-bottom:1pt solid black;border-left:1pt solid black;border-right:1pt solid black;border-top-style:none;padding:0cm;width:89.25pt;"><p style="text-align:center;"><span style="color:black!important;font-size:12pt;"><strong>대상시스템</strong>&nbsp;</span></p></td><td style="border-bottom:1pt solid black;border-left-style:none;border-right:1pt solid black;border-top-style:none;padding:0cm;vertical-align:top;width:432.9pt;"><p style="text-align:justify;">ㄹㅇㄹㄴㅇ</p></td></tr><tr><td style="background-color:rgb(180, 198, 231) !important;border-bottom:1pt solid black;border-left:1pt solid black;border-right:1pt solid black;border-top-style:none;padding:0cm;width:89.25pt;"><p style="text-align:center;"><span style="color:black!important;font-size:12pt;"><strong>일정</strong>&nbsp;</span></p></td><td style="border-bottom:1pt solid black;border-left-style:none;border-right:1pt solid black;border-top-style:none;padding:0cm;vertical-align:top;width:432.9pt;"><p style="text-align:justify;">ㄹㄴㄹㅇㄴ</p></td></tr><tr><td style="background-color:rgb(180, 198, 231) !important;border-bottom:1pt solid black;border-left:1pt solid black;border-right:1pt solid black;border-top-style:none;padding:0cm;width:89.25pt;"><p style="text-align:center;"><span style="color:black!important;font-size:12pt;"><strong>사유</strong>&nbsp;</span></p></td><td style="border-bottom:1pt solid black;border-left-style:none;border-right:1pt solid black;border-top-style:none;padding:0cm;vertical-align:top;width:432.9pt;"><p style="text-align:justify;"><span style="color:inherit;">&nbsp;ㄹㄴㅇㄹ</span></p><p style="text-align:justify;">&nbsp;</p></td></tr><tr><td style="background-color:rgb(180, 198, 231) !important;border-bottom:1pt solid black;border-left:1pt solid black;border-right:1pt solid black;border-top-style:none;height:47.1pt;padding:0cm;width:89.25pt;"><p style="text-align:center;"><span style="color:black!important;font-size:12pt;"><strong>담당자</strong>&nbsp;</span></p></td><td style="border-bottom:1pt solid black;border-left-style:none;border-right:1pt solid black;border-top-style:none;height:47.1pt;padding:0cm;vertical-align:top;width:432.9pt;"><p style="text-align:justify;">ㄹㄴㅇㄹㄴㅇㄹㄴㅇㄹㄴㅇㄹ</p></td></tr></tbody></table></figure><p>&nbsp;</p><p>감사합니다.<br>&nbsp;</p><div class="notice-signature" data-signature-id="6"><p>&nbsp;</p><p>&nbsp;</p><p>&nbsp;</p><p><span style="background-color:white;color:black;font-size:11pt;"><img src="data:image/png;base64,iVBORw0KGgoAAAANSUhEUgAABNYAAAFjCAYAAADxSobeAAAACXBIWXMAAC4jAAAuIwF4pT92AAAgAElEQVR4nOzdeZwk6V3f+e9TM1iH8asKr9e3XYVtsDBHlziNkNw5jNhFM4gu+cQs2s4BjACBugaBOCTo7MU2YCymWkaIEWsmi8Ogl22mGoP8skGaLBAIhIyqAGOha7I4ZNbrNV22da138rd/xBOZEZEReUTGlRmft16hqcqM46mjszK/+XuenzMzAQAAAAAAAFjOVt0DAAAAAAAAANYRwRoAAAAAAACQA8EaAAAAAAAAkAPBGgAAAAAAAJADwRoAAAAAAACQA8EaAAAAAAAAkAPBGgAAAAAAAJADwRoAAAAAAACQA8EaAAAAAAAAkAPBGgAAAAAAAJADwRoAAAAAAACQA8EaAAAAAAAAkAPBGgAAAAAAAJADwRoAAAAAAACQA8EaAAAAAAAAkAPBGgAAAAAAAJADwRoAAAAAAACQA8EaAAAAAAAAkAPBGgAAAAAAAJADwRoAAAAAAACQA8EaAAAAAAAAkAPBGgAAAAAAAJADwRoAAAAAAACQA8EaAAAAAAAAkAPBGgAAAAAAAJADwRoAAAAAAACQA8EaAAAAAAAAkAPBGgAAAAAAAJADwRoAAAAAAACQA8EaAAAAAAAAkAPBGgAAAAAAAJADwRoAAAAAAACQA8EaAAAAAAAAkAPBGgAAAAAAAJADwRoAAAAAAACQA8EaAAAAAAAAkAPBGgAAAAAAAJADwRoAAAAAAACQA8EaAAAAAAAAkAPBGgAAAAAAAJADwRoAAAAAAACQA8EaAAAAAAAAkAPBGgAAAAAAAJADwRoAAAAAAACQA8EaAAAAAAAAkAPBGgAAAAAAAJADwRoAAAAAAACQA8EaAAAAAAAAkAPBGgAAAAAAAJADwRoAAAAAAACQA8EaAAAAAAAAkAPBGgAAAAAAAJADwRoAAAAAAACQA8EaAAAAAAAAkAPBGgAAAAAAAJADwRoAAAAAAACQA8EaAAAAAAAAkAPBGgAAAAAAAJDDvXUPAO32JT/23j1Je5I0kjr+5h2Z7Ud22xtJu7EDLfjPaOqMwR0jG99wLulu5POB/+9wJBtKunvy4o8/yzd6AAAAAADQZs7M5u8FrOBLfnwcnnVk2pG07z8fh2VTAVnk93L6PmXfJ4uGapP9EreNkieSLkemMycNJQ2fMp1JOvup6x8/nD4bAAAAAAAAwRoK9uIff+++guBsX9K+SVdjO2T8usUCssTvZFawljdUC461qX1c5POnTHKTfU5HCoI2mc5+uvuXqXADAAAAAAAEa8jvxT/+3h0F0zc7CoK0q8l9LPOTiTzVatOhWnBnMkRzCkKy6etFrpESqgXHWvxaNv74UtKZzAYj6eTfPPQsgjYAAAAAAFqIYA0Le/Eb3rcjs46kAwVh2u6s/ad+s1Irx5L7NKtaLRqqxT+36BguR6YTSSc/86XPOpm+IgAAAAAA2EQEa5jpxW94X0eTIO1KMviaZelqtdyhWnDnYtVq80O14NjMarXxWDPuuxyZnUg6edOXfQIhGwAAAAAAG4xgDTHX3/C+cHrngaSDkbQ9vrPMUC3l/EVXq6U0LCiiWi12nVF8GuulCyrZ+m/+8k8YTI8QAAAAAACsM4I1hGHagd+uhbfPqiabZZEpoPPOv0yoJqWEaKs3LEivSLPZlWzRYC36JZnZhaT+SOqf/r2/MpweHQAAAAAAWDcEay12/Q3vO5DUVSRMC82rJpulrIYFqfetUK0W/ZJmTQGNf75wtZrc+FiLfCxJOh2Z9X/+Kz6xPz1yAAAAAACwLgjWWub6G963L+lQQXXadtZ+61KtVkbDgvG15oRqi1SrpYRq431d0PTgSFL/LS/5xOH0qAEAAAAAQJMRrLVAZKrnoaQr8/ZvYrXaag0L4oMpoWFB5hTQtGAt3NdpEgKa7FhS/xde8kkDAQAAAACAtUCwtsEWrU5LKqRarSENC4JjK21YMGsK6Hj/aKjmImMcmc4lHb31Kz+pP/2VAAAAAACAJiFY20B+7bRDSVeXPbbSarXcoVpw52LVavNDteDY4qvVwn9bafsmqtWC20x6anLshaSjkdR/21d98l0BAAAAAIDGIVjbINff8L6upJ6k3bznqKtaraqGBXVWq6WFaolqtcgYLbz0pYKA7ehXvpqADQAAAACAJiFY2wBFBGoSDQtSK9KSVWcrNiyQJsFaWqgWnGdyTWfhf+1S0tFT0tG/e+mnELABAAAAANAABGtrrKhATaJhQR3VapYYX3C5tKBOcmZ6KrjG5Ug6knT0q19DwAYAAAAAQJ0I1tbQjEDtNPLxXUlni57TB0A7kvYjode+5jQ9WKRabRMbFgSfL1etNm8KaHCe1Gq1YMzR22SXIwsCtnd87RUCNgAAAAAAakCwtmauv+F9HUkdBaHZXUlnx3/nL5QarLz4x98bBG5h8Db5775Fg7cNqFZbtWFBEdVq8eq3WLXa+JzjfYM12A7PX3alLwAAAAAAUCmCNazkS8LQzYKgzW9Xwvs3sVptmSmg4f7LVKulTQGVYtVq46/pqUkodyHp8Ndu7J8IAAAAAABUgmANhfuSHxtXuHVGQXXdVUkrhWrSdIiWXq02P1QLji2+Wi1acZbcN61azZnGoVlatZqlTwGNdQ+dOlY6HZkO//3h/sLTgAEAAAAAQD4Ea6jEF//Yew9k1lEQtF3JCtWk/NVqySmg4T5hsNaEhgVp1WqjSAVdRsOC8TkzqtViX7n//PbI1PvNh5/N+msAAAAAAJSEYA2V++J/9p69kXQgqatw2mjFU0Bj17LsUG2RarUKGxZkVquFpwtDuuBr1eVIOnznw8/uCwAAAAAAFI5gDbX6on/2nj1ZELKNImuzTZTfsCD+eXnVarMaFvhLR849s2HB+GuZnHuyjw/VxuexoFvs4Tu/7lOZHgoAAAAAQIEI1tAYf/tH37OnoIqtK2m3SQ0LwiqwcP+yGxZI6dVqC0wBTQvWwvPc+q2Xf2pPAAAAAACgEARraKS//aPvOZCsOzJdi97etIYFYbBWVMOCtGq1BRoWJKeApoVq4XEXkrrv+vpPGwgAAAAAAKyEYA2N9jd/5N17kg4VVLFt11GttswU0HD/VarVwlBtfNuK1WqWfsxtM+u95xs+neYGAAAAAADkRLCGtfA3f+TdOyNTV0HIthveXme1WrRqLLnvpIpsMsZ51Wo2Ywpo+LVF9wuHski1WnieRBB3LlP3Pa/4dNZeAwAAAAAgB4K1Nff073n+nqS9jLvPPvx1P7txFUl//Yff3ZXUG/l12KKiwVoTGhakVavlaViwSLXayOJfU/T8acdE11573ys+vScAAAAAALAUgrWGefr3PH9H0r6CsGxPUvi5/Oe7acct4ULS0H88jHw88P9dmzDu4Iff1ZXUk/+ezJoCKvnQaU6otki1WlFTQMOgbl7DgujxearVsoI4WWwMp07Wfd83fsZQAAAAAABgIQRrNXrGI8/vKAjNwiDtapHnX/FHeyrprqQz+QDuw1/3s4OVB1WCgx9+V3dkOnLSdnhbFQ0Loued1bBAmg7GouecV62Wemxkn7RQLXr+aLAWfJiYJjoJ4C4ldYff9BknAgAAAAAAcxGsVeSZR8/fkdSJbFcWPbZhP6JzBUHbmYIqt7MPPVx/hdsX/tC7dlyw/tpNafWGBWEVWLh/FQ0LpOlqtYIbFmRVqyXXYLt98U2fcSgAAAAAADATwVqJ/vDR/R1JB/JBmsUmKjbPCr8KF/Ihm6TBhx7+2doWw7/2Q+/ae8p0JOlamdVqsxoWBKfzt1mxDQtGkess2rDAf3mp1Wpm8RBvNPmCT8108Nvf8pm1h6YAAAAAADQVwVrB/vDt5+8rqJw6UGRq4kwF/wwaEOBdahK0nXzwsPqg7YXHv9WR1B+Fa9ItUa22TMOCcP951WphEOYvHTn39BTQZarVRtHxLNewILNjaPi9caZLM+v8zis/i66hAAAAAACkIFgryEe/5v49M/VV6DppBQdk9QV4YdA2UBC0DQsdSIYXHv/WziicHmrxUE3KrmTLqlaz5HGRfSdVZJNQbVa1WtkNC5JhWXQKaPh1JaecJsM5f97LkXT4e6/8rL4AAAAAAEAMwVoBPvo193clPVbV9Yr/kVUe4F1IOpE0+MDhm0pfKP/B/m/tK6heC9a1K6haLW0KaFq1Wp6GBYtWqyXDwmWr1ZL7ySx2jsjU09vvf9Vnse4aAAAAAAARBGsr+iOvub8j6Yk8xzb9O19hgHdH0skHbvxsv+grRr2g/1s9md2Mr7M2v1qtqIYFVVWr5WxYkFatJotc06RjMx3+x2/9q6y7BgAAAACACNZW8kdec/+epDO5BddSW1TBP5Km/4Qjv4LHH7jxpm6Z13rBY+/cHwXVcrvLNiwIPo7vm9awQJoOxuLVb7Or1VZpWBA9zsZfx/xqtbRuotHratK04dzMOr//bZ9NuAYAAAAAaL2tugewzpxT3zltOwUBRHILkoocW+YF820ua8t/yvSvN6fImK5/9GvuP1rhVHP964eedSZpX9JxVqgWuz2jWk2angI6Odf0ddNCtfi5JkHd1LGJfdKkhWqKfJTWsCC6X/TMlggNE91Vr0ga/PFbb93JHAwAAAAAAC1BxVpO2//k/p6km3mOLfo7XviPsOimosuP72P/28veNCx4FFM+7wff2ZV0JGl7lYYF0qRabVbDguhti04BXaZaLTxPeEyyWm2RhgXhtSfnSJ9mOjJdjmSd/3zzOXQMBQAAAAC0FhVrOWx/7/0dOd1sSgXZlkvfMq8zb8u4ToUVeJUskv8zX/qsvqTOyOw8vC1ZrZaU1bAg9NR4v8ltyYq35BTQ8X4pY0xWq0X3CS8xmZ6aPM/0NNHoftHbkk0Pol/feN/4VNVtSYM/2vvF/ZRhAwAAAADQCgRrS9p57f07fgpoZjCVW8FzM9c4wKssrPmZL33WmaSOggYKM7uApnFKb1iQmD4Za1gQP35SrZbVBTR5f/RczibniR5jyfsTU0DHv6YpU2DD/7pIMBc9tyZf87akwcfcJFwDAAAAALQTwdqSnKznZLtOpqxty6VvuQOoFgZ4VXrTl33C3Td92SccjKRbs/ZLq1ZLq2qLTq92ibuT1WrJKaBp66hFw7DoFFBp+jyxcST2iV0vNt5wrPGGBbHjI9Vq0WuaaVuywfbNXyBcAwAAAAC0DsHaEv7o931uxzndyHv8rDAuz7bBAd5whavm9sSXfUJP0kMj2WURDQsWqVabOiZRHTZeky3l/Ml129Kq1WY1LEirVgu/vvG+kfFMvkaLfyxtyzT4I99GuAYAAAAAaBeCtSU46SisqCp0SmTBgdYGBHj9lX5QK3jzl39CX8HU0Mvo7aOUYGxWtVq0YUFoXrVaslFCdAposlotbY224Bz+v7FxTs7nEjsmq9XGd0fGbykBXPRYBWPZNrPBR3/rWwjXAAAAAACtQbC2oP/pdZ/bk9OVqqdEtjDAe+jya940yD+q1Q2+/K+cSeqMpPPo7ctUq0Ur3pzZuKnB5FzTzQii14nukyYMuJLVasmGBck12OLNGeLnSFarpU0hTalWi+63PTINnvkqwjUAAAAAQDs4S6nEQdwfe919O5KGChZrL4ylxiornbDJp9MCv2oP/cFL39wv+LK5Xf2B39yRNBiZXZGiwdOkWs3ZpBNoWrXaeCqn4lMys6rVog0LnGxmtVp4nuQU0HAfS+wXnidZrWaRtdUscY3x12TxJg0Wfp6+3/nI1Pl//8Hz7i7/XQcAAAAAYH1QsbYAPwV0O6uyLP95i634ci59y1syV3EFXqNCNUk6/Xt/5e7IrCPpPFqtFhWGarGOoIn12ZJTQMf7zbh2WkXbog0Lktea1bAgGqpFz5dsWBA9V3Czpe7nr3FF0uCjXvnzOzO+RAAAAAAA1h7B2hz/8/ffty+n61UGUC0L8C6d04v+y1c3K1QL/fxXfOJdJ3VGFkwLjVarxcK0xPTJWQ0LomunSenVatH7o+dKTu1ctGHB+PcnY720sEIutrZa9P7YFNAwUJvslzJV9IqsvrXyAAAAAACoAsHaHL5aLV9mlBG4NaWCrAEB3qWTdf6fr3rzyQqXLd3PfcUn3lXQ0OB8VsMCSbkbFkRlTQGV0qvV0hoWKLFfNJxLNiwIf+bZU0CT15quVgs+j670Jo1k1+755p87ShkWAAAAAAAbgTXWZvgTj3Y6kp7Iut9slRiqfIX/ZIs94aVJnf/8VU+cFXrWEj3v0X+/M5INJF2JB1vxwCoaYqWtreaUXa02XpNtxtpqWceE651lrcEWXVstet5otVpsiuj467FYEDiKXCttvzB7G032fci+86/1F/omAwAAAACwRgjWZviTj943kHR12eOs4ARqAwO8S0md//sr1ydUC33Oo7+x40yDp4J1xAppWBBd42zRhgWSIkFYMnibnD88z6yGBSN/jkUaFoRTPRdubDBJ9Z5t33l17X7eQF7OuSNJpXXItWD9R6wZ59y+pDIreftm1i/x/KiAc25Q4unPzOywxPMDqBiPGfXw3/els4JFWdNDAMTcW/cAmurPvv6+zlbufyjp/waSi9cvfLaMf1JNCfCWPOpSUuc/rWGoJkm/8JJPuvvZ3/8bHUkD+XBNUqxhgdMkVEtK+1658X9Tpplqcl5JsVAt/CgWvPmKsbACLbaOmr/WeD02xavVZjUsCK81mrNfZNfItU2STtw3nu7bd12lUyjaYl8lPtnC2tpRub8XgxLPjerw2AFgGTxmADVjjbVsvawulnm3ezO2LeXb7pFL3fL+L7trZ3bDgiW3S+dsbUO10Fu/8pPuSuqY2aUUD6+SDQuSVWaLNCyIVqsF5/TnntGwIPxvcsqp3zF2f3TM8xoWRE+RbFgQ3W8csPlqtVFyJ9OupEavpQcAAAAAwLII1lL8+R/odLacXd1ypmW2vFoS4F06uc7/9ZLBWodqoTBck3QZrVaTshsWzKrsi3bvDI/LqlaLSu4T3W+66UC8YcF0l8+MKrRw0bSU/WLXmPog8YnZVfeKAaXkAAAAAICNwVTQFPdI3VzHZYRrT60ymBSjnFM2twqepZ2VyqYEQJeSOu9/yXpXqiX90ld98tlnvu7XD5z0RLTCLCqsCJNmV6uFDQ3G00Ija6tZyjGWqEKLVquZoiHXZExhoJacAprWVTRWhZaoQDMlpofOr1aLfvyI+4YnBvbd923U7wKwycpeQ2TN3Gdmg7oHUTfn3I5KXENwE/B7AgBAexCsJfzF/7Ozt+V0PXl7WrXQou5ZZUBp51uvAO9SUud3v2KzQrXQ277qkwef9X2//pCkx6TsarU8DQvC/ZKiQVjyJxT9PQ3Pk1atNj4+EdxNVaElqtosFtQlp4rarGq16Kcn7uuf2Ld/fB/rrbWIc66joMqzFGbWK+vcAKbsa0bXdEhaegnadvINPXbKOv86Bpx8TwBg/RCsJWxlVKtlVXvlbUgwS94Qr4EB3qWkzm//vc2Y/pnll7/6k/uf+dpf6zyleCA7Xr8s5ZhZDQtClgjjIjFWcOycarV4BVp6tVraFFLNqFaL75fRsCAydTSW7E1GtSupJ4lpoe3SkXSzxPP3Sjw3AKAcRyq3InYdA06+JwCwZgjWpizXTjh7kbr8f7OqCvFKDvAuJXWe3PBQLfS2l35K99Ne+2v7znRlXsOCeLXadMOCaCVZdCppcA7/X01+w5INCyyy4zLVasG54lVo4c5p1WrJKaDjE0uLfHzDvfzNJ/bqzx0IAAAArcF08pihmQ3rHgSA1RCsRTzrn17t3uO0XczZMqq9VphSWnSIV2KAdymp894vb0eoFnKmg5F0Jk1+hxapVovuk5wCOprKqybBW1itFl3zLFaB5s89Xo9NKdVqGQ0LwmuNZuwXG1dsCmliCmj27X338jfv26s/lymhAAAA7cF08olbouoeWHt0BY3Ycuou2nkzr3tcGZulblK+bStzW6iL6OVWC0M1SXr713zKUFJ3VrXaODhL3B9tfhDOwA2Dt3FhWPL+yBTQYP/xjrH7w/OH57TIOeLTRePVasmGBdH9lmxYEP94ErbtyparEAUAAAAAoEkI1rxP+sGre1vS1QXDI93r0rdFg7myAzyplgDvUrLOu1sYqoV+9Ws+5WRkui3NriOMhmFh6JVVrRaV3Ce6X1rTgegU0FhVWmSnaMOCkYU3W8Z+0dq5BRoWRG9Pr9a86R5+017qPQAAAADQTExnxhjBmnePs248LMpn0WCuaQFeAVV4l/c4dd795aetDdVC7/jaK4eSzhetVpOmq9WSx1iiCi1ZrTaZkhldB82fW/EpoNF12hZpWBDfT7FqtfF1ZlarZYRtk4/7AgAAAIA14NcJLGgJKWwCgrWJbvSTrOqsore8ig7wCgjxuu/8MkK10Mh0IOky2rDA3y4ny2xYkLa+XTQIS7nOWBjOJavVxufRdHAXHVv02PD2WY0NxtVqkUAutkNW2Kbk7XbVHf5sJ2MPAAAAAGiSg5LPf1Hy+VEwgjVJz37sr+1vSburhFJ5NT3A02Jf/0O/+aWnJytdZMOcv+zKUJGFSN34v9k/i/GU0ES1WvjRvGq1WI6V0rAgeg1pdrVaejMDP1U0MqyphgXxNdQ0s1ot/q3oCwAAAACar+x1ooclnx8FI1iTlmpakLVlVnup2C2vEkO7h37jS0/7KwxtY52/7MqRpNPkmmlZ1WrSdACWrFaLhmojm25YkKw4C8+ZXa2WrEKbXCy530oNC6LS117bdTd+pisAAAAAaCjn3IGkKyVfhplga4ZgTdKWdFBWoFX0OmhVBXgLfs0PnT/0c/0Vvj1t0HXSpZTSvVPZDQtcZI+0aaKzGhYkq9XGx0R2Sq9Is9T9ktNJ4x8kPlmkWi16l8Xu7wkAAAAAGsivrdav4FIEa2um9cHaZx4/b98523XONGvLqthqSkVaGc0M5oR4twnV5vu1G/tDSb1kw4KwWk2arlabZE2J+xNTQJPVauF5w/9GGxaMq9UiY5tZrRb7KlasVktvWDB1FZl23cv+bVcAAAAA0DwnqqZpQc9XxmFNtD5Yu9eps0rFV1bgNi+oW9cAT5K2nI7f8dDPlT2vfGP8+o39Iyc7TZsCKk1Xq0nTU0AXrVYLGxaEoVvs+JQqtJGFN2dVq8VXehs3LIjdmhhEeHvWcnKWuD9ezdbLOAoAAAAAauGc60u6WtHldiU97pw7cc7tVXRNrKD1wZp8N9CmT9lsUIB3/O+6P9et6oezQVKDyOS6Z/EYa37DgrRqtWTDgmhIN6thgVL3izQsiAZ6WVVplrhzdsOC+DmC/9t1X0vVGgAAAID6Oed2fKh2vYbLX5P0pHPuyE9DRUO1Olh77g89b2dLurLOUzYrDvDOnTMq1XL4jcNnnznpVrJhwShl32S1mhSvMMtqWBBWq43vVlbDgulrhR0+sxobhFNAgxAtcuMi00GnPk9Uq02HdD0BAAAAQI18tdhA9YRqUTckDZ1zPQK2Zmp1sHaPs46clGfLDLvUjCmbJQR45/c6dd52/efvrjCstjuSb2QgRTt/TlerRYO3rI6haedIVqulNyyYrlZLm2oafhzN0Sb7LbBuWtbU0NQpoLGAbdd9zb9hTQEAAAAAtfBrnJ2p/A6gi9qWdFOTgG2v3uEgqtXB2pZ08FEypW335N0yKr7WPMC7lNT5xf+dUG0Vv/nws+86s8NoJVlWw4JQdApoWrWai4Zg4TF5GxYkqtVWalgQNbthQfq+po4AAAAAoELOuT3n3Imkx1VNo4JlhQHbk865PgFbM7Q6WJNTZsVa0YHWGgd4l1uEaoX5D1/3qX1Jp2kNC0Jp00RnNSywSMOCUTJom6pWW6RhQXws8Q8SnyxUrRa5a361Wmh/6hYAAAAAKIFfS60n6UkFa5utg+sKArYBXUTrdW/dA6jL/T/y3L2toNvGclz6zWlrZS0iM9nMWuR97vnSD8w7PjkdnL74LWd5D8c0Z+qZ9ERyCqhFqtCSDQviS5vF10sLfyXDKaAmZazTZinB22S/1KmiearVkg0LUncMP03ZN3k7AAAAAJTAr1l26LcmVqgt4qqkq865C0l9SX0zG9Y6opZpbbC25dIrYtIqiBY63yqDSdOMAO+hJ178lkHOSyLDf3j5pw7+8qt/9Y4i74REM6Xkjz76Oxk2Pkg2LHCa9BVwFuZbGVVoGdVqwefJqaLJarIF1lBLssT96Q0L4qcnVwMaw8w6dY9hGc45HkHKdybpvpKv8USJ5z5XRrdubBZffbJu9uoeANAGfgrloaSu1jdQS9pVME30pnPujoKA7aTmMbVCa4M1Kf2FwlZGoJWZdOW0BgHe7Se+5C39oi+HgJkdSroWibEkza9Wi1egTWbzRqvV0hsRTDcsSK9Wy2hYMDMIywjbkgHalKz7TZKYegwADWVmdxV0SSuNc8U+70q4a2aDMi+AxrhZ9wAANIufMtnV+kz3zOuapGvOuUtJJ5KOzIyZaCVpbbC2pWUXRy92imXDA7zjJ77kLbyTW6J3ff2nDT/+H/+7Y0nX06rVkg0LgvzKTx1NqVYbH5+oVgvOFa9CC3cezdgvnAI6PnH4wSLTQWMXShyXFrYlQ7rgUx70AQBrwVc9dOsdBQAgS6Q67UB5loNab9sK1mK77qeKniioZOP1VoHaG6w5i7XNHeUMtIpeI60BAR7TIypiUk/SdWnSxTOsVktWpkU/doqsx6aUarWMhgXhVUdz9puqVgs/GX+Ykait3rAgejcP9ACAdbEnKqOAZQwl3ap7EEvoKFjDCmvEh2lhddqVWfu2yK6kG5JuELIVq5XB2oP/7DmdZCBWwqL/GedrdIB3OZI6P/O//QLT8Crw7q//tOFf+u6335J0M1wRKDoFNK1abXJ/dCroJJiLThuV0tZMm+yQ3G+lhgVRcxsWpOwbrVajYg0AAGBj+UXVezUPY2F+rT6CtTXgnOsoCNPaWJm2rLSQbcCabPm0MlhzGY0L0tyTcXuyOMMgxAcAACAASURBVGdRDQ7wLiV1fuaLCdUqdmTSoZO2kx0+pbSmA/EpoGH4Nt43qwotshZacr/YNZSzYUER1WqT2y7tdZ8/TNkDAAAAACSNq9I6CoK0jjanCUHVoiGbJN1RsJbqCd1FF9PKYG1LFgnWcq5pVnDXzgYEeIf/+ot/kSqhir3nGz797l/6R28/GvmqtbSGBfGunekNC6KFX5NQbtGGBfFqtfA6syvUMsK2udVqKftGbw8+HggA0Fr+hVKZBiWfHwBQgkiQFm5UpZXjmt8e8dVsg3AjaEvXzmDNRdtYZwRQuQOtLI0O8G7/1N/9xX7OU2J1RwrWtduW4r97zuLB2eINCyaiWdeshgVmkWq16EJr0R1mTQGN3Z6oZkseFwvVps41yDgzgBo45/YVPE4BVdmrewAAgPr5qZ37mgRpVKRVb1e++YEk+S6jA0ld3yUcammwpgXmyGcv+p9XYwO805/8u79Is4IavecVn373L37X2/sj6UayWi2WR81qWOClVqGlrJe2VMOCaBCWHFWyWm3eemupv+9TlWuDtL0A1GZHrC2Dau3VPQAAQH2ccwNtznOPSwXrl12veyAF2Za0Q6gW17pg7a+/4bP3tsYrwhen+K6deS0V4F0omI+Omo2kIye7kdawIFlxNr9aLV6FFu6cVq2WbFgwPrG0+MfJQSYDtKx9k5VtgUt73QuYkozKOOd2pMXX3VzCTgnnBNqijH+TUYOSzw9gs5T5N53nvekG2oxg7Y58ZZdzri+pr82YvtqrewBN07pgbSt8F7TgKZbFd+1MV3CAd3DyRW8laW6AJ7/x04d73/krx5KuxyrQ5IO2WdVqGQ0LAkG1WtZ+wR6TD6aq1SLHzb49cpel3Z9VrRY9xiTjxQ4qty/piboHASCmU/L5hyWfH8BmKTPs57VYCjPrOee6Wt8Q6lJSz8zGS2mY2UDSnu8yO14GaA2d+q8FEdkzCjeWdSaLSE1vW5mb8m0ufVPOLet8Ocb20MkXvZV3SJqlN84/wyAtEnaF/w1DNZdSYDa9Ztpkh+R+yWq1+Q0LIh8X1bDApg6hvTMAtJhfmPpKyZfplHx+AMDq1nW5ojuS9qOhWpSZ9RSEtcdVDqpAvboH0EStC9bucdq5x0nLb5a6zQrpGhzgHf/EF721X/K3GksaftNnDEeRB9i0hgXR9dCSVWjjAM7Cmy1jv0j4pkjDgtitiUGEt2dVnSWndaZVs2VVuEXPzbsfANB2VSxR8ZivhACARbC8Qw3M7ETSad3jWMKFpBeZ2cG8zplmNjSzrqRna72+xmOq1dK1Lljbku1nh1rLbx/l0rd84V0lAd75lmxd0/826Cu2DlogOgVUihd+LdKwIL5fJKCzyHVmVqtlhG3JsCwqeVza7fF9zu3RB4bZJwQAtEBVz1EI1wAsqrQqWkKKuXp1D2ABl5JumdmeDwMXZmZnZtaRdJ/WI2Dr1T2ApmpfsOa0kzmdMq3iK+91CgzvCgzwLu9x6v6Lv/NLzOVvqItv+oyBpNNktVooNgU0JYALblfs9qzGBuEU0Ph0zETV2YxZnvHb5xw3u2FBuE8/4woAgBaoYT0dwjUAM/np6aiJDx6bPGXylqQ9P70zNzMbrEHAdjyvEq/NWhesacl3HJYJ4VbZ8loyoDt8w9/+JdZVa74jaRKIJavVYs0NZlSrpTcziE8nla3QsCAZoKUdN6OgLaWijfXVAKClfIfe1PVoSvaYX0gaANLslXju8xLPvUl6CqrCmuRY0seaWc/MCitaSQRsd4o6b0F6dQ+gyVrVFfTF//wzd6aTxBVSrRQFd+0s0vGP/q1f7i+yo39nprvEuYe2YrWRc+5Q+dYvuJtcGDLH+OvQz0r8L775M0/+/D9824Wk3XBttWjDgqC4K70KbaphQWK/lRoWRM0K0LL2nV2txjTQzbdX9wAANFpf9XVIu+mfOxwW+QIJwEbolHhuHm8WYGZD59yRpJs1D+VSwRtAma/jiuIr9Qb+b1NPwfqjdXYRpVptjlYFa1surVVyeknNaFalzaxrZN5Ta4B3oeXWLNnTcg9cpwqeEOfiHyhv5Dz8RSm37an+B955BpKGWXf6sPCRSbVaINmIIBStVkvbLzmdNP5B4pNFqtWid1na/QtWq0326c/YG5thr+4BAGgm/+batZqHcV3SvnOua2ZU9wMIdUo896DEc2+aIwWvZ+sIly4UvFY5qvrNFx9mdX1Vd1fB96DKJROkIFBkjfY52jgVdCHFT/e01K3ApgSzuooe/Ojf+uVGviPi1zbJG6o9tOwCkWukP5IuwymgsbXVIjtFq9CmqtVip1uxWi2zYUFa2JaybzRIS9+nLwBA6/jnAY/UPQ7vioIKAV5AAAilFGYUZljiuTeKD7Sqfmw+VfB6c6/oKZ/LMrO7ZnZkZnsKCkuqnCZaeaC4jloVrDmnfeekMra8Kgjwbv3w3/rlRr7z6pzbV/71VI5XnX7aZL/zys+66/yaY2EEFW1EMFWFFgmrpqvVIlNFFWlYELs1dqLJ7VlVZ8mKs7RqtliopulzTfa5Y48+wIP15iuzVX1TF3kFMIMP1R6rexwJ25Iecc6d+AoBAC3lnOuo3AqpRr5Gayr/2q/sdekuFayf9mwz6zTx9aaZnZjZgaSPVdA84aLEy4XTXzFHu6aCLvDCLu8aaauEa8tI5hdznB//zbf1yhnJavyT1YHy/bE6NbNuoQNqoJGp52TXkwVjsxoWRKvVUhsW+Iqx1Gq1ZHXZ+L7Ex4uGbdN3pjUskKhWa4vSWtUDWD++KqwplWpprkkaOucOm/jCCgu7VfcAcuiq+qleSHdQ4rkvmXaey6GkJ0o477mCAOlkXaqz/DTRnqSeD4G7Kn4tNqrVFtSqYG0RVZXwVRTgdXNepgoD5ftHf65y/8g1xvtf9VnDP/33f+nUma4GudckkEo2LAg+iFe1JfcLp4CGH48/WGQ66NTniWq1qX1TpoAmzxXsc2GPPrCp03nhVVD1MSj5/AAK4h8P+qp/TbVFbCvoGtpV0NiAF8Frxsx6dY9hWf4FMsFaM5T5moPHkxzMbOCcO5V0tYDTXSiYIXS07gvzR5od7Cj4vT3Q6n9nqVZbQquCNees8DnyZvlK1SoI8G794N94WyMfsJ1zfeWrXrmU1G1Zat4fSVfnNSwYaXZjg2iONgl1F1g3LWtqaOoU0BnVbONjpvbhwbodylyfRGKNEmAt+MCgr/ULDa5Keodz7raktHV2ziTdV+D1yqjGALAEv2RNmY9VgxLPvem6kp7MeeylgjCt78OojeL/PvUl9QsI2WpdV27dtCpYmzUVNH8F2XJzM/NaMsA7/8G/0dgpoF0FnbfyOGjbu8Xvf9Vf7f+pb/+lI4tU9yWr1bIaFkQbG+RqWBA1t2FByr6zpoYG+1yKaaBtQbAGtJh/cn+k/H//m+KGgu5sR4pMj/H/HRR1EVfV+iIAZil7ofxByeffWGY2dM4da/G/KWGYdrLBje+mrBiyXZgZBRBLaFXzArnsLbMZgIrdcg/d2TJbd4VLlca/85N3keKHNvFdhYX4tV2mqtAi65VNNyyIHD71QeKTharVInctU60WO2ZqnxOaFrRG2cEav0dAQ/m11IZa/1AttC3ppqQz/2YhgA0TCSHKctna1zXFOVQQmGW5UNCE4EVmtmNm3TaFakm+q2jfNz34GAWdRY+V3figV9XYNkWrgrUZuVr2ltUFNOdWQYB365/+9V9pXFWXc25P+d+Z2egOoPNYZLpkrApN09VqqY0N8lSrJRsWpO6oSWCW3Dd6e+Y+67fuCXIrO1iruv06gDmccwfOuaGCBgVldtWry66C9deGzrlDOogCG6Wrch+3WhvwFMVXYyUrqs4l3VbQ0XOv7WFaFh+ynfjvz56kZ0t6WNIdBWHlRZtfe+fVrqmgTnvJ20ZpVTYLKLxIP+OESw7v4gde9Cu9lcdSMP9k80T5/kDdaUMH0Fl+/9s+e/jHb731dBRZpDOrWi34PDlVNFkplgi5shoZTB0yo2FBNIxLVral7SMd2+sfHGZcDRvE//svuyPogXNuh3Ug1tZ9vHO/Ofw6aj0Vs7D0OthVEB72/BTR/rovgg2AaaDrwMx6vnjjTME0z2GtA1pTfqmlM7H29UpaVbEm2a5/dT/etlzWNqO6LMeW15IFcd0VvjllOlK+F9bnyvE1mdnAzFyZm4IS2vMcX5MUhIWDJY/px6rQEhVo8Wq1jIYFySqyRaaApnX8jMm6P6NabXLe3qyzYqN0KrjGtlrSLRhoKudcxzk3ULDwfltCtahwiuiTzrm+DxgBrBk/xbvMpgUSFWuF8VVXa9/VE+uvVcHaciGVpW7JYG7RrYIA787rX/Qrg6q+l4vya6vkWVflUkGzgqZWoFQaFv6nm5/dl19HYJx7+cDMMqrVwimg4cfR2+d+HLuQvzOrWi26b/paalSrtVunouv0KroOgAjnXNdP+WxroJbmuqQnItNE92oeD4DF9Uo+/50Gv76phH8jxtg2fuvU/btWpVZNBS1i/mbmKXJOKc06cMnTXaqBawz5f0yP5Dy809R3HtxqYWE37x/TkekkuG5QrZZsWBDZb7paLfxk/OEC1WrRuyzt/jnVbJkhG9VqLVNVJdmuc66bY02IoaRbxQ9HXZX/jjdQCxdM8e4qeO7RlN/zcwXjybv0RBnCaaKPOOfOFXRnY7oS0FD+OX7Zj2n9ks8PoAatCtYWKc8bzd8lXcGLri0Z4B297uDtw2JHsBoXdADNW+b8kJ/r3TgrhoXdFb+uIzNdT04BDcUaG1iOhgVRcxsWpOwbDdKyz0e1Wov4x4EqX3T3tOQTVv8Ct1f0QPxjRVMCB6AQLqi86ioIsJoSXklBqNYxs7v+395AzRqfFFS5P6KgmUu33qEASPJvGPRKvswli+kDm6lVU0EXUWB3zplbbtNzVi/kmrXQoP/D1Fe+J7W3m9qFxL+gyPvH8Naqf0j/S+85Z5JdSNPVatFA2LRAw4Lo7anVaJFDlqlWS14zuZYb1Wpt0634ersuWBsFQIFcMG2nL+lJBeuINSm0uiMfqknjRZj3lX8d1DI1coYBAEnBMi9lP7b1Sz4/gJq0KlhzrvgtrwJDut7rrr29afP0+8q3/tgdM2vyE85VOpv2ihjASDpKb1gQr1bz+86pUJvRsCD1oBnHRW9P7jPZ9zbVaq1TR0OBXg3XBDaSizckyLMEQtmOzWxqPVZfidpRELo1Se7lIACUx1e6VvEY16hiCADFaVewltGQwOVfIK2UsG6JAO/itdfe3s89+BI453qSruU4NNei/lXx79RX1qxghpNZDQvMItVq0YXWojvMmgIau31Gw4JoJVqysi1tn+Bd+l7G1bCBnHMHqmcq5K5fIwXro1v3AJAprP5qoofNrJt1p5ndNbMDlbOGYh53mAIGNE9kpk3Z7rC+IrC52hWszQiusrp2zgrj8mwFj71RLx79C+mbOQ5tdAdQP7Ws8mYFqSe89TlD+Xfgl2pYkJySOatabd56a6m/xnOr1Y7s9Q828ueL0nRrvHbPP1HGerjegM5VebZB3d+4svm/X3VUns5yKelFZrZQ5YevGH+RP64uTAEFmqunat4IpFoN2GDtCtZyBGGZgVvOyrMCA7zT7/3CtzfmnU+/SHk/x6GXanYH0H1Jj+U8/LCMJgzRd7zTGhaEH08OWODj4MTxOxfZN7PzZ+x8F/b6B3tTX8iCPvJG96l5j0U9/HqEeSpXi7It1jEBCmFmAzWn6utc0v6ylV9+/zrXXes19XkO0Ga+KOBGBZc69Y+lADZUq7qCps2ozFtDtkr1Wer5MqZ7WnZ/0Ca967Gj/OuPlRI+FcFXvAxyHl5mE4aTkcXDvpnVatJi1WrRu5ZpWBA7NrXirTvjqJk+8kbXlbQn6VfzngO16NU9AEnXnHMdnsgCqzOznl+D6GqNw7i9yjqsPtja90tW5Kmuz+t00eo6FM85d6JmPWdeBBXXFVihKCCPXkXXAVCTdgVrKRlVVmyVzBtWVXCAd3H7hb/amGo15Vt7TAo6ZfaLHEjBBsoXFp6W2YThv3/7c+8+81VvOR7Jrier1eY3LIh8XFTDAps+JHK+O/b6Bwczv6DZeuLJyFrx1WpNWeS875zbb+o0c2DNHChYc63qtRMvFCyrMCjiZD4kHCh4QV3213Ip1hCs2zXVW0GNBoqsq1ZFh2Oq1YAWaNlU0MW3LZe+5Z8CmnG+Jcflt15l37TyHBfVKbMMKzQruFAF69GMNJkGY4o0LFD01vDDBavO0hoWJO/PqnCLnjvasGCFgNFXq+1KGuY9B2rRq3sAEbtav0qFJmpkVTGqVdN6a7cVTP0cFHlSf759f/4yMQUUaKa+8hcGLKtX0XUA1KhVwdqktGaFJgIFbzkCvIujF/5qP/cX0AznavAivis2K6ikCcOH//7zTkamy2gx2fxqtRkNC7JkNiOI3J7dsKBnr39wmH3yuXr+v1QbrYmGVauFrvt/08iJij+E/NIND1dwqQtJ95nZYVm/f75r6KGk+1TO2mtMAQUayL95XlUV4zHVakA7tCpYc84i2yh1i4dvRWw5x5q99XKftDkGTX2h1sRmBTOcjBsWxH7dElVnM5sQRP8757jlGhac2usfzP2C4iNvdD35KTpPe6CZa/AhVb/uAWQ48v+2kd9F3QNAM/iw6E5Jp79UsEzEXlUvRs1sYGb7Cho0FNk5tFvguQAUwK+xWNUbgJfajNdtABbQqmBtEfHwrYit0ADvUlquE1ZD3fBdeBqlwc0KUlnQMEKrNSxIC8gWnDo6Pm3qOVaZArqjSUVjkS9yUCJfFXa17nFk2Faw3hoLQudHwI2oroqv8rqjYNpnr+DzLsRfd1/ScQGnu8UUUKBZ/POUmxVe8ojHAaA9WhWsbZWw5ZUzqDv6ni94RyMrvXJo4ovcgRrYrCDL//gHzzsZyS6XalgQNStAy9o3K0iLn++Wvf7BVV6E9zT5OfBifg34f8tNn/J0Rc0fY5MN6h4AmsNXnXdVzJsfpwqmfR7U/SLUzIYWdLK+z48rj/MmryHbQIO6B4DN50O1vDNS8rjgcQBol1YFa87ZeVZolVcZYd2MAK+fe6DNs60GfT1Nb1aQyXQS/WTy4SLVapG7UhsW5KpWO7VHH+jNOGqmj7zR7Um6EblpU4LkTddXNZ21VnXdTwPB8jahWhoF8ksfrPKm0oWkh8ys07Q1iPz00I7yBWzdwge02fg7j1I55w5Vbagm8TgAtE6rgjXN+ONd/BTQwgO8O69+8GyY+wTNdM3/savVOjQryDLy66yNzfo4s2FBWtiWsm80SEvf51LBO/2r6Cc+p2Kt4fy/4aoWAS7CTZoZLM9XEuWt4MGG8ksgLDt1MgzU9qpeQmFZOQK2WxWvtboJBnUPAJvLv3H+SMWXvd20NwsAlK9twVrtVgjl+nWPvSQ930mwFmvWrGCKfcdfO5F0udQaapG7phoWJO+PhWqaPlc8sFupC+hH3ugONL1GFy9QGsz/+6n6CWsRHnPOdeoexBrq1T0ANNKhFltvbW0CtaQFAzamgObgn0exnioK5Zzb8aFaVY0KQud1LA8DoH6tCta2nJW+leTyHz1wvqnTcLZV0xSjdWtWMMO4icFUdVkoWa22aNg2fef0uQN37NEHVukCmrVG1zDvOVEuH4gP6h3FSk7oFLoc/w48VWuIWWC9tbUN1JIiAdvHKqjUi37NvJjOb1Of46IGkecnVYdql2IKKNBa99Y9gCo52VALdq0zuVzXKClc65dx0ga54pzr1fBO70Br1Kwgm53IIk8eZjYhSHwSrVZbtmHBJMi70OpPJA4l7SZvfNoDTKlpIh9Kn2g91lXLsi1p4Jzr1F15uma6CipJ1/lnj4KZ2ZmfYv145OYLSb11D9PS+KnRXf9YeCBpj6lfKzlS9SEINpCvRq/r+UntM1nWyFDSrboHsaI9lfu4dar1fgNbalmBRKuCNS3xw3UzV20vzoIBXr/kYTTBTefcSVV/kNa2WUEK+86rJ+4bTy9lFnkSscDU0OIaFhzYow/kXmfuI290+0pvf77I1CJULFLpmeffT9MQri3JzIY1LQSNhjOzE+fcbUn7ko7MbOOrkHy1Xr/ucaw7H8yeasE3v4E0vjlR2vPJKhxv4psIZfFvTvRqHsZKfIhbZrA2YHmB9dKqYM1FMqy8FWmZkutTLWiBAO/iO17w6+v2gi/vk6MT59x+2c0A1rlZwQwnkq7Prlab17AgZd+phgVT+zxsjz6w6u9nP+P2dfu933gVh2rnCn43yl7DjXBtSWbWd8EfVMI1xDSrmrtYfur4zrz9qFzLrSvpyboHgfXjp372VV8wey6mggOt16pgTZGKtcIr0jJyugICvHV7x/dYwR+XM6VM7ZtjV8G7F6X9cVr3ZgWZgifyPizMqlZTvmq1rOmjK66rJkkfeaPrKTukaeb3uqVqqFTr+iqGtKYWRQvDtW4bqmyK4MO1odZ/SjAQPjfYU1Btt+c3Kcdjj3Ox530XCp573lXwN20oaUj4Ns1Xwz6s9WyIg5r4Cuqe6vs7dCmp09A33TeOfy7alPVxyx7HXgMabd1t7GvfBmpVsLa1wjzfUc7jCgjw+queoEJ3zKwrjavCnshxjhvOuUEZL243qFlBmhNZJDCMd+tcoFotZd/o7dP7nGvFddU+8tNuX25myT4P5A3h3w0+UXWh2q3IH/KuqlnTa1vS4865hxr+b70xzGzgfzdYHwlrw//Odvy2r3If13Y1eZPxWmQMUhC6nSl4XjKIvngxs4KnVawHMzvyISePJ5ipAVVqEqFaHfaV7/XlOrqu+h8LTxX8rcQCWtUVVM6CyrIc21bWpmK3hIt/+PlrMw00FrT4d2Nv5zxX34dgRRtoI5oVTLN/1Lkr6c7MNdKS66MlGxZMdRXV9LmCfS4ldVdZV83rz8qdn/YA7+g3gX+Rc6bqQrXz6JoS4SLhFV1bkh5zzq1UidkmZnbXv6HysQoe8y/qHREwzTl34JwLqyyfVFC5fl31rhW5qyBse0TSO5xzd51zJ865bknPgdaCfzw5rnscaC6/ltqTqn9Nvi7VPABCrQrWnOzMaaS0bbKI1JKby9pURIA3qOY7s7Kstcd6yrcA/bYKrtTbpGYF2SJBVLJabWbhZNb9GdVqQai20hOJj/y0O1L480gf2+kq50cx/BSLd6jaKRbd5A2+grXKF1o3nHODNr+4XZaZDc3s0Mz2JD1b0sMKfmanImxDDSJh2l0F3Uqva/klKqq0rSBoe0zSH7Q5ZPPh2kMKnl8Cksb/poeqr0FB1EMsHQEgqlXB2rf/r/8+s8LGyQreCgnw1uUB+8xXlcT4oK2b85zX/Iv6lW1os4I0J3MbFmRVq0X3TVa2RQ6X2S179IGVfi8/8tPuQNKNObvxDmCNnHM7zrkTVb/WzcMz3v09VLWdYq9KGjZgfYu1Y2ZnZnZkZl0z65jZnpm5Ddw6dX+vEecfu3r+xXcYpq3rGoBhyDb0AeFevcOplp+Svyeq11rPOddxzg0U/JtuQjjOkhEAprQqWJMkJ13kLCaLbfmvv1RAN1jhUo3gXyTfynl4b9Unkn4aW95pXc1tVpDCvvu+oaTzQhoWxI4d73Nsjz7QW2WMH/lpt6e0asTpMQxWuQ7y880ChoqsB1SRO2aW+W81EtRXWcGwLekJP+0EQEM55/Z8ZfpQQTVLE158F2VbQUD4pA/YmrJwd+kiU80/RkEVLNXsLRIJ1J5Q/dM+Q4RqAFK1qnmBJDmnoQp4wpUVriUzjRWc/x8zKuzWiZn1/Iv1ZadibitYMD3Xk0g/fSJvx7rjtfzDGaxt56dYrtCwwKYOOVcx68wt+vMYFHAtLCGyCH3VgZqUWKMxi+8Seqj8nX3zuukfww7p5gc0h/87f+i3da1MW8Z1Sdedc8eSemmzBTaRf2PlyG/ylcR7mnRv3Ze06pTZHZW75l7YIRZz+J9vT80J00KEagAytS9Ykw21wAO15axLc6uUs8WtyzTQRR0oX2e/K865XnQx8yWcKF+Ieh52N11DfUWnWaY1LIhKC4It8YnpQmadVZsVxNZVS2MKE+vzpz2wNtNv114DXpgGzTAWnHJtZmHFxrzpxEW7oqB67VhBwMbvKFAjH3b31Y5ALem6pAPn3FHO50drrYw3OHyYU2a3wX4bf1bL8Eu3HKrepiJZCNUAzNS6qaBa8N2i4tdcS99mGBTxxTaFf1e1l/Pwm8tOffBd/fK803WpNW4rbK/+3DNJlzNLJ+dVq8U/DtaZWz1U62rxIGSwyrWwmHAtIk2mTtX14nTprlq+S++dksYzz3UFax712rioOFC3yBqQj6udoVpoW8Hzo7M2TQ/FZvHTuHu+ychjal6odilCNQALaF3F2pYLyuZHK62UliLnFNAZ4drarO21KDM78u8w5wm8Tpxz+4tUiaxYzTKQdOgKLD3M0C9xCseJpOup1WrJ2aGxUE3Tv8emjn3/C1btALr4OndB1dpglethtgZUqEU9vEJXra6Cf691PAnfVhBGHjrnDnnCDVTD/33PW42+qa5IGvBYhHXiq9MOVM/yE4u6lNRZp/WWAdSndcGafMXaVt4kLEtGDpMzwDvvfd5vbuo0o67yTQndVVDxtsg6X6tUkVxTNX/kByprrQ2zgSzRBXWhhgVT1WoPrRqqffin3Y4LvtZlft6DVa6JbP5F6UD1B2pSsI5h3sYiMrO7furOUPV9PdtizRygEv6FeNXrK66LbUmP+TcgC+moDhTNv7kebk14HjLLuaSDtqxjCGB1rZsK6mRnBU/ZnGlLlmcbFPcVN4v/A9XNefgN/0cZs/kKoJQKtai0hgUTD9nrXtBfZRAf/im3I9PAlnvydMr6auXx77o24Z3X4yLWMfQVrB1V2yk06jbNDIDyEaot7Ibvjgo0gnPuwHezvatg+vZ1NT9Uu6Og9fUf6AAAIABJREFUUm1Y90AArI/WVax96+e98+63/+yzLrXkg3pmuFZw4ZtvmtCEF76lMbMT59wd5asM6zvn9lg4PJt9z/133cNvOpdldAed9TsbhGwPrxqqeX0tP01v05p2NFFX+apGi3KnyOYgvlNoR9VX4l0o/7qRreGnHpe5/tMZfw82G6Ha0q4757TGTZiwIfzf5sfrHseSbtFkAkAerQvWJMkFLypj63zlzscKXorLB3gbHax5XeWbwrWtILChcm0mO1E01JrXsMDGdx/b616Qe3pe6MM/5foKg1OTzC38T2Ww6rUxm5kN/QvVOp7snit/xWqmmsK1hTuZtty+yu20d5943NhYhGq5Ea6hdmY2cM49LOmRuseygKBZF1XoAHJq3VRQbyq4chVti/jW579z44M1/4I0bzh2zTnHGiKzmH+hmewOahm3BY7tdZ/fXfXSH/4pdyQl1nhbzMXTHmSB2Cr4hgFVd9U8VTC1opQwyk9z7aiaaaFMAQVK5teEJFTL7zrPlVA3v5bqcd3jmOOOpD3+rgNYRVuDtWFdF14gfDuva2xV83/Abuc8vOec2ytsMBvGjp4/UBgwJKvVxjtFbrfCQrWu0jqyzpmB6jENtFpdVbc22bGZlRaqhSoK15gCCpTMTyEe1D2ODfCIDyiBOh2qma9vLhV0Jz+gAh3AqloZrG05nW05qYytAMNCzrI+egpeqC5rWwQxs5mdTDUvSG9YUGSotkp1wWDVMWBx/klkt4JLFdKoYFEVhGtMAQXK11fzFzhfF/26B4B2izzfqKvRUJpTSfurdCcHgKhWBmvfcv87B9JIs7d8CgjnWjUVbsUpoVecc70Ch7NpepIu55SLHdv3VRSqza5au3zag0ZQWrEKpoTeqmONnxLDNaaAAiXz6yXmaW6EdDxXQu383+Vu3eNQ8LzgIV9FP6x7MAA2RyuDNSmYcjl7SuYodZsfyC27TWlVsCaN/9jeynn4Tf8kHAl2+/OGkvYUrm0Rr1a7lOlWZaHaeFCZ4RqhWn26Kj6ACp+49go+78L848qeipt+whRQoBr9ugewgQ799FqgNv7NvLzP94twrGAttX6NYwCwoVrZFdQ7U7Rr4oIKbgKqlHCtlVOMzKznnDtQjp+Jgifhe4UOaEPYaz7vrqSu+9p/e6igO19w+2s/f1DE+QuY/hkiWKuJmd31//aK6tx4oaCzVu1vEvivraPgMWLVChimgAIl811Ad+sexxwXml62Y0f5nr9UZVvBOle9mseBlvPP9/dVbVXqqaQeFecb4UxBN3AE9rUeXXdbobXB2pbTQCmdCxdYYH0pyQaM83zz/e8aFDyEpfk/PMVniPOvW8gCu3WNv8nsn/wvd1XwGma+++d0o4K5g5HMxX5AF0wDrZeZDZxzt5Xn5xl3Rw0LoMLp5n4q1M2cp2EKKFCNpnSxPFXwN3Pot7NFH9d8Zdi+gjf89hRMS99X/WvGHTrnjpr0+IzW6ir491V2GH2hIFDrl3wdVMQ/fg3qHkdTOMfL3SZpbbCmoEJmqtKm6F/PrN/3ogM8oEof/inXV0ownROhWjP0FKx3mLda5OEmLwLs3yUfKPh9W+YFLlNAgQr4Kpa6qr4uFDw2nKwaome98PNfX1erPc6uYttfu1/DtYExX03eVfDvpIzAmUANQOVaG6x94+e+6+53vfnjz1XTk7iMvK2JraiBsQ//K7cj6UjS9ZVS6HjVWn/1kWFVkSe6y04JPVdQpVb71M95fGXenpabGtqoCjxgg3VruOappCO/9lOp/GPkoYLKsQP/8dWyr5tAsIZGMLMz59yhillOJHSh4PebyswN5t+kYM3IQCGzvVCM1gZrkuScnSgM1gouIbN8qQN/BNBYPlQbqNgw+vxpDzY/kGmLJaeEXip48tord1TFikwNDdcbmvVuOVNAUSiWKpgpb4fwPC4VhOa1VEz76574gO1I1VWwXXPO7RA6oAnMrO9DklWXoaBCrV2OVP2bEsBcre0K6k2eUM1uEbr05pylb5q5DSv6uoGlfOhfuX0L1pmZhGqrhtFBh9D+imdB8XoKnqTOckfS/rqFalF+2uqegq8lDVNAgYr4StKqwqVzBZ0Ba1+GwI9hX9mPQ2XoVHgtYCYzO1RQOZrHqYIO5HT6BFC7Vgdrr7jv3WdOusiTneU2+8TDVU4NlOFDP1nqOhj9Es6JFYQVXRl3n0q6z8wOzNb/jQAzu2tmBwo6TCWn4jMFFKhOVdNZziV1mvRvO/I4dFzRJZk6hKY50Pw39KKOJT3bzDoEagCaotXBmiQ52WBOFVnqtpWxrVrsBjTJh37SHUl6TBaEalNFaqtVrR0//cHmvLjBhF8L6FbkpgtJL/JPYgf1jKo8ZjbwXYkfUvC1MgUUqFYVYc+lGhaqJRyqmrV2OxVcA1hY5A29yxm7nUt6WNLHmNlarOsKoF1avcaaNF5nbaq7oVm+mMvR7xMb4EM/Wcp6akn9Es+NFfkumnuS+m0Jmfw73/2ahwG0URXB2mGDQ7Wwgcyhlm8gsywW/UbjZDQzuFTwN7lPkAag6VofrL28896TVw/+4qUS09ycqyYgSwR4g0ouCszwoTsu6BrmElM/TZIb/2fq9iVdPP0L2hHWrDMz69Y9BgCtUHbYc7kOU8Z8A5myO9aXeW4gt0gzgx1JJ01YBxEAFtX6YM1LrVqrQlUBHjDPh+64HQWLtWd3Z8oK0ZYP146W2hsAgPzWqdpl0rF+TfgwZN3/rpcd7nadc52Sr1G2ftkBtW9mAABrh2BNkgvKjK9Lqzc6BNbRh07cvpz6Snb9zAjL8hWpjYWl/QAAVGFQ9wCWMKx7ADnsSLpa9yAablfVdb4ty6DuAQBAU7W+eYEkfV3nvQPndOGctJWxrdqUgCYFaKoPnbiepHdo0XfIs9LnxVPp/tO/oLnr3AAAAAAAsCgq1iZONGMKnCs4DSNcQ90+eOI6kvoufAc1rQytnKq1dZ8uAgBYL526B7CEvboHAAAAlkOw5rngxX722lJLqmNK6Xtf8Yf2JHWds7A07uQvfMf/WKd1RVCBDz7udhT8vl9PbUawiPxrrR0//QtsuOzlAABYQRVdR4tyUPcAAADAcpgK6h1efe9Q0mlR56t6iuh7v+EPHcn0pKSb4830jvd980cNn/yWe4+e/JZ71+lJJUrywcfdoYL1W9KbdaQlwjNS4hwBMtVqAICkspcH2HbOdUu+xsqcc3sqv3HBecnnBwCgdQjWYqwfRAWLbM3xnpc/7UjmxtV2Zi46xF0L7nvHk6+8d/jkK+89evKV9/JuaMt88HHX+eDjbijpEUnb4zss9p/lLL/W2unTv8CooAQAJFXxt6HnnCu78+Oq+hVcgzVOAQAoGMFaxOHV9/Wds0vnTPO3Ueq2eDBXTGD3nq97WkfRKazJU1js412/7+PDV917d/iqe/vDb723O/y2e5v+RBM5ffAnXOeDj7uBpCe0aDeq8qrWeovvCgBokSqCtV01uCO1c+5I1XTWHFRwDQAAWoVgbVp/lYMXC+WytxwOJclMkk0mkyaq1oLPFf1c2wqmAz4m0x8Mv+3ewcXNew8vbt67l2cQaJYP/ITb+8BPuL6kJ2RznqhXU7V2+vQvsEGeSwAANl5V1czXnHMnTatcc871VeA6v3NQOQ4AQMEI1hKcs6OCg6+ydaaCkdlVa1n3XZXpEUlPXvTuHV707j367VtMGV03H/iXbv8D/9L1JT0p6Xru39jiq9Z6eYcCADOwfugGMLOhpIuKLndN0plzrlPR9TI55/accwNlrXtajkGF1wIAoBXoCprwsucNh6/5+b1jZTzJaV645rbjJUdO8mM0c3KycVcEMxcbv5nkwkI2CwreXPDxrpxumHTjt2/dKzndkdNA0uDPf+v/xzudDfSBf+E6cuopnEaS7M45r1unv7+kDqFUqwEoS88v+M66URFm1qt7DDmcqLqqrV1JTzjn7kjqmVW7/qf/ne2p2kBNks7NjH8rAAAUjGAtXV/VP9mRpOWnJpjO5dyVICXzWYY5KRKojcuJop9nhS7pH1+T6Zqc9Dt//94LSQPJBnI6+XOvfIonaDX6wL9wXQXTga9kBVy5wrKsA2ecbMZdvTyXB4AFbKu6MGad9OoeQA59Vf+zvKZgeui5v/6Jr54rnJ9+euC3a2VcYwF05gaA2e6rewANwuv8JRCspXjZ84aD733L3qkii8gm1yhblaVPnttX8I7tEufRmYu2Zk+kG9NVagtXrUWCOkWq3rTrnK5Lui7TY7/zD+45d76aTU6DP/vNBG1l++//3O0pCNO6TtrOTM2aUbV2/PQXUq0GAJjNzM6ccxdatNFOsa4o6Jr9iA/ZzqJbniovP9V0T8Fzu31V05hglkst+RwTANrGjNctyIdgLVusO1PRU0ALjOnOZLou51Ry1VriGBee9IqZrjgXvMv8u99xz7mcBmHY9me+kaCtCP/tDW7HbelAUlfRwFeJ36WCqtbG+69etdZb4rIAgHbrSXqs5jFc8dt45oIL3oE812Lv3tcdoGU5YRooAADlIFjL8DXPHZ5871v26nrndBmDeeFKCVVrsf0TwdsVBWHbDeek3/uue4Kpo04DJ5396Vc8xRptS/hvb3DhtJEDBVOeps1KzXJWreUyfeztp7+wnCk1AIDNY2Z951xPzXzudWX+Lo3Wq3sAANB0/m8QJoZm1q97EOuAYG0GJ+uZXJXvnHaWPeDjHvnw2bsffroPNWqrWssO24Inx9dlum5Oev93b11KOgubITinsz/18hHvoHr/9cfdjoLfg3GYFn5fbSS5lD6+Da1auxRP4gEAyzuU9Hjdg9gwt8paOw4ANszNugfQMKcK1iDFHARrM7z0uRf9175lt6cK3jm1VSaHmjs1Z1cLqVoLG4yuVrU2vc9krNtydlXBVImbJuk/vnrrQs6vZRIEbmd/6uH2hG3/9cfcvqSOnDrKu6DxglVryZ/j0udacBwm9Z7xQqacANCw7gFgvZjZiXMuts4tVnIhmhYAAFAqgrW5Rj0ttd5HSknRAlyQaO3lOlgaSLpaSNVaVBFVa4njkoGd/++ugvDymvy7BL//yNaFnIYKppEOJZ39yRujjZhGevmjbl9OQZgmdZzzwW1WpVnk+7pq1drCko0MlqtaO3/GC40n8QBkZkM39Q4LMFdXQeOA9CUQsIwua6sBAFAugrU5Xvrc3+m/9i1/rqeFq9ZGq1wub2XcQOZumrN4NdKsqjULquRKr1pTSvZiLjhR2nknt+06065cGBhKv397S87pwjkbKgjc7iqochv+8Zc2c4rD3R9x+5L2nBRWpe1L2s6s7Ct2jbPU+xaqWlv2/PH9Dpc8M4DNRvURluID2a6YErqqW3S4A7BhBuI5BRqIYG0BzllX0hNlnNssnlS89i1/bu+lz/2d4TLn+LijDw3effiMyC0LVK0tuqD9nKq1IBTKWbW27PUDu2Zu1zm7Gr3vP73Wyblxx64zH7oNJQ39eM7+2FeW847tHxy7jiS5IDTb8eHZnqQrM6u8lgi3Cqlay7nI2szDpu88fsYX8iQeQMxAPAnGkvyU0IclPVL3WNbUsZn16h4EAABtQLC2gK/+nN8dfN8v/NlS3nGPVox5e8q3Js2pzF2NVa0lp32q+Kq1mOKr1ibHxYK89Oua6Yq/Lxa6hcf85+8fJ3rhNNPouYaShuEx49uD/+7LaWfyqSQX+V1YYIrk3GXNCqpaS/3+pO2nAqvWJrddSlSrAZhyIhYDRg5mduSc25d0ve6xrJlzM+tWeL2hpFsVXg/1GNQ9AEBBEQXQOARri+uppKq1hH3l+cNlGsTCnujaZ4pXrU2FKsmKtvh5J6cbnyz+cQ1Va5OAMO388+1qetptemiaFfZlfh/mj73MqrXM8c8azwLHL3jY4TO+kHVcAMSZ2RmL0SMvM+v6dfoI1xZzrhxd5lfhO472qrwmgNbaiDW3sXnyrbTfQl/9Ob87kHRcwaX2ch43kCSZb4MQBmIW+Xj8uYt9nqyZs+ix0cOjn08V2sX3iX2cco1wrJnnTV47elvWtZP3WcrtyfNPffHzr7GQlOPnnTJr7Jn7Zyznt+jYZ/4c5x44ddvpM77Q+jnOBqAdenUPAOvLV189XPc41sCxme3TrADApmLdSDQVwdoStpz1tpxdbjlTWZuCirWlfdztDw1kuozfOgnQghAl+XlkV3Ozw7Ks0CcWREXOnwyyUj6eutyskCctqEoEc7lCokXMCRpj96WHTrNvW2LcCwd+s86/7PcpLeSMu1TQwQ0AUvknwqd1jwPry8yOJL1ISj7XgXer4umfAFAXnk+gcQjWlvCVz/m9oaSjMq+x5SxXsOYNJJVXtWYpn6fJCJI2qWptoWyqzqq1BS9cUNVa7xnXmtmVFUCjdEUoghWY2YmCNyDP6x5Lg1xIuo9GBQBapF/3AIAkgrXlHSl4ElOW7e//xT+zk+tIcyexIElSoVVric+npojmrVpLhHyp18u4baGqtSIq2bLOvy5Va8vcN2P/lMPuPOOalRo2A9gMfh2mg7rHgfVmZkMz21cwNbTtQe1tSftMjQLQMifi8R8NQ7C2pK98zu/ddbKyOx/mrVobjD9KC5wKrlqLnT8pI1SbmefMqlBLu23RqrW020uuWksNFRc4buqa874O1Vq1xhRQAEvxAQDT+bAyPzV0X9Wsf9s0pwqq1A5ZTw1A2/jHPd7YR6MQrOXwkue8/8TJ7jiZSto6ecb1ca/54FDmzpeqWktUqSU/j5kK5uZUraXcn/ZxWtVaZthTQ9VaVhiXeu5lq8RyVq0trNyqte4zrvGEHsBy/HS+jpjOhxX56rWupPvUjjV3ziW9yMw6VKkBaDM//Z3nEWgMgrX8DlXeO+6dFY4djD9apGpNGZ8nK7aSVWvR/VIDmpQpoX7/RarW0m6bVbVm0WAu7bppty9YtTZLanCYdZ2sU886dsY4aq5au/2MAztZ6ggA8MzsjOl8KIqZDcysI+ljtZkVbGGF2r4PpgEAwWtmnkOgEZwtvGATkh59658+lPTISidJ//ZfvuQ578+1ztq7X/bMfUnvkLMg23K+Zs35i/n8yYX3jT8P9098Pj5WiWMjtzn/qUvsE35xLnGO6P6a3B7cZrFzT51X8fNEx+ecxXdKjj/ttln7JsaYeUzKvpnXSTtu3rFTO6eMSZLLiMnTvtfTO6Tsl8Xp/JkHKzXZADaecy6cplYKHyJsDOdcV8H6a9dqHspGsLR3m1rEObej4PfpUNKVmoeT14WCBbr7fn1CAEjlnBuUePozs9KXQcrNObenYM21dX2sb7rTTXvOWRaCtRW9/q1/YiDpqumeok/97Jd89vvP8hz47pc9cyhnu5LG4do4tPK3jYO18eeJQCsRUmUGYxlh2yTwSYZ5aftEzxm5bjKASwuA0sK1BYK1qa8pa/+021PCsqlwbYHrJD6cfezUzun7ZIZrMwLDqfHMfjl2Kaf9Zx7wJB9AOZxzHQWh5E7kv1gCT4In/IuuA79drXUw850rmHnQN7NczwEBoG38mymHkm7WPZYNRLC2oHvrHsAG6Eo6c3pqu+DzdiTlfVJ1InM3xiGVgtoxJ6ewiszMf+7Cz51cJAQzc5NwLdzfxU4W+9jkT+UW2z/tY3OSs8mYJrdpOuxJuy15Xzi2rLEsaXyexPlnjmHGuDKHs8IYMy0z1tnX7/7/7d1NbxznYQfw/xgtWjNtSClxkrYozB6iq+iLZJ/CfILIfUFT5EWknRgN4Be6RZFDD5W/gYwol6CJyU9Q+RtQp8Q6UdewKKRjbFQWD9Gp8fSwu9Ts7Oxwdnb5qt8PILgzO8/zzAqGAP/1f2aFasBxGj47aveUb4MLYtj2uj38SVEUNzIIbNdz+kHbKEjbS7KrmQYwu+GXGdwqimI7g4DtRpKXT/WmeO5orC3AL3799fm3hE76+K3Xfnejz8D9d5bWUgy3gyZTW2v1Ztqpt9aa1tVaO0uttQ+WXi9vNc8OAOdPURRrSVYzCNtWKz+L+p+ygwyCsyfD3w+TPPTlAwDHZ/h3+3qe/d2+EttF+9BY60iwtiCjLaELnPLgrdd+13v7y/47Sw9T5OVFPmvt2fWjg45hW8uz1p5dU5kz4/fUOG/l+vrcx/KstS5j6vd0xNqtoVz9/YYxY7fWJVhrmX/sXpvf/3jp9bJX0AsA59Vwa3Jd/dwoOBs7N2xRAAAXnK2gC1KkvJHBv0IuJ0k5/16+5V/8+utrb732u/7bQZP3MriZDJKn4VdyFsVoL+izXX/1LZqpHVc/TsetneMJTWUL6rR5h+fKonZP07ae1oeWo482vo21zbTtnWP32VHjn2V9ncYBR5zr8H51/vKL5nBtYui0uSZPP8hgyzMAPFemNMuazgEAz6kp3RZm9ePXPn2SSvhQpFzEzzwNoe2UGaRUFRNxU+2a+heJTR6Pjy0rrw9/ldOvb3rdWJpsuu/G6xrmnvLe1Hvpqj5P29pt6zSca5ziqD+jPma518HxQZKNpdf9qzsAAADUCdYW6MevfXq3KPJhMdyWOMvPFL2DtW/+7OleBl/VPlAN0EYNtrEwrJgMvtqCqA6B2fiYanjXMu/wXD2wa5q3cehh+NW9bjYtKJspzKrfU1N41jFkOzL0m/J+df7yi45Dp8317OX60uu+mQwAAACaCNYW71YGW+dmMiVwu/qfv/na6hz30r21Vj08R621sXOn2VrrMOaoc2ewtbYpVAMAAIDpBGsL9qNXD7eEHixoyt6ttbLM9viJXLjWWpOJ1lqHQEprbcLm0t+W20fcBQAAADzXBGvH4EevfrpXpNzo8hy1Dtb73seVO08fJrk30VorG1a+yK21+r3Nsn6XeS5ea23nS0I1AAAAOJJg7Zi8+epnd5N8eNR1HcK37/zyNy+t9L2Pxtba2GuttaZ1q7+fs9bazpf+rtw4YmUAAAAggrVj9earn20lubeAqTb6Drxy5+l2koO5W2tlS2ttGL6dSmutaa1FtNYm/iyOmOe0WmvzNNgmxwrVAAAAYAaCteN3I9Vv5+xnY57BY621pkZal9ZaWo6nvde3tXbENtOuYdJcrbX6mj3GnEhrbdotzN5aE6oBAADAjARrx+zNVz97kkG4Ns+XGVz95W9eWp1j/O0kDQFZMfnMsrPQWmv6BLVwrGtrrS3A6txamzbXBWitDefZ+dLfC9UAAABgVoK1E/Dmq5/tpSg2UhTp/ZNs9V3/yp2nD8syHx+eqDfSkrS11ibCt6bj6vkjwrNy1JJL9bh2/bTW2lHrT3lvrtZaH22ttQ6h39RzM9x/l9ZahGoAAADQm2DthLx5/dO7STZ7T1AUG3Pewu2yHnolk621pmBsltZaJsOkxmCuds3Y66YgLZX7OKq1Vl//rLXWmnRtrVXfnzFwawjXdv7sH4RqAAAA0Jdg7QS9ef3T7SLlTodvAm36Wf7VJy9t9F37yp2nu0keHJ6Y1lobvT26Zuy4cmnj+MrFfVtrLeMW3lo7rvbaEUHj2Hsn2FqrEaoBAADAnARrJ+yN659tJNnpOXxjzuUX11qrT7Go1lrLGqN7nTrvrK21NLy3iNZaXyfXWvtAqAYAAADzK8q50wD6+NUnL+0ludpj6N+8cf2zh33X/e3bSw+LIi8flsWKclAcK8rBqSJJRueGh03X1N/L6FFwGT8uGo7r12TKHIdrVD5AkRRF2bxO9Vzl+vrc9fEpKuvW1qt/pon7TMv5tnuaNq7pvYZ1jlyzfnuD8wdJtv78H8vt5qsAAACAWWisnZov1pMvHiRfZMafW3MufOtEW2tlw3GT56C11rpztWV76oJaa4+SrAvVAAAAYHE01k7Rrz75ykqS3czeXLv0xvX/fdJ33bbWWlJrkS2qtVYds4jWWtu6i2itTdxf7XOkw/VNY+rn29ZpGnfU2ImLkyT3ktz48nfL3v/NAAAAAJM01k7RMBxbT/VLBbrZmnPpqa21we88+72o1trYRVPuasoXGLRGv20NtaZzXVtrTefPZ2vtgy9/t1wXqgEAAMDiaaydAR99cnktg+bacschB0lWN68/Pp3WWoaNr7Em2IJaa2l4v2Nrbey6nq21sftvOtextdY6puHaY2itHWTQUtsNAAAAcCw01s6AzeuP9zJorh10HLKc02ytZcpxvbE1rbXWtG6SalpUb2B1aa01nWtrrZVlPRVrWWLG1lrrXC3Xdm6ttY1N7qXMqlANAAAAjpfG2hkyY3PtZFtro+NFttYqr8fWG57XWpsyZ/vYD778T+WtAAAAAMdOY+0MqTTXujxzbRGtta2J1lr1OWrT2lOLaq01zqe11tZaa1nnUZJXhGoAAABwcjTWzqCPPrnc9dtCF9Fa2y2KfOs4WmvPrh8dtLTQTrK1Vpv7TLfWGsY1jP0wya3l7/mCAgAAADhJGmtn0Ob1x09SZD1FHhyGQ80/yynmbK2VxUyttalNqxmfw9Y+ZobWWtne/mpsrdXmPtOttfY5H6XMt5e/V24J1QAAAODkCdbOqM1rj5+k27bQrY/uX17pu86Vn/9+L8lOkvFAbWjYWxs/UVaDr2Is8KmHVFODsSlbROvXN71uDp3G73Fi62l9ng7vTb2XrqZsi22dq1uglnLQUltb/r4vKAAAAIDTIlg7wzavPX6yee3xWkbBV7PlJLfnWmjQWhv/RtKJ1loxHoaNvRhdXzuuzzfL65bW2oSm1lrTc9+ahh5na611kto9dW+tPUry7ZXvl1vL39dSAwAAgNMkWDsHNq893kh7uHbzo/uX1/rOf+Xnv3+S0RchTG2t1U7UW2vVt89Ca61h3ol5TrO11mFMw7kPk6ytaKkBAADAmSBYOyeG4dpmyyVztdau3Hm6XZa5N3byqNZabRuo1tqxtdbuJXll5Qfl1soPtNQAAADgrBCsnSOb1x5vJ3k9qW3bHPjWR/cv35hziY0kB51ba9XDc9RaGzt3tlsvNHgvAAAGy0lEQVRrB0neX/lhub7yw3Kvx8oAAADAMRKsnTOb1x7ffSHl+gspH72QMrWf2zv3L/X/IoM7Tx+WZW6NnbyArbUmE621DuHXMbfWdpKsXrpZzvf8PAAAAODYCNbOoZvXPt9LspbUtm4mLye1YGxGV+48vZ3k3kRrrSwuRmutaa22IOyI1tq0EG3ifPfW2r0kr1zaKDcu3bTtEwAAAM6yopypXsNZs3P/0u0k79VOvzIM33r57dtLq0WRvRRZTjH876NIUpSD/liRJOXw3PCwGBwXY9fXjpMUo8xrbGzt/co1h9eP1mu9pnquYd3q2qms3XB/9c8xdu/VcfXP1PRZM+X8+HyPkmxd3izvBgAAADgXNNbOuZvXPt/K5HPXtueZ88qdpw+TbE1trbVsrxxrqZUtrbXhltGz1lprnqv9Xqa10Dq21g6SvH95s1wVqgEAAMD5Ili7AG5e+/xuBltDHwxPXd25f+nWPHN+82dPtzN4ztfkc9SSdHrWWlqOp73X8LocPdst1ePa9UdsM531Swdmedba5OBOVx0k+SDJ6uU3PEcNAAAAziNbQS+Y2tbQubaE7r+ztJJkN0WujrZ6JqlsCX22XbIYbhVNdSvl2HbNcvr2yaLhuPL62fW19RqvqaxZu8exeSu/p20JrW8nXdCW0IMUuZ3k9ld+5BlqAAAAcJ4J1i6gnfuX1jPYDvrk5rXP1+aZa/+dpbUU2U2Gz1vr+Ky1sWuOetba6LjlWWvPxrQ8a61y7eG5rs9aq9xr9f6awrWewdpBMgzUfixQAwAAgItAsHZB7dy/tJLBN4Q+uXnt81vzzLX/ztKNFPmvzq21w+MTbK3Vz6U6x6m21g6S3C4KgRoAAABcNIK1C27n/qX1m9c+3513nv13l24l+Y+5WmvV97LA1trEGpUbP73W2qMk2yly+6tvCdQAAADgIhKs0dn+u0vbKcqbWmu1e6++lzwoitz+6j+X2wEAAAAuNMEaM9l/d2kvRXl11EhLai2ys9paa1t3Ma21nSTbL/2k3A0AAADwXPij074Bzp31JLtJrqYsBmFVmUHgNMpoR4FTOTwYhVJlBkMqk5XlMKAazlHm2eVjx9VBh4Mr61bWrK/RNGZsyrZzZS1AG7/3R0WR7SS3X/qJ7Z4AAADwvNFYY2b77y6tpCj3UuTlPq21wfUdWmuVMY3XzNlaa9xqmvF5qnNXWms7Sba/9rZ2GgAAADzPBGv0sv/ei2spsptkufez1oavk5ZgrG2LaPVZa7Xrj+FZax8nuVsU5d2vvaOdBgAAAAjWmMNhuFaUy8mUFtlYM62shWMzttYqr8fWG54/htbax8PwcPsb730hTAMAAADGCNaYy/7Wi2vJIFw7ndZaMhnmVdeo3OzRrbWDYZB2t0jufuN9YRoAAAAwnWCNue1vvbiaoryb5Oo8rbVn10++PsbW2oMU2S2Su3/xr1/s9v5DAAAAAJ47gjUWYn/rxZUU5XaRfGeiEXYcrbXD8aM76NhaS+4VRfZSlLtJdv/y37TSAAAAgH4EayzU/vt/eqMocispry6itdbaQju6tXYvRR4WyV6K7P3VT/+wu8jPCgAAADzfBGsci//+lz9ZTbKaIuspslIU5VqSlRS5usDW2kGK7A2v303KJymyl+ThX//7Hx4e48cDAAAAEKxxOv7np3+8miKrtdbaIHzLWHi2W2+tvXzr/3ZP/IYBAAAAagRrAAAAANDDC6d9AwAAAABwHgnWAAAAAKAHwRoAAAAA9CBYAwAAAIAeBGsAAAAA0INgDQAAAAB6EKwBAAAAQA+CNQAAAADoQbAGAAAAAD0I1gAAAACgB8EaAAAAAPQgWAMAAACAHgRrAAAAANCDYA0AAAAAehCsAQAAAEAPgjUAAAAA6EGwBgAAAAA9CNYAAAAAoAfBGgAAAAD0IFgDAAAAgB4EawAAAADQg2ANAAAAAHoQrAEAAABAD4I1AAAAAOhBsAYAAAAAPQjWAAAAAKAHwRoAAAAA9CBYAwAAAIAeBGsAAAAA0INgDQAAAAB6EKwBAAAAQA+CNQAAAADoQbAGAAAAAD0I1gAAAACgB8EaAAAAAPQgWAMAAACAHgRrAAAAANCDYA0AAAAAehCsAQAAAEAPgjUAAAAA6EGwBgAAAAA9CNYAAAAAoAfBGgAAAAD0IFgDAAAAgB4EawAAAADQg2ANAAAAAHoQrAEAAABAD4I1AAAAAOhBsAYAAAAAPQjWAAAAAKAHwRoAAAAA9CBYAwAAAIAeBGsAAAAA0INgDQAAAAB6EKwBAAAAQA+CNQAAAADoQbAGAAAAAD0I1gAAAACgh/8HHY3Mer5N+XwAAAAASUVORK5CYII=" width="158" height="43"></span></p><p><span style="color:rgb(59,56,56);font-size:9pt;"><strong>함윤식│선임│ITH2</strong></span><br><span style="color:rgb(46,116,181);font-size:9pt;"><strong>서린정보기술(주) SORIN Information Technology</strong></span><br><span style="color:rgb(59,56,56);font-size:9pt;">(03159)&nbsp;서울시 종로구 종로&nbsp;33,&nbsp;그랑서울 타워1, 16층</span><br><span style="color:black;font-size:9pt;"><strong>Office </strong>: 02-6947-2694 |<strong>&nbsp;Moblie </strong>: 010-7367-9633</span><span style="color:rgb(59,56,56);font-size:9pt;"><strong>│E-mail</strong>: </span><a href="mailto:hamyoonsic@sorin.co.kr"><span style="color:rgb(70,120,134);font-size:9pt;"><u>hamyoonsic@sorin.co.kr</u></span></a></p></div>	L2	SENT	1	\N	IT개발팀	2026-01-27 08:30:00	\N	t	f	\N	템플릿 테스트10	2026-01-27 10:54:20.021048	hamyoonsic	2026-01-27 10:54:24.537023	hamyoonsic	\N	f	\N	hamyoonsic@koreazinc.co.kr	\N	\N
33	템플릿 테스트11	<p style="text-align:justify;"><span style="color:inherit;font-size:12pt;">안녕하십니까</span></p><p style="text-align:justify;"><span style="color:inherit;font-size:12pt;">전산실에서 알려드립니다.&nbsp;</span></p><p style="text-align:justify;"><span style="color:inherit;font-size:12pt;">&nbsp;</span></p><p style="text-align:justify;"><span style="color:inherit;font-size:12pt;">시스템&nbsp;점검 작업을 아래와 같이 </span><span style="color:red!important;font-size:12pt;"><strong>금일</strong></span><span style="color:inherit;font-size:12pt;"> 진행&nbsp;예정이오니,&nbsp;업무에 참고하시기 바랍니다.&nbsp;</span></p><p style="text-align:justify;">&nbsp;</p><p style="text-align:justify;"><span style="color:inherit;"><strong>* </strong></span><strong>점검 작업 시간과 관련하여 특이사항이 있으신 경우 하기 담당자들에게 연락 부탁드립니다</strong><span style="color:inherit;"><strong>.</strong></span></p><p style="text-align:justify;"><span style="color:inherit;">&nbsp;</span></p><figure class="table" style="width:522.15pt;"><table style="background-color:rgb(255, 255, 255);"><tbody><tr><td style="background-color:rgb(180, 198, 231) !important;border-color:black;border-width:1pt;padding:0cm;width:89.25pt;"><p style="text-align:center;"><span style="color:black!important;font-size:12pt;"><strong>구분</strong>&nbsp;</span></p></td><td style="border-bottom:1pt solid black;border-left-style:none;border-right:1pt solid black;border-top:1pt solid black;padding:0cm;vertical-align:top;width:432.9pt;"><p style="text-align:justify;">ㅇㅁㄴ</p></td></tr><tr><td style="background-color:rgb(180, 198, 231) !important;border-bottom:1pt solid black;border-left:1pt solid black;border-right:1pt solid black;border-top-style:none;padding:0cm;width:89.25pt;"><p style="text-align:center;"><span style="color:black!important;font-size:12pt;"><strong>대상시스템</strong>&nbsp;</span></p></td><td style="border-bottom:1pt solid black;border-left-style:none;border-right:1pt solid black;border-top-style:none;padding:0cm;vertical-align:top;width:432.9pt;"><p style="text-align:justify;">ㅇㄴㅁㅇㅁ</p></td></tr><tr><td style="background-color:rgb(180, 198, 231) !important;border-bottom:1pt solid black;border-left:1pt solid black;border-right:1pt solid black;border-top-style:none;padding:0cm;width:89.25pt;"><p style="text-align:center;"><span style="color:black!important;font-size:12pt;"><strong>일정</strong>&nbsp;</span></p></td><td style="border-bottom:1pt solid black;border-left-style:none;border-right:1pt solid black;border-top-style:none;padding:0cm;vertical-align:top;width:432.9pt;"><p style="text-align:justify;">ㅇㄴㅁㅇㅁㄴ</p></td></tr><tr><td style="background-color:rgb(180, 198, 231) !important;border-bottom:1pt solid black;border-left:1pt solid black;border-right:1pt solid black;border-top-style:none;padding:0cm;width:89.25pt;"><p style="text-align:center;"><span style="color:black!important;font-size:12pt;"><strong>사유</strong>&nbsp;</span></p></td><td style="border-bottom:1pt solid black;border-left-style:none;border-right:1pt solid black;border-top-style:none;padding:0cm;vertical-align:top;width:432.9pt;"><p style="text-align:justify;"><span style="color:inherit;">&nbsp;</span></p><p style="text-align:justify;">ㅇㄴㅁ</p></td></tr><tr><td style="background-color:rgb(180, 198, 231) !important;border-bottom:1pt solid black;border-left:1pt solid black;border-right:1pt solid black;border-top-style:none;height:47.1pt;padding:0cm;width:89.25pt;"><p style="text-align:center;"><span style="color:black!important;font-size:12pt;"><strong>담당자</strong>&nbsp;</span></p></td><td style="border-bottom:1pt solid black;border-left-style:none;border-right:1pt solid black;border-top-style:none;height:47.1pt;padding:0cm;vertical-align:top;width:432.9pt;"><p style="text-align:justify;">ㅇㅁㄴㅇㄴㅁㅇ</p></td></tr></tbody></table></figure><p>&nbsp;</p><p>감사합니다.<br>&nbsp;</p>	L2	SENT	1	\N	IT개발팀	2026-01-27 08:30:00	\N	t	f	\N	템플릿 테스트11	2026-01-27 10:58:15.753131	hamyoonsic	2026-01-27 10:58:20.617938	hamyoonsic	\N	f	\N	hamyoonsic@koreazinc.co.kr	\N	\N
34	템플릿 테스트12	<p style="text-align:justify;"><span style="color:inherit;font-size:12pt;">안녕하십니까</span></p><p style="text-align:justify;"><span style="color:inherit;font-size:12pt;">전산실에서 알려드립니다.&nbsp;</span></p><p style="text-align:justify;"><span style="color:inherit;font-size:12pt;">&nbsp;</span></p><p style="text-align:justify;"><span style="color:inherit;font-size:12pt;">시스템&nbsp;점검 작업을 아래와 같이 </span><span style="color:red!important;font-size:12pt;"><strong>금일</strong></span><span style="color:inherit;font-size:12pt;"> 진행&nbsp;예정이오니,&nbsp;업무에 참고하시기 바랍니다.&nbsp;</span></p><p style="text-align:justify;">&nbsp;</p><p style="text-align:justify;"><span style="color:inherit;"><strong>* </strong></span><strong>점검 작업 시간과 관련하여 특이사항이 있으신 경우 하기 담당자들에게 연락 부탁드립니다</strong><span style="color:inherit;"><strong>.</strong></span></p><p style="text-align:justify;"><span style="color:inherit;">&nbsp;</span></p><figure class="table" style="width:522.15pt;"><table style="background-color:rgb(255, 255, 255);"><tbody><tr><td style="background-color:rgb(180, 198, 231) !important;border-color:black;border-width:1pt;padding:0cm;width:89.25pt;"><p style="text-align:center;"><span style="color:black!important;font-size:12pt;"><strong>구분</strong>&nbsp;</span></p></td><td style="border-bottom:1pt solid black;border-left-style:none;border-right:1pt solid black;border-top:1pt solid black;padding:0cm;vertical-align:top;width:432.9pt;"><p style="text-align:justify;">11</p></td></tr><tr><td style="background-color:rgb(180, 198, 231) !important;border-bottom:1pt solid black;border-left:1pt solid black;border-right:1pt solid black;border-top-style:none;padding:0cm;width:89.25pt;"><p style="text-align:center;"><span style="color:black!important;font-size:12pt;"><strong>대상시스템</strong>&nbsp;</span></p></td><td style="border-bottom:1pt solid black;border-left-style:none;border-right:1pt solid black;border-top-style:none;padding:0cm;vertical-align:top;width:432.9pt;"><p style="text-align:justify;">22</p></td></tr><tr><td style="background-color:rgb(180, 198, 231) !important;border-bottom:1pt solid black;border-left:1pt solid black;border-right:1pt solid black;border-top-style:none;padding:0cm;width:89.25pt;"><p style="text-align:center;"><span style="color:black!important;font-size:12pt;"><strong>일정</strong>&nbsp;</span></p></td><td style="border-bottom:1pt solid black;border-left-style:none;border-right:1pt solid black;border-top-style:none;padding:0cm;vertical-align:top;width:432.9pt;"><p style="text-align:justify;">33</p></td></tr><tr><td style="background-color:rgb(180, 198, 231) !important;border-bottom:1pt solid black;border-left:1pt solid black;border-right:1pt solid black;border-top-style:none;padding:0cm;width:89.25pt;"><p style="text-align:center;"><span style="color:black!important;font-size:12pt;"><strong>사유</strong>&nbsp;</span></p></td><td style="border-bottom:1pt solid black;border-left-style:none;border-right:1pt solid black;border-top-style:none;padding:0cm;vertical-align:top;width:432.9pt;"><p style="text-align:justify;"><span style="color:inherit;">&nbsp;44</span></p><p style="text-align:justify;">&nbsp;</p></td></tr><tr><td style="background-color:rgb(180, 198, 231) !important;border-bottom:1pt solid black;border-left:1pt solid black;border-right:1pt solid black;border-top-style:none;height:47.1pt;padding:0cm;width:89.25pt;"><p style="text-align:center;"><span style="color:black!important;font-size:12pt;"><strong>담당자</strong>&nbsp;</span></p></td><td style="border-bottom:1pt solid black;border-left-style:none;border-right:1pt solid black;border-top-style:none;height:47.1pt;padding:0cm;vertical-align:top;width:432.9pt;"><p style="text-align:justify;">55</p></td></tr></tbody></table></figure><p>&nbsp;</p><p>감사합니다.<br>&nbsp;</p><div class="notice-signature" data-signature-id="7"><p>&nbsp;</p><p>&nbsp;</p><p>&nbsp;</p><p><span style="background-color:white;color:black;font-size:11pt;"><img src="data:image/png;base64,iVBORw0KGgoAAAANSUhEUgAABNYAAAFjCAYAAADxSobeAAAACXBIWXMAAC4jAAAuIwF4pT92AAAgAElEQVR4nOzdeZwk6V3f+e9TM1iH8asKr9e3XYVtsDBHlziNkNw5jNhFM4gu+cQs2s4BjACBugaBOCTo7MU2YCymWkaIEWsmi8Ogl22mGoP8skGaLBAIhIyqAGOha7I4ZNbrNV22da138rd/xBOZEZEReUTGlRmft16hqcqM46mjszK/+XuenzMzAQAAAAAAAFjOVt0DAAAAAAAAANYRwRoAAAAAAACQA8EaAAAAAAAAkAPBGgAAAAAAAJADwRoAAAAAAACQA8EaAAAAAAAAkAPBGgAAAAAAAJADwRoAAAAAAACQA8EaAAAAAAAAkAPBGgAAAAAAAJADwRoAAAAAAACQA8EaAAAAAAAAkAPBGgAAAAAAAJADwRoAAAAAAACQA8EaAAAAAAAAkAPBGgAAAAAAAJADwRoAAAAAAACQA8EaAAAAAAAAkAPBGgAAAAAAAJADwRoAAAAAAACQA8EaAAAAAAAAkAPBGgAAAAAAAJADwRoAAAAAAACQA8EaAAAAAAAAkAPBGgAAAAAAAJADwRoAAAAAAACQA8EaAAAAAAAAkAPBGgAAAAAAAJADwRoAAAAAAACQA8EaAAAAAAAAkAPBGgAAAAAAAJADwRoAAAAAAACQA8EaAAAAAAAAkAPBGgAAAAAAAJADwRoAAAAAAACQA8EaAAAAAAAAkAPBGgAAAAAAAJADwRoAAAAAAACQA8EaAAAAAAAAkAPBGgAAAAAAAJADwRoAAAAAAACQA8EaAAAAAAAAkAPBGgAAAAAAAJADwRoAAAAAAACQA8EaAAAAAAAAkAPBGgAAAAAAAJADwRoAAAAAAACQA8EaAAAAAAAAkAPBGgAAAAAAAJADwRoAAAAAAACQA8EaAAAAAAAAkAPBGgAAAAAAAJADwRoAAAAAAACQA8EaAAAAAAAAkAPBGgAAAAAAAJADwRoAAAAAAACQA8EaAAAAAAAAkAPBGgAAAAAAAJDDvXUPAO32JT/23j1Je5I0kjr+5h2Z7Ud22xtJu7EDLfjPaOqMwR0jG99wLulu5POB/+9wJBtKunvy4o8/yzd6AAAAAADQZs7M5u8FrOBLfnwcnnVk2pG07z8fh2VTAVnk93L6PmXfJ4uGapP9EreNkieSLkemMycNJQ2fMp1JOvup6x8/nD4bAAAAAAAAwRoK9uIff+++guBsX9K+SVdjO2T8usUCssTvZFawljdUC461qX1c5POnTHKTfU5HCoI2mc5+uvuXqXADAAAAAAAEa8jvxT/+3h0F0zc7CoK0q8l9LPOTiTzVatOhWnBnMkRzCkKy6etFrpESqgXHWvxaNv74UtKZzAYj6eTfPPQsgjYAAAAAAFqIYA0Le/Eb3rcjs46kAwVh2u6s/ad+s1Irx5L7NKtaLRqqxT+36BguR6YTSSc/86XPOpm+IgAAAAAA2EQEa5jpxW94X0eTIO1KMviaZelqtdyhWnDnYtVq80O14NjMarXxWDPuuxyZnUg6edOXfQIhGwAAAAAAG4xgDTHX3/C+cHrngaSDkbQ9vrPMUC3l/EVXq6U0LCiiWi12nVF8GuulCyrZ+m/+8k8YTI8QAAAAAACsM4I1hGHagd+uhbfPqiabZZEpoPPOv0yoJqWEaKs3LEivSLPZlWzRYC36JZnZhaT+SOqf/r2/MpweHQAAAAAAWDcEay12/Q3vO5DUVSRMC82rJpulrIYFqfetUK0W/ZJmTQGNf75wtZrc+FiLfCxJOh2Z9X/+Kz6xPz1yAAAAAACwLgjWWub6G963L+lQQXXadtZ+61KtVkbDgvG15oRqi1SrpYRq431d0PTgSFL/LS/5xOH0qAEAAAAAQJMRrLVAZKrnoaQr8/ZvYrXaag0L4oMpoWFB5hTQtGAt3NdpEgKa7FhS/xde8kkDAQAAAACAtUCwtsEWrU5LKqRarSENC4JjK21YMGsK6Hj/aKjmImMcmc4lHb31Kz+pP/2VAAAAAACAJiFY20B+7bRDSVeXPbbSarXcoVpw52LVavNDteDY4qvVwn9bafsmqtWC20x6anLshaSjkdR/21d98l0BAAAAAIDGIVjbINff8L6upJ6k3bznqKtaraqGBXVWq6WFaolqtcgYLbz0pYKA7ehXvpqADQAAAACAJiFY2wBFBGoSDQtSK9KSVWcrNiyQJsFaWqgWnGdyTWfhf+1S0tFT0tG/e+mnELABAAAAANAABGtrrKhATaJhQR3VapYYX3C5tKBOcmZ6KrjG5Ug6knT0q19DwAYAAAAAQJ0I1tbQjEDtNPLxXUlni57TB0A7kvYjode+5jQ9WKRabRMbFgSfL1etNm8KaHCe1Gq1YMzR22SXIwsCtnd87RUCNgAAAAAAakCwtmauv+F9HUkdBaHZXUlnx3/nL5QarLz4x98bBG5h8Db5775Fg7cNqFZbtWFBEdVq8eq3WLXa+JzjfYM12A7PX3alLwAAAAAAUCmCNazkS8LQzYKgzW9Xwvs3sVptmSmg4f7LVKulTQGVYtVq46/pqUkodyHp8Ndu7J8IAAAAAABUgmANhfuSHxtXuHVGQXXdVUkrhWrSdIiWXq02P1QLji2+Wi1acZbcN61azZnGoVlatZqlTwGNdQ+dOlY6HZkO//3h/sLTgAEAAAAAQD4Ea6jEF//Yew9k1lEQtF3JCtWk/NVqySmg4T5hsNaEhgVp1WqjSAVdRsOC8TkzqtViX7n//PbI1PvNh5/N+msAAAAAAJSEYA2V++J/9p69kXQgqatw2mjFU0Bj17LsUG2RarUKGxZkVquFpwtDuuBr1eVIOnznw8/uCwAAAAAAFI5gDbX6on/2nj1ZELKNImuzTZTfsCD+eXnVarMaFvhLR849s2HB+GuZnHuyjw/VxuexoFvs4Tu/7lOZHgoAAAAAQIEI1tAYf/tH37OnoIqtK2m3SQ0LwiqwcP+yGxZI6dVqC0wBTQvWwvPc+q2Xf2pPAAAAAACgEARraKS//aPvOZCsOzJdi97etIYFYbBWVMOCtGq1BRoWJKeApoVq4XEXkrrv+vpPGwgAAAAAAKyEYA2N9jd/5N17kg4VVLFt11GttswU0HD/VarVwlBtfNuK1WqWfsxtM+u95xs+neYGAAAAAADkRLCGtfA3f+TdOyNTV0HIthveXme1WrRqLLnvpIpsMsZ51Wo2Ywpo+LVF9wuHski1WnieRBB3LlP3Pa/4dNZeAwAAAAAgB4K1Nff073n+nqS9jLvPPvx1P7txFUl//Yff3ZXUG/l12KKiwVoTGhakVavlaViwSLXayOJfU/T8acdE11573ys+vScAAAAAALAUgrWGefr3PH9H0r6CsGxPUvi5/Oe7acct4ULS0H88jHw88P9dmzDu4Iff1ZXUk/+ezJoCKvnQaU6otki1WlFTQMOgbl7DgujxearVsoI4WWwMp07Wfd83fsZQAAAAAABgIQRrNXrGI8/vKAjNwiDtapHnX/FHeyrprqQz+QDuw1/3s4OVB1WCgx9+V3dkOnLSdnhbFQ0Loued1bBAmg7GouecV62Wemxkn7RQLXr+aLAWfJiYJjoJ4C4ldYff9BknAgAAAAAAcxGsVeSZR8/fkdSJbFcWPbZhP6JzBUHbmYIqt7MPPVx/hdsX/tC7dlyw/tpNafWGBWEVWLh/FQ0LpOlqtYIbFmRVqyXXYLt98U2fcSgAAAAAADATwVqJ/vDR/R1JB/JBmsUmKjbPCr8KF/Ihm6TBhx7+2doWw7/2Q+/ae8p0JOlamdVqsxoWBKfzt1mxDQtGkess2rDAf3mp1Wpm8RBvNPmCT8108Nvf8pm1h6YAAAAAADQVwVrB/vDt5+8rqJw6UGRq4kwF/wwaEOBdahK0nXzwsPqg7YXHv9WR1B+Fa9ItUa22TMOCcP951WphEOYvHTn39BTQZarVRtHxLNewILNjaPi9caZLM+v8zis/i66hAAAAAACkIFgryEe/5v49M/VV6DppBQdk9QV4YdA2UBC0DQsdSIYXHv/WziicHmrxUE3KrmTLqlaz5HGRfSdVZJNQbVa1WtkNC5JhWXQKaPh1JaecJsM5f97LkXT4e6/8rL4AAAAAAEAMwVoBPvo193clPVbV9Yr/kVUe4F1IOpE0+MDhm0pfKP/B/m/tK6heC9a1K6haLW0KaFq1Wp6GBYtWqyXDwmWr1ZL7ySx2jsjU09vvf9Vnse4aAAAAAAARBGsr+iOvub8j6Yk8xzb9O19hgHdH0skHbvxsv+grRr2g/1s9md2Mr7M2v1qtqIYFVVWr5WxYkFatJotc06RjMx3+x2/9q6y7BgAAAACACNZW8kdec/+epDO5BddSW1TBP5Km/4Qjv4LHH7jxpm6Z13rBY+/cHwXVcrvLNiwIPo7vm9awQJoOxuLVb7Or1VZpWBA9zsZfx/xqtbRuotHratK04dzMOr//bZ9NuAYAAAAAaL2tugewzpxT3zltOwUBRHILkoocW+YF820ua8t/yvSvN6fImK5/9GvuP1rhVHP964eedSZpX9JxVqgWuz2jWk2angI6Odf0ddNCtfi5JkHd1LGJfdKkhWqKfJTWsCC6X/TMlggNE91Vr0ga/PFbb93JHAwAAAAAAC1BxVpO2//k/p6km3mOLfo7XviPsOimosuP72P/28veNCx4FFM+7wff2ZV0JGl7lYYF0qRabVbDguhti04BXaZaLTxPeEyyWm2RhgXhtSfnSJ9mOjJdjmSd/3zzOXQMBQAAAAC0FhVrOWx/7/0dOd1sSgXZlkvfMq8zb8u4ToUVeJUskv8zX/qsvqTOyOw8vC1ZrZaU1bAg9NR4v8ltyYq35BTQ8X4pY0xWq0X3CS8xmZ6aPM/0NNHoftHbkk0Pol/feN/4VNVtSYM/2vvF/ZRhAwAAAADQCgRrS9p57f07fgpoZjCVW8FzM9c4wKssrPmZL33WmaSOggYKM7uApnFKb1iQmD4Za1gQP35SrZbVBTR5f/RczibniR5jyfsTU0DHv6YpU2DD/7pIMBc9tyZf87akwcfcJFwDAAAAALQTwdqSnKznZLtOpqxty6VvuQOoFgZ4VXrTl33C3Td92SccjKRbs/ZLq1ZLq2qLTq92ibuT1WrJKaBp66hFw7DoFFBp+jyxcST2iV0vNt5wrPGGBbHjI9Vq0WuaaVuywfbNXyBcAwAAAAC0DsHaEv7o931uxzndyHv8rDAuz7bBAd5whavm9sSXfUJP0kMj2WURDQsWqVabOiZRHTZeky3l/Ml129Kq1WY1LEirVgu/vvG+kfFMvkaLfyxtyzT4I99GuAYAAAAAaBeCtSU46SisqCp0SmTBgdYGBHj9lX5QK3jzl39CX8HU0Mvo7aOUYGxWtVq0YUFoXrVaslFCdAposlotbY224Bz+v7FxTs7nEjsmq9XGd0fGbykBXPRYBWPZNrPBR3/rWwjXAAAAAACtQbC2oP/pdZ/bk9OVqqdEtjDAe+jya940yD+q1Q2+/K+cSeqMpPPo7ctUq0Ur3pzZuKnB5FzTzQii14nukyYMuJLVasmGBck12OLNGeLnSFarpU0hTalWi+63PTINnvkqwjUAAAAAQDs4S6nEQdwfe919O5KGChZrL4ylxiornbDJp9MCv2oP/cFL39wv+LK5Xf2B39yRNBiZXZGiwdOkWs3ZpBNoWrXaeCqn4lMys6rVog0LnGxmtVp4nuQU0HAfS+wXnidZrWaRtdUscY3x12TxJg0Wfp6+3/nI1Pl//8Hz7i7/XQcAAAAAYH1QsbYAPwV0O6uyLP95i634ci59y1syV3EFXqNCNUk6/Xt/5e7IrCPpPFqtFhWGarGOoIn12ZJTQMf7zbh2WkXbog0Lktea1bAgGqpFz5dsWBA9V3Czpe7nr3FF0uCjXvnzOzO+RAAAAAAA1h7B2hz/8/ffty+n61UGUC0L8C6d04v+y1c3K1QL/fxXfOJdJ3VGFkwLjVarxcK0xPTJWQ0LomunSenVatH7o+dKTu1ctGHB+PcnY720sEIutrZa9P7YFNAwUJvslzJV9IqsvrXyAAAAAACoAsHaHL5aLV9mlBG4NaWCrAEB3qWTdf6fr3rzyQqXLd3PfcUn3lXQ0OB8VsMCSbkbFkRlTQGV0qvV0hoWKLFfNJxLNiwIf+bZU0CT15quVgs+j670Jo1k1+755p87ShkWAAAAAAAbgTXWZvgTj3Y6kp7Iut9slRiqfIX/ZIs94aVJnf/8VU+cFXrWEj3v0X+/M5INJF2JB1vxwCoaYqWtreaUXa02XpNtxtpqWceE651lrcEWXVstet5otVpsiuj467FYEDiKXCttvzB7G032fci+86/1F/omAwAAAACwRgjWZviTj943kHR12eOs4ARqAwO8S0md//sr1ydUC33Oo7+x40yDp4J1xAppWBBd42zRhgWSIkFYMnibnD88z6yGBSN/jkUaFoRTPRdubDBJ9Z5t33l17X7eQF7OuSNJpXXItWD9R6wZ59y+pDIreftm1i/x/KiAc25Q4unPzOywxPMDqBiPGfXw3/els4JFWdNDAMTcW/cAmurPvv6+zlbufyjp/waSi9cvfLaMf1JNCfCWPOpSUuc/rWGoJkm/8JJPuvvZ3/8bHUkD+XBNUqxhgdMkVEtK+1658X9Tpplqcl5JsVAt/CgWvPmKsbACLbaOmr/WeD02xavVZjUsCK81mrNfZNfItU2STtw3nu7bd12lUyjaYl8lPtnC2tpRub8XgxLPjerw2AFgGTxmADVjjbVsvawulnm3ezO2LeXb7pFL3fL+L7trZ3bDgiW3S+dsbUO10Fu/8pPuSuqY2aUUD6+SDQuSVWaLNCyIVqsF5/TnntGwIPxvcsqp3zF2f3TM8xoWRE+RbFgQ3W8csPlqtVFyJ9OupEavpQcAAAAAwLII1lL8+R/odLacXd1ypmW2vFoS4F06uc7/9ZLBWodqoTBck3QZrVaTshsWzKrsi3bvDI/LqlaLSu4T3W+66UC8YcF0l8+MKrRw0bSU/WLXmPog8YnZVfeKAaXkAAAAAICNwVTQFPdI3VzHZYRrT60ymBSjnFM2twqepZ2VyqYEQJeSOu9/yXpXqiX90ld98tlnvu7XD5z0RLTCLCqsCJNmV6uFDQ3G00Ija6tZyjGWqEKLVquZoiHXZExhoJacAprWVTRWhZaoQDMlpofOr1aLfvyI+4YnBvbd923U7wKwycpeQ2TN3Gdmg7oHUTfn3I5KXENwE/B7AgBAexCsJfzF/7Ozt+V0PXl7WrXQou5ZZUBp51uvAO9SUud3v2KzQrXQ277qkwef9X2//pCkx6TsarU8DQvC/ZKiQVjyJxT9PQ3Pk1atNj4+EdxNVaElqtosFtQlp4rarGq16Kcn7uuf2Ld/fB/rrbWIc66joMqzFGbWK+vcAKbsa0bXdEhaegnadvINPXbKOv86Bpx8TwBg/RCsJWxlVKtlVXvlbUgwS94Qr4EB3qWkzm//vc2Y/pnll7/6k/uf+dpf6zyleCA7Xr8s5ZhZDQtClgjjIjFWcOycarV4BVp6tVraFFLNqFaL75fRsCAydTSW7E1GtSupJ4lpoe3SkXSzxPP3Sjw3AKAcRyq3InYdA06+JwCwZgjWpizXTjh7kbr8f7OqCvFKDvAuJXWe3PBQLfS2l35K99Ne+2v7znRlXsOCeLXadMOCaCVZdCppcA7/X01+w5INCyyy4zLVasG54lVo4c5p1WrJKaDjE0uLfHzDvfzNJ/bqzx0IAAAArcF08pihmQ3rHgSA1RCsRTzrn17t3uO0XczZMqq9VphSWnSIV2KAdymp894vb0eoFnKmg5F0Jk1+hxapVovuk5wCOprKqybBW1itFl3zLFaB5s89Xo9NKdVqGQ0LwmuNZuwXG1dsCmliCmj27X338jfv26s/lymhAAAA7cF08olbouoeWHt0BY3Ycuou2nkzr3tcGZulblK+bStzW6iL6OVWC0M1SXr713zKUFJ3VrXaODhL3B9tfhDOwA2Dt3FhWPL+yBTQYP/xjrH7w/OH57TIOeLTRePVasmGBdH9lmxYEP94ErbtyparEAUAAAAAoEkI1rxP+sGre1vS1QXDI93r0rdFg7myAzyplgDvUrLOu1sYqoV+9Ws+5WRkui3NriOMhmFh6JVVrRaV3Ce6X1rTgegU0FhVWmSnaMOCkYU3W8Z+0dq5BRoWRG9Pr9a86R5+017qPQAAAADQTExnxhjBmnePs248LMpn0WCuaQFeAVV4l/c4dd795aetDdVC7/jaK4eSzhetVpOmq9WSx1iiCi1ZrTaZkhldB82fW/EpoNF12hZpWBDfT7FqtfF1ZlarZYRtk4/7AgAAAIA14NcJLGgJKWwCgrWJbvSTrOqsore8ig7wCgjxuu/8MkK10Mh0IOky2rDA3y4ny2xYkLa+XTQIS7nOWBjOJavVxufRdHAXHVv02PD2WY0NxtVqkUAutkNW2Kbk7XbVHf5sJ2MPAAAAAGiSg5LPf1Hy+VEwgjVJz37sr+1vSburhFJ5NT3A02Jf/0O/+aWnJytdZMOcv+zKUJGFSN34v9k/i/GU0ES1WvjRvGq1WI6V0rAgeg1pdrVaejMDP1U0MqyphgXxNdQ0s1ot/q3oCwAAAACar+x1ooclnx8FI1iTlmpakLVlVnup2C2vEkO7h37jS0/7KwxtY52/7MqRpNPkmmlZ1WrSdACWrFaLhmojm25YkKw4C8+ZXa2WrEKbXCy530oNC6LS117bdTd+pisAAAAAaCjn3IGkKyVfhplga4ZgTdKWdFBWoFX0OmhVBXgLfs0PnT/0c/0Vvj1t0HXSpZTSvVPZDQtcZI+0aaKzGhYkq9XGx0R2Sq9Is9T9ktNJ4x8kPlmkWi16l8Xu7wkAAAAAGsivrdav4FIEa2um9cHaZx4/b98523XONGvLqthqSkVaGc0M5oR4twnV5vu1G/tDSb1kw4KwWk2arlabZE2J+xNTQJPVauF5w/9GGxaMq9UiY5tZrRb7KlasVktvWDB1FZl23cv+bVcAAAAA0DwnqqZpQc9XxmFNtD5Yu9eps0rFV1bgNi+oW9cAT5K2nI7f8dDPlT2vfGP8+o39Iyc7TZsCKk1Xq0nTU0AXrVYLGxaEoVvs+JQqtJGFN2dVq8VXehs3LIjdmhhEeHvWcnKWuD9ezdbLOAoAAAAAauGc60u6WtHldiU97pw7cc7tVXRNrKD1wZp8N9CmT9lsUIB3/O+6P9et6oezQVKDyOS6Z/EYa37DgrRqtWTDgmhIN6thgVL3izQsiAZ6WVVplrhzdsOC+DmC/9t1X0vVGgAAAID6Oed2fKh2vYbLX5P0pHPuyE9DRUO1Olh77g89b2dLurLOUzYrDvDOnTMq1XL4jcNnnznpVrJhwShl32S1mhSvMMtqWBBWq43vVlbDgulrhR0+sxobhFNAgxAtcuMi00GnPk9Uq02HdD0BAAAAQI18tdhA9YRqUTckDZ1zPQK2Zmp1sHaPs46clGfLDLvUjCmbJQR45/c6dd52/efvrjCstjuSb2QgRTt/TlerRYO3rI6haedIVqulNyyYrlZLm2oafhzN0Sb7LbBuWtbU0NQpoLGAbdd9zb9hTQEAAAAAtfBrnJ2p/A6gi9qWdFOTgG2v3uEgqtXB2pZ08FEypW335N0yKr7WPMC7lNT5xf+dUG0Vv/nws+86s8NoJVlWw4JQdApoWrWai4Zg4TF5GxYkqtVWalgQNbthQfq+po4AAAAAoELOuT3n3Imkx1VNo4JlhQHbk865PgFbM7Q6WJNTZsVa0YHWGgd4l1uEaoX5D1/3qX1Jp2kNC0Jp00RnNSywSMOCUTJom6pWW6RhQXws8Q8SnyxUrRa5a361Wmh/6hYAAAAAKIFfS60n6UkFa5utg+sKArYBXUTrdW/dA6jL/T/y3L2toNvGclz6zWlrZS0iM9nMWuR97vnSD8w7PjkdnL74LWd5D8c0Z+qZ9ERyCqhFqtCSDQviS5vF10sLfyXDKaAmZazTZinB22S/1KmiearVkg0LUncMP03ZN3k7AAAAAJTAr1l26LcmVqgt4qqkq865C0l9SX0zG9Y6opZpbbC25dIrYtIqiBY63yqDSdOMAO+hJ178lkHOSyLDf3j5pw7+8qt/9Y4i74REM6Xkjz76Oxk2Pkg2LHCa9BVwFuZbGVVoGdVqwefJqaLJarIF1lBLssT96Q0L4qcnVwMaw8w6dY9hGc45HkHKdybpvpKv8USJ5z5XRrdubBZffbJu9uoeANAGfgrloaSu1jdQS9pVME30pnPujoKA7aTmMbVCa4M1Kf2FwlZGoJWZdOW0BgHe7Se+5C39oi+HgJkdSroWibEkza9Wi1egTWbzRqvV0hsRTDcsSK9Wy2hYMDMIywjbkgHalKz7TZKYegwADWVmdxV0SSuNc8U+70q4a2aDMi+AxrhZ9wAANIufMtnV+kz3zOuapGvOuUtJJ5KOzIyZaCVpbbC2pWUXRy92imXDA7zjJ77kLbyTW6J3ff2nDT/+H/+7Y0nX06rVkg0LgvzKTx1NqVYbH5+oVgvOFa9CC3cezdgvnAI6PnH4wSLTQWMXShyXFrYlQ7rgUx70AQBrwVc9dOsdBQAgS6Q67UB5loNab9sK1mK77qeKniioZOP1VoHaG6w5i7XNHeUMtIpeI60BAR7TIypiUk/SdWnSxTOsVktWpkU/doqsx6aUarWMhgXhVUdz9puqVgs/GX+Ykait3rAgejcP9ACAdbEnKqOAZQwl3ap7EEvoKFjDCmvEh2lhddqVWfu2yK6kG5JuELIVq5XB2oP/7DmdZCBWwqL/GedrdIB3OZI6P/O//QLT8Crw7q//tOFf+u6335J0M1wRKDoFNK1abXJ/dCroJJiLThuV0tZMm+yQ3G+lhgVRcxsWpOwbrVajYg0AAGBj+UXVezUPY2F+rT6CtTXgnOsoCNPaWJm2rLSQbcCabPm0MlhzGY0L0tyTcXuyOMMgxAcAACAASURBVGdRDQ7wLiV1fuaLCdUqdmTSoZO2kx0+pbSmA/EpoGH4Nt43qwotshZacr/YNZSzYUER1WqT2y7tdZ8/TNkDAAAAACSNq9I6CoK0jjanCUHVoiGbJN1RsJbqCd1FF9PKYG1LFgnWcq5pVnDXzgYEeIf/+ot/kSqhir3nGz797l/6R28/GvmqtbSGBfGunekNC6KFX5NQbtGGBfFqtfA6syvUMsK2udVqKftGbw8+HggA0Fr+hVKZBiWfHwBQgkiQFm5UpZXjmt8e8dVsg3AjaEvXzmDNRdtYZwRQuQOtLI0O8G7/1N/9xX7OU2J1RwrWtduW4r97zuLB2eINCyaiWdeshgVmkWq16EJr0R1mTQGN3Z6oZkseFwvVps41yDgzgBo45/YVPE4BVdmrewAAgPr5qZ37mgRpVKRVb1e++YEk+S6jA0ld3yUcammwpgXmyGcv+p9XYwO805/8u79Is4IavecVn373L37X2/sj6UayWi2WR81qWOClVqGlrJe2VMOCaBCWHFWyWm3eemupv+9TlWuDtL0A1GZHrC2Dau3VPQAAQH2ccwNtznOPSwXrl12veyAF2Za0Q6gW17pg7a+/4bP3tsYrwhen+K6deS0V4F0omI+Omo2kIye7kdawIFlxNr9aLV6FFu6cVq2WbFgwPrG0+MfJQSYDtKx9k5VtgUt73QuYkozKOOd2pMXX3VzCTgnnBNqijH+TUYOSzw9gs5T5N53nvekG2oxg7Y58ZZdzri+pr82YvtqrewBN07pgbSt8F7TgKZbFd+1MV3CAd3DyRW8laW6AJ7/x04d73/krx5KuxyrQ5IO2WdVqGQ0LAkG1WtZ+wR6TD6aq1SLHzb49cpel3Z9VrRY9xiTjxQ4qty/piboHASCmU/L5hyWfH8BmKTPs57VYCjPrOee6Wt8Q6lJSz8zGS2mY2UDSnu8yO14GaA2d+q8FEdkzCjeWdSaLSE1vW5mb8m0ufVPOLet8Ocb20MkXvZV3SJqlN84/wyAtEnaF/w1DNZdSYDa9Ztpkh+R+yWq1+Q0LIh8X1bDApg6hvTMAtJhfmPpKyZfplHx+AMDq1nW5ojuS9qOhWpSZ9RSEtcdVDqpAvboH0EStC9bucdq5x0nLb5a6zQrpGhzgHf/EF721X/K3GksaftNnDEeRB9i0hgXR9dCSVWjjAM7Cmy1jv0j4pkjDgtitiUGEt2dVnSWndaZVs2VVuEXPzbsfANB2VSxR8ZivhACARbC8Qw3M7ETSad3jWMKFpBeZ2cG8zplmNjSzrqRna72+xmOq1dK1Lljbku1nh1rLbx/l0rd84V0lAd75lmxd0/826Cu2DlogOgVUihd+LdKwIL5fJKCzyHVmVqtlhG3JsCwqeVza7fF9zu3RB4bZJwQAtEBVz1EI1wAsqrQqWkKKuXp1D2ABl5JumdmeDwMXZmZnZtaRdJ/WI2Dr1T2ApmpfsOa0kzmdMq3iK+91CgzvCgzwLu9x6v6Lv/NLzOVvqItv+oyBpNNktVooNgU0JYALblfs9qzGBuEU0Ph0zETV2YxZnvHb5xw3u2FBuE8/4woAgBaoYT0dwjUAM/np6aiJDx6bPGXylqQ9P70zNzMbrEHAdjyvEq/NWhesacl3HJYJ4VbZ8loyoDt8w9/+JdZVa74jaRKIJavVYs0NZlSrpTcziE8nla3QsCAZoKUdN6OgLaWijfXVAKClfIfe1PVoSvaYX0gaANLslXju8xLPvUl6CqrCmuRY0seaWc/MCitaSQRsd4o6b0F6dQ+gyVrVFfTF//wzd6aTxBVSrRQFd+0s0vGP/q1f7i+yo39nprvEuYe2YrWRc+5Q+dYvuJtcGDLH+OvQz0r8L775M0/+/D9824Wk3XBttWjDgqC4K70KbaphQWK/lRoWRM0K0LL2nV2txjTQzbdX9wAANFpf9XVIu+mfOxwW+QIJwEbolHhuHm8WYGZD59yRpJs1D+VSwRtAma/jiuIr9Qb+b1NPwfqjdXYRpVptjlYFa1surVVyeknNaFalzaxrZN5Ta4B3oeXWLNnTcg9cpwqeEOfiHyhv5Dz8RSm37an+B955BpKGWXf6sPCRSbVaINmIIBStVkvbLzmdNP5B4pNFqtWid1na/QtWq0326c/YG5thr+4BAGgm/+batZqHcV3SvnOua2ZU9wMIdUo896DEc2+aIwWvZ+sIly4UvFY5qvrNFx9mdX1Vd1fB96DKJROkIFBkjfY52jgVdCHFT/e01K3ApgSzuooe/Ojf+uVGviPi1zbJG6o9tOwCkWukP5IuwymgsbXVIjtFq9CmqtVip1uxWi2zYUFa2JaybzRIS9+nLwBA6/jnAY/UPQ7vioIKAV5AAAilFGYUZljiuTeKD7Sqfmw+VfB6c6/oKZ/LMrO7ZnZkZnsKCkuqnCZaeaC4jloVrDmnfeekMra8Kgjwbv3w3/rlRr7z6pzbV/71VI5XnX7aZL/zys+66/yaY2EEFW1EMFWFFgmrpqvVIlNFFWlYELs1dqLJ7VlVZ8mKs7RqtliopulzTfa5Y48+wIP15iuzVX1TF3kFMIMP1R6rexwJ25Iecc6d+AoBAC3lnOuo3AqpRr5Gayr/2q/sdekuFayf9mwz6zTx9aaZnZjZgaSPVdA84aLEy4XTXzFHu6aCLvDCLu8aaauEa8tI5hdznB//zbf1yhnJavyT1YHy/bE6NbNuoQNqoJGp52TXkwVjsxoWRKvVUhsW+Iqx1Gq1ZHXZ+L7Ex4uGbdN3pjUskKhWa4vSWtUDWD++KqwplWpprkkaOucOm/jCCgu7VfcAcuiq+qleSHdQ4rkvmXaey6GkJ0o477mCAOlkXaqz/DTRnqSeD4G7Kn4tNqrVFtSqYG0RVZXwVRTgdXNepgoD5ftHf65y/8g1xvtf9VnDP/33f+nUma4GudckkEo2LAg+iFe1JfcLp4CGH48/WGQ66NTniWq1qX1TpoAmzxXsc2GPPrCp03nhVVD1MSj5/AAK4h8P+qp/TbVFbCvoGtpV0NiAF8Frxsx6dY9hWf4FMsFaM5T5moPHkxzMbOCcO5V0tYDTXSiYIXS07gvzR5od7Cj4vT3Q6n9nqVZbQquCNees8DnyZvlK1SoI8G794N94WyMfsJ1zfeWrXrmU1G1Zat4fSVfnNSwYaXZjg2iONgl1F1g3LWtqaOoU0BnVbONjpvbhwbodylyfRGKNEmAt+MCgr/ULDa5Keodz7raktHV2ziTdV+D1yqjGALAEv2RNmY9VgxLPvem6kp7MeeylgjCt78OojeL/PvUl9QsI2WpdV27dtCpYmzUVNH8F2XJzM/NaMsA7/8G/0dgpoF0FnbfyOGjbu8Xvf9Vf7f+pb/+lI4tU9yWr1bIaFkQbG+RqWBA1t2FByr6zpoYG+1yKaaBtQbAGtJh/cn+k/H//m+KGgu5sR4pMj/H/HRR1EVfV+iIAZil7ofxByeffWGY2dM4da/G/KWGYdrLBje+mrBiyXZgZBRBLaFXzArnsLbMZgIrdcg/d2TJbd4VLlca/85N3keKHNvFdhYX4tV2mqtAi65VNNyyIHD71QeKTharVInctU60WO2ZqnxOaFrRG2cEav0dAQ/m11IZa/1AttC3ppqQz/2YhgA0TCSHKctna1zXFOVQQmGW5UNCE4EVmtmNm3TaFakm+q2jfNz34GAWdRY+V3figV9XYNkWrgrUZuVr2ltUFNOdWQYB365/+9V9pXFWXc25P+d+Z2egOoPNYZLpkrApN09VqqY0N8lSrJRsWpO6oSWCW3Dd6e+Y+67fuCXIrO1iruv06gDmccwfOuaGCBgVldtWry66C9deGzrlDOogCG6Wrch+3WhvwFMVXYyUrqs4l3VbQ0XOv7WFaFh+ynfjvz56kZ0t6WNIdBWHlRZtfe+fVrqmgTnvJ20ZpVTYLKLxIP+OESw7v4gde9Cu9lcdSMP9k80T5/kDdaUMH0Fl+/9s+e/jHb731dBRZpDOrWi34PDlVNFkplgi5shoZTB0yo2FBNIxLVral7SMd2+sfHGZcDRvE//svuyPogXNuh3Ug1tZ9vHO/Ofw6aj0Vs7D0OthVEB72/BTR/rovgg2AaaDrwMx6vnjjTME0z2GtA1pTfqmlM7H29UpaVbEm2a5/dT/etlzWNqO6LMeW15IFcd0VvjllOlK+F9bnyvE1mdnAzFyZm4IS2vMcX5MUhIWDJY/px6rQEhVo8Wq1jIYFySqyRaaApnX8jMm6P6NabXLe3qyzYqN0KrjGtlrSLRhoKudcxzk3ULDwfltCtahwiuiTzrm+DxgBrBk/xbvMpgUSFWuF8VVXa9/VE+uvVcHaciGVpW7JYG7RrYIA787rX/Qrg6q+l4vya6vkWVflUkGzgqZWoFQaFv6nm5/dl19HYJx7+cDMMqrVwimg4cfR2+d+HLuQvzOrWi26b/paalSrtVunouv0KroOgAjnXNdP+WxroJbmuqQnItNE92oeD4DF9Uo+/50Gv76phH8jxtg2fuvU/btWpVZNBS1i/mbmKXJOKc06cMnTXaqBawz5f0yP5Dy809R3HtxqYWE37x/TkekkuG5QrZZsWBDZb7paLfxk/OEC1WrRuyzt/jnVbJkhG9VqLVNVJdmuc66bY02IoaRbxQ9HXZX/jjdQCxdM8e4qeO7RlN/zcwXjybv0RBnCaaKPOOfOFXRnY7oS0FD+OX7Zj2n9ks8PoAatCtYWKc8bzd8lXcGLri0Z4B297uDtw2JHsBoXdADNW+b8kJ/r3TgrhoXdFb+uIzNdT04BDcUaG1iOhgVRcxsWpOwbDdKyz0e1Wov4x4EqX3T3tOQTVv8Ct1f0QPxjRVMCB6AQLqi86ioIsJoSXklBqNYxs7v+395AzRqfFFS5P6KgmUu33qEASPJvGPRKvswli+kDm6lVU0EXUWB3zplbbtNzVi/kmrXQoP/D1Fe+J7W3m9qFxL+gyPvH8Naqf0j/S+85Z5JdSNPVatFA2LRAw4Lo7anVaJFDlqlWS14zuZYb1Wpt0634ersuWBsFQIFcMG2nL+lJBeuINSm0uiMfqknjRZj3lX8d1DI1coYBAEnBMi9lP7b1Sz4/gJq0KlhzrvgtrwJDut7rrr29afP0+8q3/tgdM2vyE85VOpv2ihjASDpKb1gQr1bz+86pUJvRsCD1oBnHRW9P7jPZ9zbVaq1TR0OBXg3XBDaSizckyLMEQtmOzWxqPVZfidpRELo1Se7lIACUx1e6VvEY16hiCADFaVewltGQwOVfIK2UsG6JAO/itdfe3s89+BI453qSruU4NNei/lXx79RX1qxghpNZDQvMItVq0YXWojvMmgIau31Gw4JoJVqysi1tn+Bd+l7G1bCBnHMHqmcq5K5fIwXro1v3AJAprP5qoofNrJt1p5ndNbMDlbOGYh53mAIGNE9kpk3Z7rC+IrC52hWszQiusrp2zgrj8mwFj71RLx79C+mbOQ5tdAdQP7Ws8mYFqSe89TlD+Xfgl2pYkJySOatabd56a6m/xnOr1Y7s9Q828ueL0nRrvHbPP1HGerjegM5VebZB3d+4svm/X3VUns5yKelFZrZQ5YevGH+RP64uTAEFmqunat4IpFoN2GDtCtZyBGGZgVvOyrMCA7zT7/3CtzfmnU+/SHk/x6GXanYH0H1Jj+U8/LCMJgzRd7zTGhaEH08OWODj4MTxOxfZN7PzZ+x8F/b6B3tTX8iCPvJG96l5j0U9/HqEeSpXi7It1jEBCmFmAzWn6utc0v6ylV9+/zrXXes19XkO0Ga+KOBGBZc69Y+lADZUq7qCps2ozFtDtkr1Wer5MqZ7WnZ/0Ca967Gj/OuPlRI+FcFXvAxyHl5mE4aTkcXDvpnVatJi1WrRu5ZpWBA7NrXirTvjqJk+8kbXlbQn6VfzngO16NU9AEnXnHMdnsgCqzOznl+D6GqNw7i9yjqsPtja90tW5Kmuz+t00eo6FM85d6JmPWdeBBXXFVihKCCPXkXXAVCTdgVrKRlVVmyVzBtWVXCAd3H7hb/amGo15Vt7TAo6ZfaLHEjBBsoXFp6W2YThv3/7c+8+81VvOR7Jrier1eY3LIh8XFTDAps+JHK+O/b6Bwczv6DZeuLJyFrx1WpNWeS875zbb+o0c2DNHChYc63qtRMvFCyrMCjiZD4kHCh4QV3213Ip1hCs2zXVW0GNBoqsq1ZFh2Oq1YAWaNlU0MW3LZe+5Z8CmnG+Jcflt15l37TyHBfVKbMMKzQruFAF69GMNJkGY4o0LFD01vDDBavO0hoWJO/PqnCLnjvasGCFgNFXq+1KGuY9B2rRq3sAEbtav0qFJmpkVTGqVdN6a7cVTP0cFHlSf759f/4yMQUUaKa+8hcGLKtX0XUA1KhVwdqktGaFJgIFbzkCvIujF/5qP/cX0AznavAivis2K6ikCcOH//7zTkamy2gx2fxqtRkNC7JkNiOI3J7dsKBnr39wmH3yuXr+v1QbrYmGVauFrvt/08iJij+E/NIND1dwqQtJ95nZYVm/f75r6KGk+1TO2mtMAQUayL95XlUV4zHVakA7tCpYc84i2yh1i4dvRWw5x5q99XKftDkGTX2h1sRmBTOcjBsWxH7dElVnM5sQRP8757jlGhac2usfzP2C4iNvdD35KTpPe6CZa/AhVb/uAWQ48v+2kd9F3QNAM/iw6E5Jp79UsEzEXlUvRs1sYGb7Cho0FNk5tFvguQAUwK+xWNUbgJfajNdtABbQqmBtEfHwrYit0ADvUlquE1ZD3fBdeBqlwc0KUlnQMEKrNSxIC8gWnDo6Pm3qOVaZArqjSUVjkS9yUCJfFXa17nFk2Faw3hoLQudHwI2oroqv8rqjYNpnr+DzLsRfd1/ScQGnu8UUUKBZ/POUmxVe8ojHAaA9WhWsbZWw5ZUzqDv6ni94RyMrvXJo4ovcgRrYrCDL//gHzzsZyS6XalgQNStAy9o3K0iLn++Wvf7BVV6E9zT5OfBifg34f8tNn/J0Rc0fY5MN6h4AmsNXnXdVzJsfpwqmfR7U/SLUzIYWdLK+z48rj/MmryHbQIO6B4DN50O1vDNS8rjgcQBol1YFa87ZeVZolVcZYd2MAK+fe6DNs60GfT1Nb1aQyXQS/WTy4SLVapG7UhsW5KpWO7VHH+jNOGqmj7zR7Um6EblpU4LkTddXNZ21VnXdTwPB8jahWhoF8ksfrPKm0oWkh8ys07Q1iPz00I7yBWzdwge02fg7j1I55w5Vbagm8TgAtE6rgjXN+ONd/BTQwgO8O69+8GyY+wTNdM3/savVOjQryDLy66yNzfo4s2FBWtiWsm80SEvf51LBO/2r6Cc+p2Kt4fy/4aoWAS7CTZoZLM9XEuWt4MGG8ksgLDt1MgzU9qpeQmFZOQK2WxWvtboJBnUPAJvLv3H+SMWXvd20NwsAlK9twVrtVgjl+nWPvSQ930mwFmvWrGCKfcdfO5F0udQaapG7phoWJO+PhWqaPlc8sFupC+hH3ugONL1GFy9QGsz/+6n6CWsRHnPOdeoexBrq1T0ANNKhFltvbW0CtaQFAzamgObgn0exnioK5Zzb8aFaVY0KQud1LA8DoH6tCta2nJW+leTyHz1wvqnTcLZV0xSjdWtWMMO4icFUdVkoWa22aNg2fef0uQN37NEHVukCmrVG1zDvOVEuH4gP6h3FSk7oFLoc/w48VWuIWWC9tbUN1JIiAdvHKqjUi37NvJjOb1Of46IGkecnVYdql2IKKNBa99Y9gCo52VALdq0zuVzXKClc65dx0ga54pzr1fBO70Br1Kwgm53IIk8eZjYhSHwSrVZbtmHBJMi70OpPJA4l7SZvfNoDTKlpIh9Kn2g91lXLsi1p4Jzr1F15uma6CipJ1/lnj4KZ2ZmfYv145OYLSb11D9PS+KnRXf9YeCBpj6lfKzlS9SEINpCvRq/r+UntM1nWyFDSrboHsaI9lfu4dar1fgNbalmBRKuCNS3xw3UzV20vzoIBXr/kYTTBTefcSVV/kNa2WUEK+86rJ+4bTy9lFnkSscDU0OIaFhzYow/kXmfuI290+0pvf77I1CJULFLpmeffT9MQri3JzIY1LQSNhjOzE+fcbUn7ko7MbOOrkHy1Xr/ucaw7H8yeasE3v4E0vjlR2vPJKhxv4psIZfFvTvRqHsZKfIhbZrA2YHmB9dKqYM1FMqy8FWmZkutTLWiBAO/iO17w6+v2gi/vk6MT59x+2c0A1rlZwQwnkq7Prlab17AgZd+phgVT+zxsjz6w6u9nP+P2dfu933gVh2rnCn43yl7DjXBtSWbWd8EfVMI1xDSrmrtYfur4zrz9qFzLrSvpyboHgfXjp372VV8wey6mggOt16pgTZGKtcIr0jJyugICvHV7x/dYwR+XM6VM7ZtjV8G7F6X9cVr3ZgWZgifyPizMqlZTvmq1rOmjK66rJkkfeaPrKTukaeb3uqVqqFTr+iqGtKYWRQvDtW4bqmyK4MO1odZ/SjAQPjfYU1Btt+c3Kcdjj3Ox530XCp573lXwN20oaUj4Ns1Xwz6s9WyIg5r4Cuqe6vs7dCmp09A33TeOfy7alPVxyx7HXgMabd1t7GvfBmpVsLa1wjzfUc7jCgjw+queoEJ3zKwrjavCnshxjhvOuUEZL243qFlBmhNZJDCMd+tcoFotZd/o7dP7nGvFddU+8tNuX25myT4P5A3h3w0+UXWh2q3IH/KuqlnTa1vS4865hxr+b70xzGzgfzdYHwlrw//Odvy2r3If13Y1eZPxWmQMUhC6nSl4XjKIvngxs4KnVawHMzvyISePJ5ipAVVqEqFaHfaV7/XlOrqu+h8LTxX8rcQCWtUVVM6CyrIc21bWpmK3hIt/+PlrMw00FrT4d2Nv5zxX34dgRRtoI5oVTLN/1Lkr6c7MNdKS66MlGxZMdRXV9LmCfS4ldVdZV83rz8qdn/YA7+g3gX+Rc6bqQrXz6JoS4SLhFV1bkh5zzq1UidkmZnbXv6HysQoe8y/qHREwzTl34JwLqyyfVFC5fl31rhW5qyBse0TSO5xzd51zJ865bknPgdaCfzw5rnscaC6/ltqTqn9Nvi7VPABCrQrWnOzMaaS0bbKI1JKby9pURIA3qOY7s7Kstcd6yrcA/bYKrtTbpGYF2SJBVLJabWbhZNb9GdVqQai20hOJj/y0O1L480gf2+kq50cx/BSLd6jaKRbd5A2+grXKF1o3nHODNr+4XZaZDc3s0Mz2JD1b0sMKfmanImxDDSJh2l0F3Uqva/klKqq0rSBoe0zSH7Q5ZPPh2kMKnl8Cksb/poeqr0FB1EMsHQEgqlXB2rf/r/8+s8LGyQreCgnw1uUB+8xXlcT4oK2b85zX/Iv6lW1os4I0J3MbFmRVq0X3TVa2RQ6X2S179IGVfi8/8tPuQNKNObvxDmCNnHM7zrkTVb/WzcMz3v09VLWdYq9KGjZgfYu1Y2ZnZnZkZl0z65jZnpm5Ddw6dX+vEecfu3r+xXcYpq3rGoBhyDb0AeFevcOplp+Svyeq11rPOddxzg0U/JtuQjjOkhEAprQqWJMkJ13kLCaLbfmvv1RAN1jhUo3gXyTfynl4b9Unkn4aW95pXc1tVpDCvvu+oaTzQhoWxI4d73Nsjz7QW2WMH/lpt6e0asTpMQxWuQ7y880ChoqsB1SRO2aW+W81EtRXWcGwLekJP+0EQEM55/Z8ZfpQQTVLE158F2VbQUD4pA/YmrJwd+kiU80/RkEVLNXsLRIJ1J5Q/dM+Q4RqAFK1qnmBJDmnoQp4wpUVriUzjRWc/x8zKuzWiZn1/Iv1ZadibitYMD3Xk0g/fSJvx7rjtfzDGaxt56dYrtCwwKYOOVcx68wt+vMYFHAtLCGyCH3VgZqUWKMxi+8Seqj8nX3zuukfww7p5gc0h/87f+i3da1MW8Z1Sdedc8eSemmzBTaRf2PlyG/ylcR7mnRv3Ze06pTZHZW75l7YIRZz+J9vT80J00KEagAytS9Ykw21wAO15axLc6uUs8WtyzTQRR0oX2e/K865XnQx8yWcKF+Ieh52N11DfUWnWaY1LIhKC4It8YnpQmadVZsVxNZVS2MKE+vzpz2wNtNv114DXpgGzTAWnHJtZmHFxrzpxEW7oqB67VhBwMbvKFAjH3b31Y5ALem6pAPn3FHO50drrYw3OHyYU2a3wX4bf1bL8Eu3HKrepiJZCNUAzNS6qaBa8N2i4tdcS99mGBTxxTaFf1e1l/Pwm8tOffBd/fK803WpNW4rbK/+3DNJlzNLJ+dVq8U/DtaZWz1U62rxIGSwyrWwmHAtIk2mTtX14nTprlq+S++dksYzz3UFax712rioOFC3yBqQj6udoVpoW8Hzo7M2TQ/FZvHTuHu+ychjal6odilCNQALaF3F2pYLyuZHK62UliLnFNAZ4drarO21KDM78u8w5wm8Tpxz+4tUiaxYzTKQdOgKLD3M0C9xCseJpOup1WrJ2aGxUE3Tv8emjn3/C1btALr4OndB1dpglethtgZUqEU9vEJXra6Cf691PAnfVhBGHjrnDnnCDVTD/33PW42+qa5IGvBYhHXiq9MOVM/yE4u6lNRZp/WWAdSndcGafMXaVt4kLEtGDpMzwDvvfd5vbuo0o67yTQndVVDxtsg6X6tUkVxTNX/kByprrQ2zgSzRBXWhhgVT1WoPrRqqffin3Y4LvtZlft6DVa6JbP5F6UD1B2pSsI5h3sYiMrO7furOUPV9PdtizRygEv6FeNXrK66LbUmP+TcgC+moDhTNv7kebk14HjLLuaSDtqxjCGB1rZsK6mRnBU/ZnGlLlmcbFPcVN4v/A9XNefgN/0cZs/kKoJQKtai0hgUTD9nrXtBfZRAf/im3I9PAlnvydMr6auXx77o24Z3X4yLWMfQVrB1V2yk06jbNDIDyEaot7Ibvjgo0gnPuwHezvatg+vZ1NT9Uu6Og9fUf6AAAIABJREFUUm1Y90AArI/WVax96+e98+63/+yzLrXkg3pmuFZw4ZtvmtCEF76lMbMT59wd5asM6zvn9lg4PJt9z/133cNvOpdldAed9TsbhGwPrxqqeX0tP01v05p2NFFX+apGi3KnyOYgvlNoR9VX4l0o/7qRreGnHpe5/tMZfw82G6Ha0q4757TGTZiwIfzf5sfrHseSbtFkAkAerQvWJMkFLypj63zlzscKXorLB3gbHax5XeWbwrWtILChcm0mO1E01JrXsMDGdx/b616Qe3pe6MM/5foKg1OTzC38T2Ww6rUxm5kN/QvVOp7snit/xWqmmsK1hTuZtty+yu20d5943NhYhGq5Ea6hdmY2cM49LOmRuseygKBZF1XoAHJq3VRQbyq4chVti/jW579z44M1/4I0bzh2zTnHGiKzmH+hmewOahm3BY7tdZ/fXfXSH/4pdyQl1nhbzMXTHmSB2Cr4hgFVd9U8VTC1opQwyk9z7aiaaaFMAQVK5teEJFTL7zrPlVA3v5bqcd3jmOOOpD3+rgNYRVuDtWFdF14gfDuva2xV83/Abuc8vOec2ytsMBvGjp4/UBgwJKvVxjtFbrfCQrWu0jqyzpmB6jENtFpdVbc22bGZlRaqhSoK15gCCpTMTyEe1D2ODfCIDyiBOh2qma9vLhV0Jz+gAh3AqloZrG05nW05qYytAMNCzrI+egpeqC5rWwQxs5mdTDUvSG9YUGSotkp1wWDVMWBx/klkt4JLFdKoYFEVhGtMAQXK11fzFzhfF/26B4B2izzfqKvRUJpTSfurdCcHgKhWBmvfcv87B9JIs7d8CgjnWjUVbsUpoVecc70Ch7NpepIu55SLHdv3VRSqza5au3zag0ZQWrEKpoTeqmONnxLDNaaAAiXz6yXmaW6EdDxXQu383+Vu3eNQ8LzgIV9FP6x7MAA2RyuDNSmYcjl7SuYodZsfyC27TWlVsCaN/9jeynn4Tf8kHAl2+/OGkvYUrm0Rr1a7lOlWZaHaeFCZ4RqhWn26Kj6ACp+49go+78L848qeipt+whRQoBr9ugewgQ799FqgNv7NvLzP94twrGAttX6NYwCwoVrZFdQ7U7Rr4oIKbgKqlHCtlVOMzKznnDtQjp+Jgifhe4UOaEPYaz7vrqSu+9p/e6igO19w+2s/f1DE+QuY/hkiWKuJmd31//aK6tx4oaCzVu1vEvivraPgMWLVChimgAIl811Ad+sexxwXml62Y0f5nr9UZVvBOle9mseBlvPP9/dVbVXqqaQeFecb4UxBN3AE9rUeXXdbobXB2pbTQCmdCxdYYH0pyQaM83zz/e8aFDyEpfk/PMVniPOvW8gCu3WNv8nsn/wvd1XwGma+++d0o4K5g5HMxX5AF0wDrZeZDZxzt5Xn5xl3Rw0LoMLp5n4q1M2cp2EKKFCNpnSxPFXwN3Pot7NFH9d8Zdi+gjf89hRMS99X/WvGHTrnjpr0+IzW6ir491V2GH2hIFDrl3wdVMQ/fg3qHkdTOMfL3SZpbbCmoEJmqtKm6F/PrN/3ogM8oEof/inXV0ownROhWjP0FKx3mLda5OEmLwLs3yUfKPh9W+YFLlNAgQr4Kpa6qr4uFDw2nKwaome98PNfX1erPc6uYttfu1/DtYExX03eVfDvpIzAmUANQOVaG6x94+e+6+53vfnjz1XTk7iMvK2JraiBsQ//K7cj6UjS9ZVS6HjVWn/1kWFVkSe6y04JPVdQpVb71M95fGXenpabGtqoCjxgg3VruOappCO/9lOp/GPkoYLKsQP/8dWyr5tAsIZGMLMz59yhillOJHSh4PebyswN5t+kYM3IQCGzvVCM1gZrkuScnSgM1gouIbN8qQN/BNBYPlQbqNgw+vxpDzY/kGmLJaeEXip48tord1TFikwNDdcbmvVuOVNAUSiWKpgpb4fwPC4VhOa1VEz76574gO1I1VWwXXPO7RA6oAnMrO9DklWXoaBCrV2OVP2bEsBcre0K6k2eUM1uEbr05pylb5q5DSv6uoGlfOhfuX0L1pmZhGqrhtFBh9D+imdB8XoKnqTOckfS/rqFalF+2uqegq8lDVNAgYr4StKqwqVzBZ0Ba1+GwI9hX9mPQ2XoVHgtYCYzO1RQOZrHqYIO5HT6BFC7Vgdrr7jv3WdOusiTneU2+8TDVU4NlOFDP1nqOhj9Es6JFYQVXRl3n0q6z8wOzNb/jQAzu2tmBwo6TCWn4jMFFKhOVdNZziV1mvRvO/I4dFzRJZk6hKY50Pw39KKOJT3bzDoEagCaotXBmiQ52WBOFVnqtpWxrVrsBjTJh37SHUl6TBaEalNFaqtVrR0//cHmvLjBhF8L6FbkpgtJL/JPYgf1jKo8ZjbwXYkfUvC1MgUUqFYVYc+lGhaqJRyqmrV2OxVcA1hY5A29yxm7nUt6WNLHmNlarOsKoF1avcaaNF5nbaq7oVm+mMvR7xMb4EM/Wcp6akn9Es+NFfkumnuS+m0Jmfw73/2ahwG0URXB2mGDQ7Wwgcyhlm8gsywW/UbjZDQzuFTwN7lPkAag6VofrL28896TVw/+4qUS09ycqyYgSwR4g0ouCszwoTsu6BrmElM/TZIb/2fq9iVdPP0L2hHWrDMz69Y9BgCtUHbYc7kOU8Z8A5myO9aXeW4gt0gzgx1JJ01YBxEAFtX6YM1LrVqrQlUBHjDPh+64HQWLtWd3Z8oK0ZYP146W2hsAgPzWqdpl0rF+TfgwZN3/rpcd7nadc52Sr1G2ftkBtW9mAABrh2BNkgvKjK9Lqzc6BNbRh07cvpz6Snb9zAjL8hWpjYWl/QAAVGFQ9wCWMKx7ADnsSLpa9yAablfVdb4ty6DuAQBAU7W+eYEkfV3nvQPndOGctJWxrdqUgCYFaKoPnbiepHdo0XfIs9LnxVPp/tO/oLnr3AAAAAAAsCgq1iZONGMKnCs4DSNcQ90+eOI6kvoufAc1rQytnKq1dZ8uAgBYL526B7CEvboHAAAAlkOw5rngxX722lJLqmNK6Xtf8Yf2JHWds7A07uQvfMf/WKd1RVCBDz7udhT8vl9PbUawiPxrrR0//QtsuOzlAABYQRVdR4tyUPcAAADAcpgK6h1efe9Q0mlR56t6iuh7v+EPHcn0pKSb4830jvd980cNn/yWe4+e/JZ71+lJJUrywcfdoYL1W9KbdaQlwjNS4hwBMtVqAICkspcH2HbOdUu+xsqcc3sqv3HBecnnBwCgdQjWYqwfRAWLbM3xnpc/7UjmxtV2Zi46xF0L7nvHk6+8d/jkK+89evKV9/JuaMt88HHX+eDjbijpEUnb4zss9p/lLL/W2unTv8CooAQAJFXxt6HnnCu78+Oq+hVcgzVOAQAoGMFaxOHV9/Wds0vnTPO3Ueq2eDBXTGD3nq97WkfRKazJU1js412/7+PDV917d/iqe/vDb723O/y2e5v+RBM5ffAnXOeDj7uBpCe0aDeq8qrWeovvCgBokSqCtV01uCO1c+5I1XTWHFRwDQAAWoVgbVp/lYMXC+WytxwOJclMkk0mkyaq1oLPFf1c2wqmAz4m0x8Mv+3ewcXNew8vbt67l2cQaJYP/ITb+8BPuL6kJ2RznqhXU7V2+vQvsEGeSwAANl5V1czXnHMnTatcc871VeA6v3NQOQ4AQMEI1hKcs6OCg6+ydaaCkdlVa1n3XZXpEUlPXvTuHV707j367VtMGV03H/iXbv8D/9L1JT0p6Xru39jiq9Z6eYcCADOwfugGMLOhpIuKLndN0plzrlPR9TI55/accwNlrXtajkGF1wIAoBXoCprwsucNh6/5+b1jZTzJaV645rbjJUdO8mM0c3KycVcEMxcbv5nkwkI2CwreXPDxrpxumHTjt2/dKzndkdNA0uDPf+v/xzudDfSBf+E6cuopnEaS7M45r1unv7+kDqFUqwEoS88v+M66URFm1qt7DDmcqLqqrV1JTzjn7kjqmVW7/qf/ne2p2kBNks7NjH8rAAAUjGAtXV/VP9mRpOWnJpjO5dyVICXzWYY5KRKojcuJop9nhS7pH1+T6Zqc9Dt//94LSQPJBnI6+XOvfIonaDX6wL9wXQXTga9kBVy5wrKsA2ecbMZdvTyXB4AFbKu6MGad9OoeQA59Vf+zvKZgeui5v/6Jr54rnJ9+euC3a2VcYwF05gaA2e6rewANwuv8JRCspXjZ84aD733L3qkii8gm1yhblaVPnttX8I7tEufRmYu2Zk+kG9NVagtXrUWCOkWq3rTrnK5Lui7TY7/zD+45d76aTU6DP/vNBG1l++//3O0pCNO6TtrOTM2aUbV2/PQXUq0GAJjNzM6ccxdatNFOsa4o6Jr9iA/ZzqJbniovP9V0T8Fzu31V05hglkst+RwTANrGjNctyIdgLVusO1PRU0ALjOnOZLou51Ry1VriGBee9IqZrjgXvMv8u99xz7mcBmHY9me+kaCtCP/tDW7HbelAUlfRwFeJ36WCqtbG+69etdZb4rIAgHbrSXqs5jFc8dt45oIL3oE812Lv3tcdoGU5YRooAADlIFjL8DXPHZ5871v26nrndBmDeeFKCVVrsf0TwdsVBWHbDeek3/uue4Kpo04DJ5396Vc8xRptS/hvb3DhtJEDBVOeps1KzXJWreUyfeztp7+wnCk1AIDNY2Z951xPzXzudWX+Lo3Wq3sAANB0/m8QJoZm1q97EOuAYG0GJ+uZXJXvnHaWPeDjHvnw2bsffroPNWqrWssO24Inx9dlum5Oev93b11KOgubITinsz/18hHvoHr/9cfdjoLfg3GYFn5fbSS5lD6+Da1auxRP4gEAyzuU9Hjdg9gwt8paOw4ANszNugfQMKcK1iDFHARrM7z0uRf9175lt6cK3jm1VSaHmjs1Z1cLqVoLG4yuVrU2vc9krNtydlXBVImbJuk/vnrrQs6vZRIEbmd/6uH2hG3/9cfcvqSOnDrKu6DxglVryZ/j0udacBwm9Z7xQqacANCw7gFgvZjZiXMuts4tVnIhmhYAAFAqgrW5Rj0ttd5HSknRAlyQaO3lOlgaSLpaSNVaVBFVa4njkoGd/++ugvDymvy7BL//yNaFnIYKppEOJZ39yRujjZhGevmjbl9OQZgmdZzzwW1WpVnk+7pq1drCko0MlqtaO3/GC40n8QBkZkM39Q4LMFdXQeOA9CUQsIwua6sBAFAugrU5Xvrc3+m/9i1/rqeFq9ZGq1wub2XcQOZumrN4NdKsqjULquRKr1pTSvZiLjhR2nknt+06065cGBhKv397S87pwjkbKgjc7iqochv+8Zc2c4rD3R9x+5L2nBRWpe1L2s6s7Ct2jbPU+xaqWlv2/PH9Dpc8M4DNRvURluID2a6YErqqW3S4A7BhBuI5BRqIYG0BzllX0hNlnNssnlS89i1/bu+lz/2d4TLn+LijDw3effiMyC0LVK0tuqD9nKq1IBTKWbW27PUDu2Zu1zm7Gr3vP73Wyblxx64zH7oNJQ39eM7+2FeW847tHxy7jiS5IDTb8eHZnqQrM6u8lgi3Cqlay7nI2szDpu88fsYX8iQeQMxAPAnGkvyU0IclPVL3WNbUsZn16h4EAABtQLC2gK/+nN8dfN8v/NlS3nGPVox5e8q3Js2pzF2NVa0lp32q+Kq1mOKr1ibHxYK89Oua6Yq/Lxa6hcf85+8fJ3rhNNPouYaShuEx49uD/+7LaWfyqSQX+V1YYIrk3GXNCqpaS/3+pO2nAqvWJrddSlSrAZhyIhYDRg5mduSc25d0ve6xrJlzM+tWeL2hpFsVXg/1GNQ9AEBBEQXQOARri+uppKq1hH3l+cNlGsTCnujaZ4pXrU2FKsmKtvh5J6cbnyz+cQ1Va5OAMO388+1qetptemiaFfZlfh/mj73MqrXM8c8azwLHL3jY4TO+kHVcAMSZ2RmL0SMvM+v6dfoI1xZzrhxd5lfhO472qrwmgNbaiDW3sXnyrbTfQl/9Ob87kHRcwaX2ch43kCSZb4MQBmIW+Xj8uYt9nqyZs+ix0cOjn08V2sX3iX2cco1wrJnnTV47elvWtZP3WcrtyfNPffHzr7GQlOPnnTJr7Jn7Zyznt+jYZ/4c5x44ddvpM77Q+jnOBqAdenUPAOvLV189XPc41sCxme3TrADApmLdSDQVwdoStpz1tpxdbjlTWZuCirWlfdztDw1kuozfOgnQghAl+XlkV3Ozw7Ks0CcWREXOnwyyUj6eutyskCctqEoEc7lCokXMCRpj96WHTrNvW2LcCwd+s86/7PcpLeSMu1TQwQ0AUvknwqd1jwPry8yOJL1ISj7XgXer4umfAFAXnk+gcQjWlvCVz/m9oaSjMq+x5SxXsOYNJJVXtWYpn6fJCJI2qWptoWyqzqq1BS9cUNVa7xnXmtmVFUCjdEUoghWY2YmCNyDP6x5Lg1xIuo9GBQBapF/3AIAkgrXlHSl4ElOW7e//xT+zk+tIcyexIElSoVVric+npojmrVpLhHyp18u4baGqtSIq2bLOvy5Va8vcN2P/lMPuPOOalRo2A9gMfh2mg7rHgfVmZkMz21cwNbTtQe1tSftMjQLQMifi8R8NQ7C2pK98zu/ddbKyOx/mrVobjD9KC5wKrlqLnT8pI1SbmefMqlBLu23RqrW020uuWksNFRc4buqa874O1Vq1xhRQAEvxAQDT+bAyPzV0X9Wsf9s0pwqq1A5ZTw1A2/jHPd7YR6MQrOXwkue8/8TJ7jiZSto6ecb1ca/54FDmzpeqWktUqSU/j5kK5uZUraXcn/ZxWtVaZthTQ9VaVhiXeu5lq8RyVq0trNyqte4zrvGEHsBy/HS+jpjOhxX56rWupPvUjjV3ziW9yMw6VKkBaDM//Z3nEWgMgrX8DlXeO+6dFY4djD9apGpNGZ8nK7aSVWvR/VIDmpQpoX7/RarW0m6bVbVm0WAu7bppty9YtTZLanCYdZ2sU886dsY4aq5au/2MAztZ6ggA8MzsjOl8KIqZDcysI+ljtZkVbGGF2r4PpgEAwWtmnkOgEZwtvGATkh59658+lPTISidJ//ZfvuQ578+1ztq7X/bMfUnvkLMg23K+Zs35i/n8yYX3jT8P9098Pj5WiWMjtzn/qUvsE35xLnGO6P6a3B7cZrFzT51X8fNEx+ecxXdKjj/ttln7JsaYeUzKvpnXSTtu3rFTO6eMSZLLiMnTvtfTO6Tsl8Xp/JkHKzXZADaecy6cplYKHyJsDOdcV8H6a9dqHspGsLR3m1rEObej4PfpUNKVmoeT14WCBbr7fn1CAEjlnBuUePozs9KXQcrNObenYM21dX2sb7rTTXvOWRaCtRW9/q1/YiDpqumeok/97Jd89vvP8hz47pc9cyhnu5LG4do4tPK3jYO18eeJQCsRUmUGYxlh2yTwSYZ5aftEzxm5bjKASwuA0sK1BYK1qa8pa/+021PCsqlwbYHrJD6cfezUzun7ZIZrMwLDqfHMfjl2Kaf9Zx7wJB9AOZxzHQWh5E7kv1gCT4In/IuuA79drXUw850rmHnQN7NczwEBoG38mymHkm7WPZYNRLC2oHvrHsAG6Eo6c3pqu+DzdiTlfVJ1InM3xiGVgtoxJ6ewiszMf+7Cz51cJAQzc5NwLdzfxU4W+9jkT+UW2z/tY3OSs8mYJrdpOuxJuy15Xzi2rLEsaXyexPlnjmHGuDKHs8IYMy0z1tnX7/7/7d1NbxznYQfw/xgtWjNtSClxkrYozB6iq+iLZJ/CfILIfUFT5EWknRgN4Be6RZFDD5W/gYwol6CJyU9Q+RtQp8Q6UdewKKRjbFQWD9Gp8fSwu9Ts7Oxwdnb5qt8PILgzO8/zzAqGAP/1f2aFasBxGj47aveUb4MLYtj2uj38SVEUNzIIbNdz+kHbKEjbS7KrmQYwu+GXGdwqimI7g4DtRpKXT/WmeO5orC3AL3799fm3hE76+K3Xfnejz8D9d5bWUgy3gyZTW2v1Ztqpt9aa1tVaO0uttQ+WXi9vNc8OAOdPURRrSVYzCNtWKz+L+p+ygwyCsyfD3w+TPPTlAwDHZ/h3+3qe/d2+EttF+9BY60iwtiCjLaELnPLgrdd+13v7y/47Sw9T5OVFPmvt2fWjg45hW8uz1p5dU5kz4/fUOG/l+vrcx/KstS5j6vd0xNqtoVz9/YYxY7fWJVhrmX/sXpvf/3jp9bJX0AsA59Vwa3Jd/dwoOBs7N2xRAAAXnK2gC1KkvJHBv0IuJ0k5/16+5V/8+utrb732u/7bQZP3MriZDJKn4VdyFsVoL+izXX/1LZqpHVc/TsetneMJTWUL6rR5h+fKonZP07ae1oeWo482vo21zbTtnWP32VHjn2V9ncYBR5zr8H51/vKL5nBtYui0uSZPP8hgyzMAPFemNMuazgEAz6kp3RZm9ePXPn2SSvhQpFzEzzwNoe2UGaRUFRNxU+2a+heJTR6Pjy0rrw9/ldOvb3rdWJpsuu/G6xrmnvLe1Hvpqj5P29pt6zSca5ziqD+jPma518HxQZKNpdf9qzsAAADUCdYW6MevfXq3KPJhMdyWOMvPFL2DtW/+7OleBl/VPlAN0EYNtrEwrJgMvtqCqA6B2fiYanjXMu/wXD2wa5q3cehh+NW9bjYtKJspzKrfU1N41jFkOzL0m/J+df7yi45Dp8317OX60uu+mQwAAACaCNYW71YGW+dmMiVwu/qfv/na6hz30r21Vj08R621sXOn2VrrMOaoc2ewtbYpVAMAAIDpBGsL9qNXD7eEHixoyt6ttbLM9viJXLjWWpOJ1lqHQEprbcLm0t+W20fcBQAAADzXBGvH4EevfrpXpNzo8hy1Dtb73seVO08fJrk30VorG1a+yK21+r3Nsn6XeS5ea23nS0I1AAAAOJJg7Zi8+epnd5N8eNR1HcK37/zyNy+t9L2Pxtba2GuttaZ1q7+fs9bazpf+rtw4YmUAAAAggrVj9earn20lubeAqTb6Drxy5+l2koO5W2tlS2ttGL6dSmutaa1FtNYm/iyOmOe0WmvzNNgmxwrVAAAAYAaCteN3I9Vv5+xnY57BY621pkZal9ZaWo6nvde3tXbENtOuYdJcrbX6mj3GnEhrbdotzN5aE6oBAADAjARrx+zNVz97kkG4Ns+XGVz95W9eWp1j/O0kDQFZMfnMsrPQWmv6BLVwrGtrrS3A6txamzbXBWitDefZ+dLfC9UAAABgVoK1E/Dmq5/tpSg2UhTp/ZNs9V3/yp2nD8syHx+eqDfSkrS11ibCt6bj6vkjwrNy1JJL9bh2/bTW2lHrT3lvrtZaH22ttQ6h39RzM9x/l9ZahGoAAADQm2DthLx5/dO7STZ7T1AUG3Pewu2yHnolk621pmBsltZaJsOkxmCuds3Y66YgLZX7OKq1Vl//rLXWmnRtrVXfnzFwawjXdv7sH4RqAAAA0Jdg7QS9ef3T7SLlTodvAm36Wf7VJy9t9F37yp2nu0keHJ6Y1lobvT26Zuy4cmnj+MrFfVtrLeMW3lo7rvbaEUHj2Hsn2FqrEaoBAADAnARrJ+yN659tJNnpOXxjzuUX11qrT7Go1lrLGqN7nTrvrK21NLy3iNZaXyfXWvtAqAYAAADzK8q50wD6+NUnL+0ludpj6N+8cf2zh33X/e3bSw+LIi8flsWKclAcK8rBqSJJRueGh03X1N/L6FFwGT8uGo7r12TKHIdrVD5AkRRF2bxO9Vzl+vrc9fEpKuvW1qt/pon7TMv5tnuaNq7pvYZ1jlyzfnuD8wdJtv78H8vt5qsAAACAWWisnZov1pMvHiRfZMafW3MufOtEW2tlw3GT56C11rpztWV76oJaa4+SrAvVAAAAYHE01k7Rrz75ykqS3czeXLv0xvX/fdJ33bbWWlJrkS2qtVYds4jWWtu6i2itTdxf7XOkw/VNY+rn29ZpGnfU2ImLkyT3ktz48nfL3v/NAAAAAJM01k7RMBxbT/VLBbrZmnPpqa21we88+72o1trYRVPuasoXGLRGv20NtaZzXVtrTefPZ2vtgy9/t1wXqgEAAMDiaaydAR99cnktg+bacschB0lWN68/Pp3WWoaNr7Em2IJaa2l4v2Nrbey6nq21sftvOtextdY6puHaY2itHWTQUtsNAAAAcCw01s6AzeuP9zJorh10HLKc02ytZcpxvbE1rbXWtG6SalpUb2B1aa01nWtrrZVlPRVrWWLG1lrrXC3Xdm6ttY1N7qXMqlANAAAAjpfG2hkyY3PtZFtro+NFttYqr8fWG57XWpsyZ/vYD778T+WtAAAAAMdOY+0MqTTXujxzbRGtta2J1lr1OWrT2lOLaq01zqe11tZaa1nnUZJXhGoAAABwcjTWzqCPPrnc9dtCF9Fa2y2KfOs4WmvPrh8dtLTQTrK1Vpv7TLfWGsY1jP0wya3l7/mCAgAAADhJGmtn0Ob1x09SZD1FHhyGQ80/yynmbK2VxUyttalNqxmfw9Y+ZobWWtne/mpsrdXmPtOttfY5H6XMt5e/V24J1QAAAODkCdbOqM1rj5+k27bQrY/uX17pu86Vn/9+L8lOkvFAbWjYWxs/UVaDr2Is8KmHVFODsSlbROvXN71uDp3G73Fi62l9ng7vTb2XrqZsi22dq1uglnLQUltb/r4vKAAAAIDTIlg7wzavPX6yee3xWkbBV7PlJLfnWmjQWhv/RtKJ1loxHoaNvRhdXzuuzzfL65bW2oSm1lrTc9+ahh5na611kto9dW+tPUry7ZXvl1vL39dSAwAAgNMkWDsHNq893kh7uHbzo/uX1/rOf+Xnv3+S0RchTG2t1U7UW2vVt89Ca61h3ol5TrO11mFMw7kPk6ytaKkBAADAmSBYOyeG4dpmyyVztdau3Hm6XZa5N3byqNZabRuo1tqxtdbuJXll5Qfl1soPtNQAAADgrBCsnSOb1x5vJ3k9qW3bHPjWR/cv35hziY0kB51ba9XDc9RaGzt3tlsvNHgvAAAGy0lEQVRrB0neX/lhub7yw3Kvx8oAAADAMRKsnTOb1x7ffSHl+gspH72QMrWf2zv3L/X/IoM7Tx+WZW6NnbyArbUmE621DuHXMbfWdpKsXrpZzvf8PAAAAODYCNbOoZvXPt9LspbUtm4mLye1YGxGV+48vZ3k3kRrrSwuRmutaa22IOyI1tq0EG3ifPfW2r0kr1zaKDcu3bTtEwAAAM6yopypXsNZs3P/0u0k79VOvzIM33r57dtLq0WRvRRZTjH876NIUpSD/liRJOXw3PCwGBwXY9fXjpMUo8xrbGzt/co1h9eP1mu9pnquYd3q2qms3XB/9c8xdu/VcfXP1PRZM+X8+HyPkmxd3izvBgAAADgXNNbOuZvXPt/K5HPXtueZ88qdpw+TbE1trbVsrxxrqZUtrbXhltGz1lprnqv9Xqa10Dq21g6SvH95s1wVqgEAAMD5Ili7AG5e+/xuBltDHwxPXd25f+nWPHN+82dPtzN4ztfkc9SSdHrWWlqOp73X8LocPdst1ePa9UdsM531Swdmedba5OBOVx0k+SDJ6uU3PEcNAAAAziNbQS+Y2tbQubaE7r+ztJJkN0WujrZ6JqlsCX22XbIYbhVNdSvl2HbNcvr2yaLhuPL62fW19RqvqaxZu8exeSu/p20JrW8nXdCW0IMUuZ3k9ld+5BlqAAAAcJ4J1i6gnfuX1jPYDvrk5rXP1+aZa/+dpbUU2U2Gz1vr+Ky1sWuOetba6LjlWWvPxrQ8a61y7eG5rs9aq9xr9f6awrWewdpBMgzUfixQAwAAgItAsHZB7dy/tJLBN4Q+uXnt81vzzLX/ztKNFPmvzq21w+MTbK3Vz6U6x6m21g6S3C4KgRoAAABcNIK1C27n/qX1m9c+3513nv13l24l+Y+5WmvV97LA1trEGpUbP73W2qMk2yly+6tvCdQAAADgIhKs0dn+u0vbKcqbWmu1e6++lzwoitz+6j+X2wEAAAAuNMEaM9l/d2kvRXl11EhLai2ys9paa1t3Ma21nSTbL/2k3A0AAADwXPij074Bzp31JLtJrqYsBmFVmUHgNMpoR4FTOTwYhVJlBkMqk5XlMKAazlHm2eVjx9VBh4Mr61bWrK/RNGZsyrZzZS1AG7/3R0WR7SS3X/qJ7Z4AAADwvNFYY2b77y6tpCj3UuTlPq21wfUdWmuVMY3XzNlaa9xqmvF5qnNXWms7Sba/9rZ2GgAAADzPBGv0sv/ei2spsptkufez1oavk5ZgrG2LaPVZa7Xrj+FZax8nuVsU5d2vvaOdBgAAAAjWmMNhuFaUy8mUFtlYM62shWMzttYqr8fWG54/htbax8PwcPsb730hTAMAAADGCNaYy/7Wi2vJIFw7ndZaMhnmVdeo3OzRrbWDYZB2t0jufuN9YRoAAAAwnWCNue1vvbiaoryb5Oo8rbVn10++PsbW2oMU2S2Su3/xr1/s9v5DAAAAAJ47gjUWYn/rxZUU5XaRfGeiEXYcrbXD8aM76NhaS+4VRfZSlLtJdv/y37TSAAAAgH4EayzU/vt/eqMocispry6itdbaQju6tXYvRR4WyV6K7P3VT/+wu8jPCgAAADzfBGsci//+lz9ZTbKaIuspslIU5VqSlRS5usDW2kGK7A2v303KJymyl+ThX//7Hx4e48cDAAAAEKxxOv7np3+8miKrtdbaIHzLWHi2W2+tvXzr/3ZP/IYBAAAAagRrAAAAANDDC6d9AwAAAABwHgnWAAAAAKAHwRoAAAAA9CBYAwAAAIAeBGsAAAAA0INgDQAAAAB6EKwBAAAAQA+CNQAAAADoQbAGAAAAAD0I1gAAAACgB8EaAAAAAPQgWAMAAACAHgRrAAAAANCDYA0AAAAAehCsAQAAAEAPgjUAAAAA6EGwBgAAAAA9CNYAAAAAoAfBGgAAAAD0IFgDAAAAgB4EawAAAADQg2ANAAAAAHoQrAEAAABAD4I1AAAAAOhBsAYAAAAAPQjWAAAAAKAHwRoAAAAA9CBYAwAAAIAeBGsAAAAA0INgDQAAAAB6EKwBAAAAQA+CNQAAAADoQbAGAAAAAD0I1gAAAACgB8EaAAAAAPQgWAMAAACAHgRrAAAAANCDYA0AAAAAehCsAQAAAEAPgjUAAAAA6EGwBgAAAAA9CNYAAAAAoAfBGgAAAAD0IFgDAAAAgB4EawAAAADQg2ANAAAAAHoQrAEAAABAD4I1AAAAAOhBsAYAAAAAPQjWAAAAAKAHwRoAAAAA9CBYAwAAAIAeBGsAAAAA0INgDQAAAAB6EKwBAAAAQA+CNQAAAADoQbAGAAAAAD0I1gAAAACgh/8HHY3Mer5N+XwAAAAASUVORK5CYII=" width="158" height="43"></span></p><p><span style="color:rgb(59,56,56);font-size:9pt;"><strong>함윤식│선임│ITH2</strong></span><br><span style="color:rgb(46,116,181);font-size:9pt;"><strong>서린정보기술(주) SORIN Information Technology</strong></span><br><span style="color:rgb(59,56,56);font-size:9pt;">(03159)&nbsp;서울시 종로구 종로&nbsp;33,&nbsp;그랑서울 타워1, 16층</span><br><span style="color:black;font-size:9pt;"><strong>Office </strong>: 02-6947-2694 |<strong>&nbsp;Moblie </strong>: 010-7367-9633</span><span style="color:rgb(59,56,56);font-size:9pt;"><strong>│E-mail</strong>: </span><a href="mailto:hamyoonsic@sorin.co.kr"><span style="color:rgb(70,120,134);font-size:9pt;"><u>hamyoonsic@sorin.co.kr</u></span></a></p><p>해당 서명은 공지관리 시스템에서 제작되었습니다.</p></div>	L2	SENT	1	\N	IT개발팀	2026-01-27 08:30:00	\N	t	f	\N	템플릿 테스트12	2026-01-27 10:59:27.024875	hamyoonsic	2026-01-27 10:59:30.475332	hamyoonsic	\N	f	\N	hamyoonsic@koreazinc.co.kr	\N	\N
35	[완료] 1월24일 시스템 점검 공지	<p>점검 완료</p>	L2	SENT	1	\N	IT개발팀	2026-01-27 08:30:00	\N	f	f	\N	[완료] 1월24일 시스템 점검 공지	2026-01-27 14:43:49.246716	hamyoonsic	2026-01-27 14:44:00.010439	hamyoonsic	\N	f	\N	hamyoonsic@koreazinc.co.kr	\N	\N
30	템플릿 테스트8	<p style="text-align:justify;"><span style="color:inherit;font-size:12pt;">안녕하십니까</span></p><p style="text-align:justify;"><span style="color:inherit;font-size:12pt;">전산실에서 알려드립니다.&nbsp;</span></p><p style="text-align:justify;"><span style="color:inherit;font-size:12pt;">&nbsp;</span></p><p style="text-align:justify;"><span style="color:inherit;font-size:12pt;">시스템&nbsp;점검 작업을 아래와 같이 </span><span style="color:red!important;font-size:12pt;"><strong>금일</strong></span><span style="color:inherit;font-size:12pt;"> 진행&nbsp;예정이오니,&nbsp;업무에 참고하시기 바랍니다.&nbsp;</span></p><p style="text-align:justify;">&nbsp;</p><p style="text-align:justify;"><span style="color:inherit;"><strong>* </strong></span><strong>점검 작업 시간과 관련하여 특이사항이 있으신 경우 하기 담당자들에게 연락 부탁드립니다</strong><span style="color:inherit;"><strong>.</strong></span></p><p style="text-align:justify;"><span style="color:inherit;">&nbsp;</span></p><figure class="table" style="width:522.15pt;"><table style="background-color:rgb(255, 255, 255);"><tbody><tr><td style="background-color:rgb(180, 198, 231) !important;border-color:black;border-width:1pt;padding:0cm;width:89.25pt;"><p style="text-align:center;"><span style="color:black!important;font-size:12pt;"><strong>구분</strong>&nbsp;</span></p></td><td style="border-bottom:1pt solid black;border-left-style:none;border-right:1pt solid black;border-top:1pt solid black;padding:0cm;vertical-align:top;width:432.9pt;"><p style="text-align:justify;">시스템 점검</p></td></tr><tr><td style="background-color:rgb(180, 198, 231) !important;border-bottom:1pt solid black;border-left:1pt solid black;border-right:1pt solid black;border-top-style:none;padding:0cm;width:89.25pt;"><p style="text-align:center;"><span style="color:black!important;font-size:12pt;"><strong>대상시스템</strong>&nbsp;</span></p></td><td style="border-bottom:1pt solid black;border-left-style:none;border-right:1pt solid black;border-top-style:none;padding:0cm;vertical-align:top;width:432.9pt;"><p style="text-align:justify;">ERP</p></td></tr><tr><td style="background-color:rgb(180, 198, 231) !important;border-bottom:1pt solid black;border-left:1pt solid black;border-right:1pt solid black;border-top-style:none;padding:0cm;width:89.25pt;"><p style="text-align:center;"><span style="color:black!important;font-size:12pt;"><strong>일정</strong>&nbsp;</span></p></td><td style="border-bottom:1pt solid black;border-left-style:none;border-right:1pt solid black;border-top-style:none;padding:0cm;vertical-align:top;width:432.9pt;"><p style="text-align:justify;">2026년 1월30일</p></td></tr><tr><td style="background-color:rgb(180, 198, 231) !important;border-bottom:1pt solid black;border-left:1pt solid black;border-right:1pt solid black;border-top-style:none;padding:0cm;width:89.25pt;"><p style="text-align:center;"><span style="color:black!important;font-size:12pt;"><strong>사유</strong>&nbsp;</span></p></td><td style="border-bottom:1pt solid black;border-left-style:none;border-right:1pt solid black;border-top-style:none;padding:0cm;vertical-align:top;width:432.9pt;"><p style="text-align:justify;"><span style="color:inherit;">&nbsp;시스템점검</span></p><p style="text-align:justify;">&nbsp;</p></td></tr><tr><td style="background-color:rgb(180, 198, 231) !important;border-bottom:1pt solid black;border-left:1pt solid black;border-right:1pt solid black;border-top-style:none;height:47.1pt;padding:0cm;width:89.25pt;"><p style="text-align:center;"><span style="color:black!important;font-size:12pt;"><strong>담당자</strong>&nbsp;</span></p></td><td style="border-bottom:1pt solid black;border-left-style:none;border-right:1pt solid black;border-top-style:none;height:47.1pt;padding:0cm;vertical-align:top;width:432.9pt;"><p style="text-align:justify;">함윤식</p></td></tr></tbody></table></figure><p>&nbsp;</p><p>감사합니다.<br>&nbsp;</p><p>&nbsp;</p><p>&nbsp;</p><p>&nbsp;</p><p><span style="background-color:white;color:black;font-size:11pt;"><img src="data:image/png;base64,iVBORw0KGgoAAAANSUhEUgAABNYAAAFjCAYAAADxSobeAAAACXBIWXMAAC4jAAAuIwF4pT92AAAgAElEQVR4nOzdeZwk6V3f+e9TM1iH8asKr9e3XYVtsDBHlziNkNw5jNhFM4gu+cQs2s4BjACBugaBOCTo7MU2YCymWkaIEWsmi8Ogl22mGoP8skGaLBAIhIyqAGOha7I4ZNbrNV22da138rd/xBOZEZEReUTGlRmft16hqcqM46mjszK/+XuenzMzAQAAAAAAAFjOVt0DAAAAAAAAANYRwRoAAAAAAACQA8EaAAAAAAAAkAPBGgAAAAAAAJADwRoAAAAAAACQA8EaAAAAAAAAkAPBGgAAAAAAAJADwRoAAAAAAACQA8EaAAAAAAAAkAPBGgAAAAAAAJADwRoAAAAAAACQA8EaAAAAAAAAkAPBGgAAAAAAAJADwRoAAAAAAACQA8EaAAAAAAAAkAPBGgAAAAAAAJADwRoAAAAAAACQA8EaAAAAAAAAkAPBGgAAAAAAAJADwRoAAAAAAACQA8EaAAAAAAAAkAPBGgAAAAAAAJADwRoAAAAAAACQA8EaAAAAAAAAkAPBGgAAAAAAAJADwRoAAAAAAACQA8EaAAAAAAAAkAPBGgAAAAAAAJADwRoAAAAAAACQA8EaAAAAAAAAkAPBGgAAAAAAAJADwRoAAAAAAACQA8EaAAAAAAAAkAPBGgAAAAAAAJADwRoAAAAAAACQA8EaAAAAAAAAkAPBGgAAAAAAAJADwRoAAAAAAACQA8EaAAAAAAAAkAPBGgAAAAAAAJADwRoAAAAAAACQA8EaAAAAAAAAkAPBGgAAAAAAAJADwRoAAAAAAACQA8EaAAAAAAAAkAPBGgAAAAAAAJADwRoAAAAAAACQA8EaAAAAAAAAkAPBGgAAAAAAAJADwRoAAAAAAACQA8EaAAAAAAAAkAPBGgAAAAAAAJADwRoAAAAAAACQA8EaAAAAAAAAkAPBGgAAAAAAAJADwRoAAAAAAACQA8EaAAAAAAAAkAPBGgAAAAAAAJDDvXUPAO32JT/23j1Je5I0kjr+5h2Z7Ud22xtJu7EDLfjPaOqMwR0jG99wLulu5POB/+9wJBtKunvy4o8/yzd6AAAAAADQZs7M5u8FrOBLfnwcnnVk2pG07z8fh2VTAVnk93L6PmXfJ4uGapP9EreNkieSLkemMycNJQ2fMp1JOvup6x8/nD4bAAAAAAAAwRoK9uIff+++guBsX9K+SVdjO2T8usUCssTvZFawljdUC461qX1c5POnTHKTfU5HCoI2mc5+uvuXqXADAAAAAAAEa8jvxT/+3h0F0zc7CoK0q8l9LPOTiTzVatOhWnBnMkRzCkKy6etFrpESqgXHWvxaNv74UtKZzAYj6eTfPPQsgjYAAAAAAFqIYA0Le/Eb3rcjs46kAwVh2u6s/ad+s1Irx5L7NKtaLRqqxT+36BguR6YTSSc/86XPOpm+IgAAAAAA2EQEa5jpxW94X0eTIO1KMviaZelqtdyhWnDnYtVq80O14NjMarXxWDPuuxyZnUg6edOXfQIhGwAAAAAAG4xgDTHX3/C+cHrngaSDkbQ9vrPMUC3l/EVXq6U0LCiiWi12nVF8GuulCyrZ+m/+8k8YTI8QAAAAAACsM4I1hGHagd+uhbfPqiabZZEpoPPOv0yoJqWEaKs3LEivSLPZlWzRYC36JZnZhaT+SOqf/r2/MpweHQAAAAAAWDcEay12/Q3vO5DUVSRMC82rJpulrIYFqfetUK0W/ZJmTQGNf75wtZrc+FiLfCxJOh2Z9X/+Kz6xPz1yAAAAAACwLgjWWub6G963L+lQQXXadtZ+61KtVkbDgvG15oRqi1SrpYRq431d0PTgSFL/LS/5xOH0qAEAAAAAQJMRrLVAZKrnoaQr8/ZvYrXaag0L4oMpoWFB5hTQtGAt3NdpEgKa7FhS/xde8kkDAQAAAACAtUCwtsEWrU5LKqRarSENC4JjK21YMGsK6Hj/aKjmImMcmc4lHb31Kz+pP/2VAAAAAACAJiFY20B+7bRDSVeXPbbSarXcoVpw52LVavNDteDY4qvVwn9bafsmqtWC20x6anLshaSjkdR/21d98l0BAAAAAIDGIVjbINff8L6upJ6k3bznqKtaraqGBXVWq6WFaolqtcgYLbz0pYKA7ehXvpqADQAAAACAJiFY2wBFBGoSDQtSK9KSVWcrNiyQJsFaWqgWnGdyTWfhf+1S0tFT0tG/e+mnELABAAAAANAABGtrrKhATaJhQR3VapYYX3C5tKBOcmZ6KrjG5Ug6knT0q19DwAYAAAAAQJ0I1tbQjEDtNPLxXUlni57TB0A7kvYjode+5jQ9WKRabRMbFgSfL1etNm8KaHCe1Gq1YMzR22SXIwsCtnd87RUCNgAAAAAAakCwtmauv+F9HUkdBaHZXUlnx3/nL5QarLz4x98bBG5h8Db5775Fg7cNqFZbtWFBEdVq8eq3WLXa+JzjfYM12A7PX3alLwAAAAAAUCmCNazkS8LQzYKgzW9Xwvs3sVptmSmg4f7LVKulTQGVYtVq46/pqUkodyHp8Ndu7J8IAAAAAABUgmANhfuSHxtXuHVGQXXdVUkrhWrSdIiWXq02P1QLji2+Wi1acZbcN61azZnGoVlatZqlTwGNdQ+dOlY6HZkO//3h/sLTgAEAAAAAQD4Ea6jEF//Yew9k1lEQtF3JCtWk/NVqySmg4T5hsNaEhgVp1WqjSAVdRsOC8TkzqtViX7n//PbI1PvNh5/N+msAAAAAAJSEYA2V++J/9p69kXQgqatw2mjFU0Bj17LsUG2RarUKGxZkVquFpwtDuuBr1eVIOnznw8/uCwAAAAAAFI5gDbX6on/2nj1ZELKNImuzTZTfsCD+eXnVarMaFvhLR849s2HB+GuZnHuyjw/VxuexoFvs4Tu/7lOZHgoAAAAAQIEI1tAYf/tH37OnoIqtK2m3SQ0LwiqwcP+yGxZI6dVqC0wBTQvWwvPc+q2Xf2pPAAAAAACgEARraKS//aPvOZCsOzJdi97etIYFYbBWVMOCtGq1BRoWJKeApoVq4XEXkrrv+vpPGwgAAAAAAKyEYA2N9jd/5N17kg4VVLFt11GttswU0HD/VarVwlBtfNuK1WqWfsxtM+u95xs+neYGAAAAAADkRLCGtfA3f+TdOyNTV0HIthveXme1WrRqLLnvpIpsMsZ51Wo2Ywpo+LVF9wuHski1WnieRBB3LlP3Pa/4dNZeAwAAAAAgB4K1Nff073n+nqS9jLvPPvx1P7txFUl//Yff3ZXUG/l12KKiwVoTGhakVavlaViwSLXayOJfU/T8acdE11573ys+vScAAAAAALAUgrWGefr3PH9H0r6CsGxPUvi5/Oe7acct4ULS0H88jHw88P9dmzDu4Iff1ZXUk/+ezJoCKvnQaU6otki1WlFTQMOgbl7DgujxearVsoI4WWwMp07Wfd83fsZQAAAAAABgIQRrNXrGI8/vKAjNwiDtapHnX/FHeyrprqQz+QDuw1/3s4OVB1WCgx9+V3dkOnLSdnhbFQ0Loued1bBAmg7GouecV62Wemxkn7RQLXr+aLAWfJiYJjoJ4C4ldYff9BknAgAAAAAAcxGsVeSZR8/fkdSJbFcWPbZhP6JzBUHbmYIqt7MPPVx/hdsX/tC7dlyw/tpNafWGBWEVWLh/FQ0LpOlqtYIbFmRVqyXXYLt98U2fcSgAAAAAADATwVqJ/vDR/R1JB/JBmsUmKjbPCr8KF/Ihm6TBhx7+2doWw7/2Q+/ae8p0JOlamdVqsxoWBKfzt1mxDQtGkess2rDAf3mp1Wpm8RBvNPmCT8108Nvf8pm1h6YAAAAAADQVwVrB/vDt5+8rqJw6UGRq4kwF/wwaEOBdahK0nXzwsPqg7YXHv9WR1B+Fa9ItUa22TMOCcP951WphEOYvHTn39BTQZarVRtHxLNewILNjaPi9caZLM+v8zis/i66hAAAAAACkIFgryEe/5v49M/VV6DppBQdk9QV4YdA2UBC0DQsdSIYXHv/WziicHmrxUE3KrmTLqlaz5HGRfSdVZJNQbVa1WtkNC5JhWXQKaPh1JaecJsM5f97LkXT4e6/8rL4AAAAAAEAMwVoBPvo193clPVbV9Yr/kVUe4F1IOpE0+MDhm0pfKP/B/m/tK6heC9a1K6haLW0KaFq1Wp6GBYtWqyXDwmWr1ZL7ySx2jsjU09vvf9Vnse4aAAAAAAARBGsr+iOvub8j6Yk8xzb9O19hgHdH0skHbvxsv+grRr2g/1s9md2Mr7M2v1qtqIYFVVWr5WxYkFatJotc06RjMx3+x2/9q6y7BgAAAACACNZW8kdec/+epDO5BddSW1TBP5Km/4Qjv4LHH7jxpm6Z13rBY+/cHwXVcrvLNiwIPo7vm9awQJoOxuLVb7Or1VZpWBA9zsZfx/xqtbRuotHratK04dzMOr//bZ9NuAYAAAAAaL2tugewzpxT3zltOwUBRHILkoocW+YF820ua8t/yvSvN6fImK5/9GvuP1rhVHP964eedSZpX9JxVqgWuz2jWk2angI6Odf0ddNCtfi5JkHd1LGJfdKkhWqKfJTWsCC6X/TMlggNE91Vr0ga/PFbb93JHAwAAAAAAC1BxVpO2//k/p6km3mOLfo7XviPsOimosuP72P/28veNCx4FFM+7wff2ZV0JGl7lYYF0qRabVbDguhti04BXaZaLTxPeEyyWm2RhgXhtSfnSJ9mOjJdjmSd/3zzOXQMBQAAAAC0FhVrOWx/7/0dOd1sSgXZlkvfMq8zb8u4ToUVeJUskv8zX/qsvqTOyOw8vC1ZrZaU1bAg9NR4v8ltyYq35BTQ8X4pY0xWq0X3CS8xmZ6aPM/0NNHoftHbkk0Pol/feN/4VNVtSYM/2vvF/ZRhAwAAAADQCgRrS9p57f07fgpoZjCVW8FzM9c4wKssrPmZL33WmaSOggYKM7uApnFKb1iQmD4Za1gQP35SrZbVBTR5f/RczibniR5jyfsTU0DHv6YpU2DD/7pIMBc9tyZf87akwcfcJFwDAAAAALQTwdqSnKznZLtOpqxty6VvuQOoFgZ4VXrTl33C3Td92SccjKRbs/ZLq1ZLq2qLTq92ibuT1WrJKaBp66hFw7DoFFBp+jyxcST2iV0vNt5wrPGGBbHjI9Vq0WuaaVuywfbNXyBcAwAAAAC0DsHaEv7o931uxzndyHv8rDAuz7bBAd5whavm9sSXfUJP0kMj2WURDQsWqVabOiZRHTZeky3l/Ml129Kq1WY1LEirVgu/vvG+kfFMvkaLfyxtyzT4I99GuAYAAAAAaBeCtSU46SisqCp0SmTBgdYGBHj9lX5QK3jzl39CX8HU0Mvo7aOUYGxWtVq0YUFoXrVaslFCdAposlotbY224Bz+v7FxTs7nEjsmq9XGd0fGbykBXPRYBWPZNrPBR3/rWwjXAAAAAACtQbC2oP/pdZ/bk9OVqqdEtjDAe+jya940yD+q1Q2+/K+cSeqMpPPo7ctUq0Ur3pzZuKnB5FzTzQii14nukyYMuJLVasmGBck12OLNGeLnSFarpU0hTalWi+63PTINnvkqwjUAAAAAQDs4S6nEQdwfe919O5KGChZrL4ylxiornbDJp9MCv2oP/cFL39wv+LK5Xf2B39yRNBiZXZGiwdOkWs3ZpBNoWrXaeCqn4lMys6rVog0LnGxmtVp4nuQU0HAfS+wXnidZrWaRtdUscY3x12TxJg0Wfp6+3/nI1Pl//8Hz7i7/XQcAAAAAYH1QsbYAPwV0O6uyLP95i634ci59y1syV3EFXqNCNUk6/Xt/5e7IrCPpPFqtFhWGarGOoIn12ZJTQMf7zbh2WkXbog0Lktea1bAgGqpFz5dsWBA9V3Czpe7nr3FF0uCjXvnzOzO+RAAAAAAA1h7B2hz/8/ffty+n61UGUC0L8C6d04v+y1c3K1QL/fxXfOJdJ3VGFkwLjVarxcK0xPTJWQ0LomunSenVatH7o+dKTu1ctGHB+PcnY720sEIutrZa9P7YFNAwUJvslzJV9IqsvrXyAAAAAACoAsHaHL5aLV9mlBG4NaWCrAEB3qWTdf6fr3rzyQqXLd3PfcUn3lXQ0OB8VsMCSbkbFkRlTQGV0qvV0hoWKLFfNJxLNiwIf+bZU0CT15quVgs+j670Jo1k1+755p87ShkWAAAAAAAbgTXWZvgTj3Y6kp7Iut9slRiqfIX/ZIs94aVJnf/8VU+cFXrWEj3v0X+/M5INJF2JB1vxwCoaYqWtreaUXa02XpNtxtpqWceE651lrcEWXVstet5otVpsiuj467FYEDiKXCttvzB7G032fci+86/1F/omAwAAAACwRgjWZviTj943kHR12eOs4ARqAwO8S0md//sr1ydUC33Oo7+x40yDp4J1xAppWBBd42zRhgWSIkFYMnibnD88z6yGBSN/jkUaFoRTPRdubDBJ9Z5t33l17X7eQF7OuSNJpXXItWD9R6wZ59y+pDIreftm1i/x/KiAc25Q4unPzOywxPMDqBiPGfXw3/els4JFWdNDAMTcW/cAmurPvv6+zlbufyjp/waSi9cvfLaMf1JNCfCWPOpSUuc/rWGoJkm/8JJPuvvZ3/8bHUkD+XBNUqxhgdMkVEtK+1658X9Tpplqcl5JsVAt/CgWvPmKsbACLbaOmr/WeD02xavVZjUsCK81mrNfZNfItU2STtw3nu7bd12lUyjaYl8lPtnC2tpRub8XgxLPjerw2AFgGTxmADVjjbVsvawulnm3ezO2LeXb7pFL3fL+L7trZ3bDgiW3S+dsbUO10Fu/8pPuSuqY2aUUD6+SDQuSVWaLNCyIVqsF5/TnntGwIPxvcsqp3zF2f3TM8xoWRE+RbFgQ3W8csPlqtVFyJ9OupEavpQcAAAAAwLII1lL8+R/odLacXd1ypmW2vFoS4F06uc7/9ZLBWodqoTBck3QZrVaTshsWzKrsi3bvDI/LqlaLSu4T3W+66UC8YcF0l8+MKrRw0bSU/WLXmPog8YnZVfeKAaXkAAAAAICNwVTQFPdI3VzHZYRrT60ymBSjnFM2twqepZ2VyqYEQJeSOu9/yXpXqiX90ld98tlnvu7XD5z0RLTCLCqsCJNmV6uFDQ3G00Ija6tZyjGWqEKLVquZoiHXZExhoJacAprWVTRWhZaoQDMlpofOr1aLfvyI+4YnBvbd923U7wKwycpeQ2TN3Gdmg7oHUTfn3I5KXENwE/B7AgBAexCsJfzF/7Ozt+V0PXl7WrXQou5ZZUBp51uvAO9SUud3v2KzQrXQ277qkwef9X2//pCkx6TsarU8DQvC/ZKiQVjyJxT9PQ3Pk1atNj4+EdxNVaElqtosFtQlp4rarGq16Kcn7uuf2Ld/fB/rrbWIc66joMqzFGbWK+vcAKbsa0bXdEhaegnadvINPXbKOv86Bpx8TwBg/RCsJWxlVKtlVXvlbUgwS94Qr4EB3qWkzm//vc2Y/pnll7/6k/uf+dpf6zyleCA7Xr8s5ZhZDQtClgjjIjFWcOycarV4BVp6tVraFFLNqFaL75fRsCAydTSW7E1GtSupJ4lpoe3SkXSzxPP3Sjw3AKAcRyq3InYdA06+JwCwZgjWpizXTjh7kbr8f7OqCvFKDvAuJXWe3PBQLfS2l35K99Ne+2v7znRlXsOCeLXadMOCaCVZdCppcA7/X01+w5INCyyy4zLVasG54lVo4c5p1WrJKaDjE0uLfHzDvfzNJ/bqzx0IAAAArcF08pihmQ3rHgSA1RCsRTzrn17t3uO0XczZMqq9VphSWnSIV2KAdymp894vb0eoFnKmg5F0Jk1+hxapVovuk5wCOprKqybBW1itFl3zLFaB5s89Xo9NKdVqGQ0LwmuNZuwXG1dsCmliCmj27X338jfv26s/lymhAAAA7cF08olbouoeWHt0BY3Ycuou2nkzr3tcGZulblK+bStzW6iL6OVWC0M1SXr713zKUFJ3VrXaODhL3B9tfhDOwA2Dt3FhWPL+yBTQYP/xjrH7w/OH57TIOeLTRePVasmGBdH9lmxYEP94ErbtyparEAUAAAAAoEkI1rxP+sGre1vS1QXDI93r0rdFg7myAzyplgDvUrLOu1sYqoV+9Ws+5WRkui3NriOMhmFh6JVVrRaV3Ce6X1rTgegU0FhVWmSnaMOCkYU3W8Z+0dq5BRoWRG9Pr9a86R5+017qPQAAAADQTExnxhjBmnePs248LMpn0WCuaQFeAVV4l/c4dd795aetDdVC7/jaK4eSzhetVpOmq9WSx1iiCi1ZrTaZkhldB82fW/EpoNF12hZpWBDfT7FqtfF1ZlarZYRtk4/7AgAAAIA14NcJLGgJKWwCgrWJbvSTrOqsore8ig7wCgjxuu/8MkK10Mh0IOky2rDA3y4ny2xYkLa+XTQIS7nOWBjOJavVxufRdHAXHVv02PD2WY0NxtVqkUAutkNW2Kbk7XbVHf5sJ2MPAAAAAGiSg5LPf1Hy+VEwgjVJz37sr+1vSburhFJ5NT3A02Jf/0O/+aWnJytdZMOcv+zKUJGFSN34v9k/i/GU0ES1WvjRvGq1WI6V0rAgeg1pdrVaejMDP1U0MqyphgXxNdQ0s1ot/q3oCwAAAACar+x1ooclnx8FI1iTlmpakLVlVnup2C2vEkO7h37jS0/7KwxtY52/7MqRpNPkmmlZ1WrSdACWrFaLhmojm25YkKw4C8+ZXa2WrEKbXCy530oNC6LS117bdTd+pisAAAAAaCjn3IGkKyVfhplga4ZgTdKWdFBWoFX0OmhVBXgLfs0PnT/0c/0Vvj1t0HXSpZTSvVPZDQtcZI+0aaKzGhYkq9XGx0R2Sq9Is9T9ktNJ4x8kPlmkWi16l8Xu7wkAAAAAGsivrdav4FIEa2um9cHaZx4/b98523XONGvLqthqSkVaGc0M5oR4twnV5vu1G/tDSb1kw4KwWk2arlabZE2J+xNTQJPVauF5w/9GGxaMq9UiY5tZrRb7KlasVktvWDB1FZl23cv+bVcAAAAA0DwnqqZpQc9XxmFNtD5Yu9eps0rFV1bgNi+oW9cAT5K2nI7f8dDPlT2vfGP8+o39Iyc7TZsCKk1Xq0nTU0AXrVYLGxaEoVvs+JQqtJGFN2dVq8VXehs3LIjdmhhEeHvWcnKWuD9ezdbLOAoAAAAAauGc60u6WtHldiU97pw7cc7tVXRNrKD1wZp8N9CmT9lsUIB3/O+6P9et6oezQVKDyOS6Z/EYa37DgrRqtWTDgmhIN6thgVL3izQsiAZ6WVVplrhzdsOC+DmC/9t1X0vVGgAAAID6Oed2fKh2vYbLX5P0pHPuyE9DRUO1Olh77g89b2dLurLOUzYrDvDOnTMq1XL4jcNnnznpVrJhwShl32S1mhSvMMtqWBBWq43vVlbDgulrhR0+sxobhFNAgxAtcuMi00GnPk9Uq02HdD0BAAAAQI18tdhA9YRqUTckDZ1zPQK2Zmp1sHaPs46clGfLDLvUjCmbJQR45/c6dd52/efvrjCstjuSb2QgRTt/TlerRYO3rI6haedIVqulNyyYrlZLm2oafhzN0Sb7LbBuWtbU0NQpoLGAbdd9zb9hTQEAAAAAtfBrnJ2p/A6gi9qWdFOTgG2v3uEgqtXB2pZ08FEypW335N0yKr7WPMC7lNT5xf+dUG0Vv/nws+86s8NoJVlWw4JQdApoWrWai4Zg4TF5GxYkqtVWalgQNbthQfq+po4AAAAAoELOuT3n3Imkx1VNo4JlhQHbk865PgFbM7Q6WJNTZsVa0YHWGgd4l1uEaoX5D1/3qX1Jp2kNC0Jp00RnNSywSMOCUTJom6pWW6RhQXws8Q8SnyxUrRa5a361Wmh/6hYAAAAAKIFfS60n6UkFa5utg+sKArYBXUTrdW/dA6jL/T/y3L2toNvGclz6zWlrZS0iM9nMWuR97vnSD8w7PjkdnL74LWd5D8c0Z+qZ9ERyCqhFqtCSDQviS5vF10sLfyXDKaAmZazTZinB22S/1KmiearVkg0LUncMP03ZN3k7AAAAAJTAr1l26LcmVqgt4qqkq865C0l9SX0zG9Y6opZpbbC25dIrYtIqiBY63yqDSdOMAO+hJ178lkHOSyLDf3j5pw7+8qt/9Y4i74REM6Xkjz76Oxk2Pkg2LHCa9BVwFuZbGVVoGdVqwefJqaLJarIF1lBLssT96Q0L4qcnVwMaw8w6dY9hGc45HkHKdybpvpKv8USJ5z5XRrdubBZffbJu9uoeANAGfgrloaSu1jdQS9pVME30pnPujoKA7aTmMbVCa4M1Kf2FwlZGoJWZdOW0BgHe7Se+5C39oi+HgJkdSroWibEkza9Wi1egTWbzRqvV0hsRTDcsSK9Wy2hYMDMIywjbkgHalKz7TZKYegwADWVmdxV0SSuNc8U+70q4a2aDMi+AxrhZ9wAANIufMtnV+kz3zOuapGvOuUtJJ5KOzIyZaCVpbbC2pWUXRy92imXDA7zjJ77kLbyTW6J3ff2nDT/+H/+7Y0nX06rVkg0LgvzKTx1NqVYbH5+oVgvOFa9CC3cezdgvnAI6PnH4wSLTQWMXShyXFrYlQ7rgUx70AQBrwVc9dOsdBQAgS6Q67UB5loNab9sK1mK77qeKniioZOP1VoHaG6w5i7XNHeUMtIpeI60BAR7TIypiUk/SdWnSxTOsVktWpkU/doqsx6aUarWMhgXhVUdz9puqVgs/GX+Ykait3rAgejcP9ACAdbEnKqOAZQwl3ap7EEvoKFjDCmvEh2lhddqVWfu2yK6kG5JuELIVq5XB2oP/7DmdZCBWwqL/GedrdIB3OZI6P/O//QLT8Crw7q//tOFf+u6335J0M1wRKDoFNK1abXJ/dCroJJiLThuV0tZMm+yQ3G+lhgVRcxsWpOwbrVajYg0AAGBj+UXVezUPY2F+rT6CtTXgnOsoCNPaWJm2rLSQbcCabPm0MlhzGY0L0tyTcXuyOMMgxAcAACAASURBVGdRDQ7wLiV1fuaLCdUqdmTSoZO2kx0+pbSmA/EpoGH4Nt43qwotshZacr/YNZSzYUER1WqT2y7tdZ8/TNkDAAAAACSNq9I6CoK0jjanCUHVoiGbJN1RsJbqCd1FF9PKYG1LFgnWcq5pVnDXzgYEeIf/+ot/kSqhir3nGz797l/6R28/GvmqtbSGBfGunekNC6KFX5NQbtGGBfFqtfA6syvUMsK2udVqKftGbw8+HggA0Fr+hVKZBiWfHwBQgkiQFm5UpZXjmt8e8dVsg3AjaEvXzmDNRdtYZwRQuQOtLI0O8G7/1N/9xX7OU2J1RwrWtduW4r97zuLB2eINCyaiWdeshgVmkWq16EJr0R1mTQGN3Z6oZkseFwvVps41yDgzgBo45/YVPE4BVdmrewAAgPr5qZ37mgRpVKRVb1e++YEk+S6jA0ld3yUcammwpgXmyGcv+p9XYwO805/8u79Is4IavecVn373L37X2/sj6UayWi2WR81qWOClVqGlrJe2VMOCaBCWHFWyWm3eemupv+9TlWuDtL0A1GZHrC2Dau3VPQAAQH2ccwNtznOPSwXrl12veyAF2Za0Q6gW17pg7a+/4bP3tsYrwhen+K6deS0V4F0omI+Omo2kIye7kdawIFlxNr9aLV6FFu6cVq2WbFgwPrG0+MfJQSYDtKx9k5VtgUt73QuYkozKOOd2pMXX3VzCTgnnBNqijH+TUYOSzw9gs5T5N53nvekG2oxg7Y58ZZdzri+pr82YvtqrewBN07pgbSt8F7TgKZbFd+1MV3CAd3DyRW8laW6AJ7/x04d73/krx5KuxyrQ5IO2WdVqGQ0LAkG1WtZ+wR6TD6aq1SLHzb49cpel3Z9VrRY9xiTjxQ4qty/piboHASCmU/L5hyWfH8BmKTPs57VYCjPrOee6Wt8Q6lJSz8zGS2mY2UDSnu8yO14GaA2d+q8FEdkzCjeWdSaLSE1vW5mb8m0ufVPOLet8Ocb20MkXvZV3SJqlN84/wyAtEnaF/w1DNZdSYDa9Ztpkh+R+yWq1+Q0LIh8X1bDApg6hvTMAtJhfmPpKyZfplHx+AMDq1nW5ojuS9qOhWpSZ9RSEtcdVDqpAvboH0EStC9bucdq5x0nLb5a6zQrpGhzgHf/EF721X/K3GksaftNnDEeRB9i0hgXR9dCSVWjjAM7Cmy1jv0j4pkjDgtitiUGEt2dVnSWndaZVs2VVuEXPzbsfANB2VSxR8ZivhACARbC8Qw3M7ETSad3jWMKFpBeZ2cG8zplmNjSzrqRna72+xmOq1dK1Lljbku1nh1rLbx/l0rd84V0lAd75lmxd0/826Cu2DlogOgVUihd+LdKwIL5fJKCzyHVmVqtlhG3JsCwqeVza7fF9zu3RB4bZJwQAtEBVz1EI1wAsqrQqWkKKuXp1D2ABl5JumdmeDwMXZmZnZtaRdJ/WI2Dr1T2ApmpfsOa0kzmdMq3iK+91CgzvCgzwLu9x6v6Lv/NLzOVvqItv+oyBpNNktVooNgU0JYALblfs9qzGBuEU0Ph0zETV2YxZnvHb5xw3u2FBuE8/4woAgBaoYT0dwjUAM/np6aiJDx6bPGXylqQ9P70zNzMbrEHAdjyvEq/NWhesacl3HJYJ4VbZ8loyoDt8w9/+JdZVa74jaRKIJavVYs0NZlSrpTcziE8nla3QsCAZoKUdN6OgLaWijfXVAKClfIfe1PVoSvaYX0gaANLslXju8xLPvUl6CqrCmuRY0seaWc/MCitaSQRsd4o6b0F6dQ+gyVrVFfTF//wzd6aTxBVSrRQFd+0s0vGP/q1f7i+yo39nprvEuYe2YrWRc+5Q+dYvuJtcGDLH+OvQz0r8L775M0/+/D9824Wk3XBttWjDgqC4K70KbaphQWK/lRoWRM0K0LL2nV2txjTQzbdX9wAANFpf9XVIu+mfOxwW+QIJwEbolHhuHm8WYGZD59yRpJs1D+VSwRtAma/jiuIr9Qb+b1NPwfqjdXYRpVptjlYFa1surVVyeknNaFalzaxrZN5Ta4B3oeXWLNnTcg9cpwqeEOfiHyhv5Dz8RSm37an+B955BpKGWXf6sPCRSbVaINmIIBStVkvbLzmdNP5B4pNFqtWid1na/QtWq0326c/YG5thr+4BAGgm/+batZqHcV3SvnOua2ZU9wMIdUo896DEc2+aIwWvZ+sIly4UvFY5qvrNFx9mdX1Vd1fB96DKJROkIFBkjfY52jgVdCHFT/e01K3ApgSzuooe/Ojf+uVGviPi1zbJG6o9tOwCkWukP5IuwymgsbXVIjtFq9CmqtVip1uxWi2zYUFa2JaybzRIS9+nLwBA6/jnAY/UPQ7vioIKAV5AAAilFGYUZljiuTeKD7Sqfmw+VfB6c6/oKZ/LMrO7ZnZkZnsKCkuqnCZaeaC4jloVrDmnfeekMra8Kgjwbv3w3/rlRr7z6pzbV/71VI5XnX7aZL/zys+66/yaY2EEFW1EMFWFFgmrpqvVIlNFFWlYELs1dqLJ7VlVZ8mKs7RqtliopulzTfa5Y48+wIP15iuzVX1TF3kFMIMP1R6rexwJ25Iecc6d+AoBAC3lnOuo3AqpRr5Gayr/2q/sdekuFayf9mwz6zTx9aaZnZjZgaSPVdA84aLEy4XTXzFHu6aCLvDCLu8aaauEa8tI5hdznB//zbf1yhnJavyT1YHy/bE6NbNuoQNqoJGp52TXkwVjsxoWRKvVUhsW+Iqx1Gq1ZHXZ+L7Ex4uGbdN3pjUskKhWa4vSWtUDWD++KqwplWpprkkaOucOm/jCCgu7VfcAcuiq+qleSHdQ4rkvmXaey6GkJ0o477mCAOlkXaqz/DTRnqSeD4G7Kn4tNqrVFtSqYG0RVZXwVRTgdXNepgoD5ftHf65y/8g1xvtf9VnDP/33f+nUma4GudckkEo2LAg+iFe1JfcLp4CGH48/WGQ66NTniWq1qX1TpoAmzxXsc2GPPrCp03nhVVD1MSj5/AAK4h8P+qp/TbVFbCvoGtpV0NiAF8Frxsx6dY9hWf4FMsFaM5T5moPHkxzMbOCcO5V0tYDTXSiYIXS07gvzR5od7Cj4vT3Q6n9nqVZbQquCNees8DnyZvlK1SoI8G794N94WyMfsJ1zfeWrXrmU1G1Zat4fSVfnNSwYaXZjg2iONgl1F1g3LWtqaOoU0BnVbONjpvbhwbodylyfRGKNEmAt+MCgr/ULDa5Keodz7raktHV2ziTdV+D1yqjGALAEv2RNmY9VgxLPvem6kp7MeeylgjCt78OojeL/PvUl9QsI2WpdV27dtCpYmzUVNH8F2XJzM/NaMsA7/8G/0dgpoF0FnbfyOGjbu8Xvf9Vf7f+pb/+lI4tU9yWr1bIaFkQbG+RqWBA1t2FByr6zpoYG+1yKaaBtQbAGtJh/cn+k/H//m+KGgu5sR4pMj/H/HRR1EVfV+iIAZil7ofxByeffWGY2dM4da/G/KWGYdrLBje+mrBiyXZgZBRBLaFXzArnsLbMZgIrdcg/d2TJbd4VLlca/85N3keKHNvFdhYX4tV2mqtAi65VNNyyIHD71QeKTharVInctU60WO2ZqnxOaFrRG2cEav0dAQ/m11IZa/1AttC3ppqQz/2YhgA0TCSHKctna1zXFOVQQmGW5UNCE4EVmtmNm3TaFakm+q2jfNz34GAWdRY+V3figV9XYNkWrgrUZuVr2ltUFNOdWQYB365/+9V9pXFWXc25P+d+Z2egOoPNYZLpkrApN09VqqY0N8lSrJRsWpO6oSWCW3Dd6e+Y+67fuCXIrO1iruv06gDmccwfOuaGCBgVldtWry66C9deGzrlDOogCG6Wrch+3WhvwFMVXYyUrqs4l3VbQ0XOv7WFaFh+ynfjvz56kZ0t6WNIdBWHlRZtfe+fVrqmgTnvJ20ZpVTYLKLxIP+OESw7v4gde9Cu9lcdSMP9k80T5/kDdaUMH0Fl+/9s+e/jHb731dBRZpDOrWi34PDlVNFkplgi5shoZTB0yo2FBNIxLVral7SMd2+sfHGZcDRvE//svuyPogXNuh3Ug1tZ9vHO/Ofw6aj0Vs7D0OthVEB72/BTR/rovgg2AaaDrwMx6vnjjTME0z2GtA1pTfqmlM7H29UpaVbEm2a5/dT/etlzWNqO6LMeW15IFcd0VvjllOlK+F9bnyvE1mdnAzFyZm4IS2vMcX5MUhIWDJY/px6rQEhVo8Wq1jIYFySqyRaaApnX8jMm6P6NabXLe3qyzYqN0KrjGtlrSLRhoKudcxzk3ULDwfltCtahwiuiTzrm+DxgBrBk/xbvMpgUSFWuF8VVXa9/VE+uvVcHaciGVpW7JYG7RrYIA787rX/Qrg6q+l4vya6vkWVflUkGzgqZWoFQaFv6nm5/dl19HYJx7+cDMMqrVwimg4cfR2+d+HLuQvzOrWi26b/paalSrtVunouv0KroOgAjnXNdP+WxroJbmuqQnItNE92oeD4DF9Uo+/50Gv76phH8jxtg2fuvU/btWpVZNBS1i/mbmKXJOKc06cMnTXaqBawz5f0yP5Dy809R3HtxqYWE37x/TkekkuG5QrZZsWBDZb7paLfxk/OEC1WrRuyzt/jnVbJkhG9VqLVNVJdmuc66bY02IoaRbxQ9HXZX/jjdQCxdM8e4qeO7RlN/zcwXjybv0RBnCaaKPOOfOFXRnY7oS0FD+OX7Zj2n9ks8PoAatCtYWKc8bzd8lXcGLri0Z4B297uDtw2JHsBoXdADNW+b8kJ/r3TgrhoXdFb+uIzNdT04BDcUaG1iOhgVRcxsWpOwbDdKyz0e1Wov4x4EqX3T3tOQTVv8Ct1f0QPxjRVMCB6AQLqi86ioIsJoSXklBqNYxs7v+395AzRqfFFS5P6KgmUu33qEASPJvGPRKvswli+kDm6lVU0EXUWB3zplbbtNzVi/kmrXQoP/D1Fe+J7W3m9qFxL+gyPvH8Naqf0j/S+85Z5JdSNPVatFA2LRAw4Lo7anVaJFDlqlWS14zuZYb1Wpt0634ersuWBsFQIFcMG2nL+lJBeuINSm0uiMfqknjRZj3lX8d1DI1coYBAEnBMi9lP7b1Sz4/gJq0KlhzrvgtrwJDut7rrr29afP0+8q3/tgdM2vyE85VOpv2ihjASDpKb1gQr1bz+86pUJvRsCD1oBnHRW9P7jPZ9zbVaq1TR0OBXg3XBDaSizckyLMEQtmOzWxqPVZfidpRELo1Se7lIACUx1e6VvEY16hiCADFaVewltGQwOVfIK2UsG6JAO/itdfe3s89+BI453qSruU4NNei/lXx79RX1qxghpNZDQvMItVq0YXWojvMmgIau31Gw4JoJVqysi1tn+Bd+l7G1bCBnHMHqmcq5K5fIwXro1v3AJAprP5qoofNrJt1p5ndNbMDlbOGYh53mAIGNE9kpk3Z7rC+IrC52hWszQiusrp2zgrj8mwFj71RLx79C+mbOQ5tdAdQP7Ws8mYFqSe89TlD+Xfgl2pYkJySOatabd56a6m/xnOr1Y7s9Q828ueL0nRrvHbPP1HGerjegM5VebZB3d+4svm/X3VUns5yKelFZrZQ5YevGH+RP64uTAEFmqunat4IpFoN2GDtCtZyBGGZgVvOyrMCA7zT7/3CtzfmnU+/SHk/x6GXanYH0H1Jj+U8/LCMJgzRd7zTGhaEH08OWODj4MTxOxfZN7PzZ+x8F/b6B3tTX8iCPvJG96l5j0U9/HqEeSpXi7It1jEBCmFmAzWn6utc0v6ylV9+/zrXXes19XkO0Ga+KOBGBZc69Y+lADZUq7qCps2ozFtDtkr1Wer5MqZ7WnZ/0Ca967Gj/OuPlRI+FcFXvAxyHl5mE4aTkcXDvpnVatJi1WrRu5ZpWBA7NrXirTvjqJk+8kbXlbQn6VfzngO16NU9AEnXnHMdnsgCqzOznl+D6GqNw7i9yjqsPtja90tW5Kmuz+t00eo6FM85d6JmPWdeBBXXFVihKCCPXkXXAVCTdgVrKRlVVmyVzBtWVXCAd3H7hb/amGo15Vt7TAo6ZfaLHEjBBsoXFp6W2YThv3/7c+8+81VvOR7Jrier1eY3LIh8XFTDAps+JHK+O/b6Bwczv6DZeuLJyFrx1WpNWeS875zbb+o0c2DNHChYc63qtRMvFCyrMCjiZD4kHCh4QV3213Ip1hCs2zXVW0GNBoqsq1ZFh2Oq1YAWaNlU0MW3LZe+5Z8CmnG+Jcflt15l37TyHBfVKbMMKzQruFAF69GMNJkGY4o0LFD01vDDBavO0hoWJO/PqnCLnjvasGCFgNFXq+1KGuY9B2rRq3sAEbtav0qFJmpkVTGqVdN6a7cVTP0cFHlSf759f/4yMQUUaKa+8hcGLKtX0XUA1KhVwdqktGaFJgIFbzkCvIujF/5qP/cX0AznavAivis2K6ikCcOH//7zTkamy2gx2fxqtRkNC7JkNiOI3J7dsKBnr39wmH3yuXr+v1QbrYmGVauFrvt/08iJij+E/NIND1dwqQtJ95nZYVm/f75r6KGk+1TO2mtMAQUayL95XlUV4zHVakA7tCpYc84i2yh1i4dvRWw5x5q99XKftDkGTX2h1sRmBTOcjBsWxH7dElVnM5sQRP8757jlGhac2usfzP2C4iNvdD35KTpPe6CZa/AhVb/uAWQ48v+2kd9F3QNAM/iw6E5Jp79UsEzEXlUvRs1sYGb7Cho0FNk5tFvguQAUwK+xWNUbgJfajNdtABbQqmBtEfHwrYit0ADvUlquE1ZD3fBdeBqlwc0KUlnQMEKrNSxIC8gWnDo6Pm3qOVaZArqjSUVjkS9yUCJfFXa17nFk2Faw3hoLQudHwI2oroqv8rqjYNpnr+DzLsRfd1/ScQGnu8UUUKBZ/POUmxVe8ojHAaA9WhWsbZWw5ZUzqDv6ni94RyMrvXJo4ovcgRrYrCDL//gHzzsZyS6XalgQNStAy9o3K0iLn++Wvf7BVV6E9zT5OfBifg34f8tNn/J0Rc0fY5MN6h4AmsNXnXdVzJsfpwqmfR7U/SLUzIYWdLK+z48rj/MmryHbQIO6B4DN50O1vDNS8rjgcQBol1YFa87ZeVZolVcZYd2MAK+fe6DNs60GfT1Nb1aQyXQS/WTy4SLVapG7UhsW5KpWO7VHH+jNOGqmj7zR7Um6EblpU4LkTddXNZ21VnXdTwPB8jahWhoF8ksfrPKm0oWkh8ys07Q1iPz00I7yBWzdwge02fg7j1I55w5Vbagm8TgAtE6rgjXN+ONd/BTQwgO8O69+8GyY+wTNdM3/savVOjQryDLy66yNzfo4s2FBWtiWsm80SEvf51LBO/2r6Cc+p2Kt4fy/4aoWAS7CTZoZLM9XEuWt4MGG8ksgLDt1MgzU9qpeQmFZOQK2WxWvtboJBnUPAJvLv3H+SMWXvd20NwsAlK9twVrtVgjl+nWPvSQ930mwFmvWrGCKfcdfO5F0udQaapG7phoWJO+PhWqaPlc8sFupC+hH3ugONL1GFy9QGsz/+6n6CWsRHnPOdeoexBrq1T0ANNKhFltvbW0CtaQFAzamgObgn0exnioK5Zzb8aFaVY0KQud1LA8DoH6tCta2nJW+leTyHz1wvqnTcLZV0xSjdWtWMMO4icFUdVkoWa22aNg2fef0uQN37NEHVukCmrVG1zDvOVEuH4gP6h3FSk7oFLoc/w48VWuIWWC9tbUN1JIiAdvHKqjUi37NvJjOb1Of46IGkecnVYdql2IKKNBa99Y9gCo52VALdq0zuVzXKClc65dx0ga54pzr1fBO70Br1Kwgm53IIk8eZjYhSHwSrVZbtmHBJMi70OpPJA4l7SZvfNoDTKlpIh9Kn2g91lXLsi1p4Jzr1F15uma6CipJ1/lnj4KZ2ZmfYv145OYLSb11D9PS+KnRXf9YeCBpj6lfKzlS9SEINpCvRq/r+UntM1nWyFDSrboHsaI9lfu4dar1fgNbalmBRKuCNS3xw3UzV20vzoIBXr/kYTTBTefcSVV/kNa2WUEK+86rJ+4bTy9lFnkSscDU0OIaFhzYow/kXmfuI290+0pvf77I1CJULFLpmeffT9MQri3JzIY1LQSNhjOzE+fcbUn7ko7MbOOrkHy1Xr/ucaw7H8yeasE3v4E0vjlR2vPJKhxv4psIZfFvTvRqHsZKfIhbZrA2YHmB9dKqYM1FMqy8FWmZkutTLWiBAO/iO17w6+v2gi/vk6MT59x+2c0A1rlZwQwnkq7Prlab17AgZd+phgVT+zxsjz6w6u9nP+P2dfu933gVh2rnCn43yl7DjXBtSWbWd8EfVMI1xDSrmrtYfur4zrz9qFzLrSvpyboHgfXjp372VV8wey6mggOt16pgTZGKtcIr0jJyugICvHV7x/dYwR+XM6VM7ZtjV8G7F6X9cVr3ZgWZgifyPizMqlZTvmq1rOmjK66rJkkfeaPrKTukaeb3uqVqqFTr+iqGtKYWRQvDtW4bqmyK4MO1odZ/SjAQPjfYU1Btt+c3Kcdjj3Ox530XCp573lXwN20oaUj4Ns1Xwz6s9WyIg5r4Cuqe6vs7dCmp09A33TeOfy7alPVxyx7HXgMabd1t7GvfBmpVsLa1wjzfUc7jCgjw+queoEJ3zKwrjavCnshxjhvOuUEZL243qFlBmhNZJDCMd+tcoFotZd/o7dP7nGvFddU+8tNuX25myT4P5A3h3w0+UXWh2q3IH/KuqlnTa1vS4865hxr+b70xzGzgfzdYHwlrw//Odvy2r3If13Y1eZPxWmQMUhC6nSl4XjKIvngxs4KnVawHMzvyISePJ5ipAVVqEqFaHfaV7/XlOrqu+h8LTxX8rcQCWtUVVM6CyrIc21bWpmK3hIt/+PlrMw00FrT4d2Nv5zxX34dgRRtoI5oVTLN/1Lkr6c7MNdKS66MlGxZMdRXV9LmCfS4ldVdZV83rz8qdn/YA7+g3gX+Rc6bqQrXz6JoS4SLhFV1bkh5zzq1UidkmZnbXv6HysQoe8y/qHREwzTl34JwLqyyfVFC5fl31rhW5qyBse0TSO5xzd51zJ865bknPgdaCfzw5rnscaC6/ltqTqn9Nvi7VPABCrQrWnOzMaaS0bbKI1JKby9pURIA3qOY7s7Kstcd6yrcA/bYKrtTbpGYF2SJBVLJabWbhZNb9GdVqQai20hOJj/y0O1L480gf2+kq50cx/BSLd6jaKRbd5A2+grXKF1o3nHODNr+4XZaZDc3s0Mz2JD1b0sMKfmanImxDDSJh2l0F3Uqva/klKqq0rSBoe0zSH7Q5ZPPh2kMKnl8Cksb/poeqr0FB1EMsHQEgqlXB2rf/r/8+s8LGyQreCgnw1uUB+8xXlcT4oK2b85zX/Iv6lW1os4I0J3MbFmRVq0X3TVa2RQ6X2S179IGVfi8/8tPuQNKNObvxDmCNnHM7zrkTVb/WzcMz3v09VLWdYq9KGjZgfYu1Y2ZnZnZkZl0z65jZnpm5Ddw6dX+vEecfu3r+xXcYpq3rGoBhyDb0AeFevcOplp+Svyeq11rPOddxzg0U/JtuQjjOkhEAprQqWJMkJ13kLCaLbfmvv1RAN1jhUo3gXyTfynl4b9Unkn4aW95pXc1tVpDCvvu+oaTzQhoWxI4d73Nsjz7QW2WMH/lpt6e0asTpMQxWuQ7y880ChoqsB1SRO2aW+W81EtRXWcGwLekJP+0EQEM55/Z8ZfpQQTVLE158F2VbQUD4pA/YmrJwd+kiU80/RkEVLNXsLRIJ1J5Q/dM+Q4RqAFK1qnmBJDmnoQp4wpUVriUzjRWc/x8zKuzWiZn1/Iv1ZadibitYMD3Xk0g/fSJvx7rjtfzDGaxt56dYrtCwwKYOOVcx68wt+vMYFHAtLCGyCH3VgZqUWKMxi+8Seqj8nX3zuukfww7p5gc0h/87f+i3da1MW8Z1Sdedc8eSemmzBTaRf2PlyG/ylcR7mnRv3Ze06pTZHZW75l7YIRZz+J9vT80J00KEagAytS9Ykw21wAO15axLc6uUs8WtyzTQRR0oX2e/K865XnQx8yWcKF+Ieh52N11DfUWnWaY1LIhKC4It8YnpQmadVZsVxNZVS2MKE+vzpz2wNtNv114DXpgGzTAWnHJtZmHFxrzpxEW7oqB67VhBwMbvKFAjH3b31Y5ALem6pAPn3FHO50drrYw3OHyYU2a3wX4bf1bL8Eu3HKrepiJZCNUAzNS6qaBa8N2i4tdcS99mGBTxxTaFf1e1l/Pwm8tOffBd/fK803WpNW4rbK/+3DNJlzNLJ+dVq8U/DtaZWz1U62rxIGSwyrWwmHAtIk2mTtX14nTprlq+S++dksYzz3UFax712rioOFC3yBqQj6udoVpoW8Hzo7M2TQ/FZvHTuHu+ychjal6odilCNQALaF3F2pYLyuZHK62UliLnFNAZ4drarO21KDM78u8w5wm8Tpxz+4tUiaxYzTKQdOgKLD3M0C9xCseJpOup1WrJ2aGxUE3Tv8emjn3/C1btALr4OndB1dpglethtgZUqEU9vEJXra6Cf691PAnfVhBGHjrnDnnCDVTD/33PW42+qa5IGvBYhHXiq9MOVM/yE4u6lNRZp/WWAdSndcGafMXaVt4kLEtGDpMzwDvvfd5vbuo0o67yTQndVVDxtsg6X6tUkVxTNX/kByprrQ2zgSzRBXWhhgVT1WoPrRqqffin3Y4LvtZlft6DVa6JbP5F6UD1B2pSsI5h3sYiMrO7furOUPV9PdtizRygEv6FeNXrK66LbUmP+TcgC+moDhTNv7kebk14HjLLuaSDtqxjCGB1rZsK6mRnBU/ZnGlLlmcbFPcVN4v/A9XNefgN/0cZs/kKoJQKtai0hgUTD9nrXtBfZRAf/im3I9PAlnvydMr6auXx77o24Z3X4yLWMfQVrB1V2yk06jbNDIDyEaot7Ibvjgo0gnPuwHezvatg+vZ1NT9Uu6Og9fUf6AAAIABJREFUUm1Y90AArI/WVax96+e98+63/+yzLrXkg3pmuFZw4ZtvmtCEF76lMbMT59wd5asM6zvn9lg4PJt9z/133cNvOpdldAed9TsbhGwPrxqqeX0tP01v05p2NFFX+apGi3KnyOYgvlNoR9VX4l0o/7qRreGnHpe5/tMZfw82G6Ha0q4757TGTZiwIfzf5sfrHseSbtFkAkAerQvWJMkFLypj63zlzscKXorLB3gbHax5XeWbwrWtILChcm0mO1E01JrXsMDGdx/b616Qe3pe6MM/5foKg1OTzC38T2Ww6rUxm5kN/QvVOp7snit/xWqmmsK1hTuZtty+yu20d5943NhYhGq5Ea6hdmY2cM49LOmRuseygKBZF1XoAHJq3VRQbyq4chVti/jW579z44M1/4I0bzh2zTnHGiKzmH+hmewOahm3BY7tdZ/fXfXSH/4pdyQl1nhbzMXTHmSB2Cr4hgFVd9U8VTC1opQwyk9z7aiaaaFMAQVK5teEJFTL7zrPlVA3v5bqcd3jmOOOpD3+rgNYRVuDtWFdF14gfDuva2xV83/Abuc8vOec2ytsMBvGjp4/UBgwJKvVxjtFbrfCQrWu0jqyzpmB6jENtFpdVbc22bGZlRaqhSoK15gCCpTMTyEe1D2ODfCIDyiBOh2qma9vLhV0Jz+gAh3AqloZrG05nW05qYytAMNCzrI+egpeqC5rWwQxs5mdTDUvSG9YUGSotkp1wWDVMWBx/klkt4JLFdKoYFEVhGtMAQXK11fzFzhfF/26B4B2izzfqKvRUJpTSfurdCcHgKhWBmvfcv87B9JIs7d8CgjnWjUVbsUpoVecc70Ch7NpepIu55SLHdv3VRSqza5au3zag0ZQWrEKpoTeqmONnxLDNaaAAiXz6yXmaW6EdDxXQu383+Vu3eNQ8LzgIV9FP6x7MAA2RyuDNSmYcjl7SuYodZsfyC27TWlVsCaN/9jeynn4Tf8kHAl2+/OGkvYUrm0Rr1a7lOlWZaHaeFCZ4RqhWn26Kj6ACp+49go+78L848qeipt+whRQoBr9ugewgQ799FqgNv7NvLzP94twrGAttX6NYwCwoVrZFdQ7U7Rr4oIKbgKqlHCtlVOMzKznnDtQjp+Jgifhe4UOaEPYaz7vrqSu+9p/e6igO19w+2s/f1DE+QuY/hkiWKuJmd31//aK6tx4oaCzVu1vEvivraPgMWLVChimgAIl811Ad+sexxwXml62Y0f5nr9UZVvBOle9mseBlvPP9/dVbVXqqaQeFecb4UxBN3AE9rUeXXdbobXB2pbTQCmdCxdYYH0pyQaM83zz/e8aFDyEpfk/PMVniPOvW8gCu3WNv8nsn/wvd1XwGma+++d0o4K5g5HMxX5AF0wDrZeZDZxzt5Xn5xl3Rw0LoMLp5n4q1M2cp2EKKFCNpnSxPFXwN3Pot7NFH9d8Zdi+gjf89hRMS99X/WvGHTrnjpr0+IzW6ir491V2GH2hIFDrl3wdVMQ/fg3qHkdTOMfL3SZpbbCmoEJmqtKm6F/PrN/3ogM8oEof/inXV0ownROhWjP0FKx3mLda5OEmLwLs3yUfKPh9W+YFLlNAgQr4Kpa6qr4uFDw2nKwaome98PNfX1erPc6uYttfu1/DtYExX03eVfDvpIzAmUANQOVaG6x94+e+6+53vfnjz1XTk7iMvK2JraiBsQ//K7cj6UjS9ZVS6HjVWn/1kWFVkSe6y04JPVdQpVb71M95fGXenpabGtqoCjxgg3VruOappCO/9lOp/GPkoYLKsQP/8dWyr5tAsIZGMLMz59yhillOJHSh4PebyswN5t+kYM3IQCGzvVCM1gZrkuScnSgM1gouIbN8qQN/BNBYPlQbqNgw+vxpDzY/kGmLJaeEXip48tord1TFikwNDdcbmvVuOVNAUSiWKpgpb4fwPC4VhOa1VEz76574gO1I1VWwXXPO7RA6oAnMrO9DklWXoaBCrV2OVP2bEsBcre0K6k2eUM1uEbr05pylb5q5DSv6uoGlfOhfuX0L1pmZhGqrhtFBh9D+imdB8XoKnqTOckfS/rqFalF+2uqegq8lDVNAgYr4StKqwqVzBZ0Ba1+GwI9hX9mPQ2XoVHgtYCYzO1RQOZrHqYIO5HT6BFC7Vgdrr7jv3WdOusiTneU2+8TDVU4NlOFDP1nqOhj9Es6JFYQVXRl3n0q6z8wOzNb/jQAzu2tmBwo6TCWn4jMFFKhOVdNZziV1mvRvO/I4dFzRJZk6hKY50Pw39KKOJT3bzDoEagCaotXBmiQ52WBOFVnqtpWxrVrsBjTJh37SHUl6TBaEalNFaqtVrR0//cHmvLjBhF8L6FbkpgtJL/JPYgf1jKo8ZjbwXYkfUvC1MgUUqFYVYc+lGhaqJRyqmrV2OxVcA1hY5A29yxm7nUt6WNLHmNlarOsKoF1avcaaNF5nbaq7oVm+mMvR7xMb4EM/Wcp6akn9Es+NFfkumnuS+m0Jmfw73/2ahwG0URXB2mGDQ7Wwgcyhlm8gsywW/UbjZDQzuFTwN7lPkAag6VofrL28896TVw/+4qUS09ycqyYgSwR4g0ouCszwoTsu6BrmElM/TZIb/2fq9iVdPP0L2hHWrDMz69Y9BgCtUHbYc7kOU8Z8A5myO9aXeW4gt0gzgx1JJ01YBxEAFtX6YM1LrVqrQlUBHjDPh+64HQWLtWd3Z8oK0ZYP146W2hsAgPzWqdpl0rF+TfgwZN3/rpcd7nadc52Sr1G2ftkBtW9mAABrh2BNkgvKjK9Lqzc6BNbRh07cvpz6Snb9zAjL8hWpjYWl/QAAVGFQ9wCWMKx7ADnsSLpa9yAablfVdb4ty6DuAQBAU7W+eYEkfV3nvQPndOGctJWxrdqUgCYFaKoPnbiepHdo0XfIs9LnxVPp/tO/oLnr3AAAAAAAsCgq1iZONGMKnCs4DSNcQ90+eOI6kvoufAc1rQytnKq1dZ8uAgBYL526B7CEvboHAAAAlkOw5rngxX722lJLqmNK6Xtf8Yf2JHWds7A07uQvfMf/WKd1RVCBDz7udhT8vl9PbUawiPxrrR0//QtsuOzlAABYQRVdR4tyUPcAAADAcpgK6h1efe9Q0mlR56t6iuh7v+EPHcn0pKSb4830jvd980cNn/yWe4+e/JZ71+lJJUrywcfdoYL1W9KbdaQlwjNS4hwBMtVqAICkspcH2HbOdUu+xsqcc3sqv3HBecnnBwCgdQjWYqwfRAWLbM3xnpc/7UjmxtV2Zi46xF0L7nvHk6+8d/jkK+89evKV9/JuaMt88HHX+eDjbijpEUnb4zss9p/lLL/W2unTv8CooAQAJFXxt6HnnCu78+Oq+hVcgzVOAQAoGMFaxOHV9/Wds0vnTPO3Ueq2eDBXTGD3nq97WkfRKazJU1js412/7+PDV917d/iqe/vDb723O/y2e5v+RBM5ffAnXOeDj7uBpCe0aDeq8qrWeovvCgBokSqCtV01uCO1c+5I1XTWHFRwDQAAWoVgbVp/lYMXC+WytxwOJclMkk0mkyaq1oLPFf1c2wqmAz4m0x8Mv+3ewcXNew8vbt67l2cQaJYP/ITb+8BPuL6kJ2RznqhXU7V2+vQvsEGeSwAANl5V1czXnHMnTatcc871VeA6v3NQOQ4AQMEI1hKcs6OCg6+ydaaCkdlVa1n3XZXpEUlPXvTuHV707j367VtMGV03H/iXbv8D/9L1JT0p6Xru39jiq9Z6eYcCADOwfugGMLOhpIuKLndN0plzrlPR9TI55/accwNlrXtajkGF1wIAoBXoCprwsucNh6/5+b1jZTzJaV645rbjJUdO8mM0c3KycVcEMxcbv5nkwkI2CwreXPDxrpxumHTjt2/dKzndkdNA0uDPf+v/xzudDfSBf+E6cuopnEaS7M45r1unv7+kDqFUqwEoS88v+M66URFm1qt7DDmcqLqqrV1JTzjn7kjqmVW7/qf/ne2p2kBNks7NjH8rAAAUjGAtXV/VP9mRpOWnJpjO5dyVICXzWYY5KRKojcuJop9nhS7pH1+T6Zqc9Dt//94LSQPJBnI6+XOvfIonaDX6wL9wXQXTga9kBVy5wrKsA2ecbMZdvTyXB4AFbKu6MGad9OoeQA59Vf+zvKZgeui5v/6Jr54rnJ9+euC3a2VcYwF05gaA2e6rewANwuv8JRCspXjZ84aD733L3qkii8gm1yhblaVPnttX8I7tEufRmYu2Zk+kG9NVagtXrUWCOkWq3rTrnK5Lui7TY7/zD+45d76aTU6DP/vNBG1l++//3O0pCNO6TtrOTM2aUbV2/PQXUq0GAJjNzM6ccxdatNFOsa4o6Jr9iA/ZzqJbniovP9V0T8Fzu31V05hglkst+RwTANrGjNctyIdgLVusO1PRU0ALjOnOZLou51Ry1VriGBee9IqZrjgXvMv8u99xz7mcBmHY9me+kaCtCP/tDW7HbelAUlfRwFeJ36WCqtbG+69etdZb4rIAgHbrSXqs5jFc8dt45oIL3oE812Lv3tcdoGU5YRooAADlIFjL8DXPHZ5871v26nrndBmDeeFKCVVrsf0TwdsVBWHbDeek3/uue4Kpo04DJ5396Vc8xRptS/hvb3DhtJEDBVOeps1KzXJWreUyfeztp7+wnCk1AIDNY2Z951xPzXzudWX+Lo3Wq3sAANB0/m8QJoZm1q97EOuAYG0GJ+uZXJXvnHaWPeDjHvnw2bsffroPNWqrWssO24Inx9dlum5Oev93b11KOgubITinsz/18hHvoHr/9cfdjoLfg3GYFn5fbSS5lD6+Da1auxRP4gEAyzuU9Hjdg9gwt8paOw4ANszNugfQMKcK1iDFHARrM7z0uRf9175lt6cK3jm1VSaHmjs1Z1cLqVoLG4yuVrU2vc9krNtydlXBVImbJuk/vnrrQs6vZRIEbmd/6uH2hG3/9cfcvqSOnDrKu6DxglVryZ/j0udacBwm9Z7xQqacANCw7gFgvZjZiXMuts4tVnIhmhYAAFAqgrW5Rj0ttd5HSknRAlyQaO3lOlgaSLpaSNVaVBFVa4njkoGd/++ugvDymvy7BL//yNaFnIYKppEOJZ39yRujjZhGevmjbl9OQZgmdZzzwW1WpVnk+7pq1drCko0MlqtaO3/GC40n8QBkZkM39Q4LMFdXQeOA9CUQsIwua6sBAFAugrU5Xvrc3+m/9i1/rqeFq9ZGq1wub2XcQOZumrN4NdKsqjULquRKr1pTSvZiLjhR2nknt+06065cGBhKv397S87pwjkbKgjc7iqochv+8Zc2c4rD3R9x+5L2nBRWpe1L2s6s7Ct2jbPU+xaqWlv2/PH9Dpc8M4DNRvURluID2a6YErqqW3S4A7BhBuI5BRqIYG0BzllX0hNlnNssnlS89i1/bu+lz/2d4TLn+LijDw3effiMyC0LVK0tuqD9nKq1IBTKWbW27PUDu2Zu1zm7Gr3vP73Wyblxx64zH7oNJQ39eM7+2FeW847tHxy7jiS5IDTb8eHZnqQrM6u8lgi3Cqlay7nI2szDpu88fsYX8iQeQMxAPAnGkvyU0IclPVL3WNbUsZn16h4EAABtQLC2gK/+nN8dfN8v/NlS3nGPVox5e8q3Js2pzF2NVa0lp32q+Kq1mOKr1ibHxYK89Oua6Yq/Lxa6hcf85+8fJ3rhNNPouYaShuEx49uD/+7LaWfyqSQX+V1YYIrk3GXNCqpaS/3+pO2nAqvWJrddSlSrAZhyIhYDRg5mduSc25d0ve6xrJlzM+tWeL2hpFsVXg/1GNQ9AEBBEQXQOARri+uppKq1hH3l+cNlGsTCnujaZ4pXrU2FKsmKtvh5J6cbnyz+cQ1Va5OAMO388+1qetptemiaFfZlfh/mj73MqrXM8c8azwLHL3jY4TO+kHVcAMSZ2RmL0SMvM+v6dfoI1xZzrhxd5lfhO472qrwmgNbaiDW3sXnyrbTfQl/9Ob87kHRcwaX2ch43kCSZb4MQBmIW+Xj8uYt9nqyZs+ix0cOjn08V2sX3iX2cco1wrJnnTV47elvWtZP3WcrtyfNPffHzr7GQlOPnnTJr7Jn7Zyznt+jYZ/4c5x44ddvpM77Q+jnOBqAdenUPAOvLV189XPc41sCxme3TrADApmLdSDQVwdoStpz1tpxdbjlTWZuCirWlfdztDw1kuozfOgnQghAl+XlkV3Ozw7Ks0CcWREXOnwyyUj6eutyskCctqEoEc7lCokXMCRpj96WHTrNvW2LcCwd+s86/7PcpLeSMu1TQwQ0AUvknwqd1jwPry8yOJL1ISj7XgXer4umfAFAXnk+gcQjWlvCVz/m9oaSjMq+x5SxXsOYNJJVXtWYpn6fJCJI2qWptoWyqzqq1BS9cUNVa7xnXmtmVFUCjdEUoghWY2YmCNyDP6x5Lg1xIuo9GBQBapF/3AIAkgrXlHSl4ElOW7e//xT+zk+tIcyexIElSoVVric+npojmrVpLhHyp18u4baGqtSIq2bLOvy5Va8vcN2P/lMPuPOOalRo2A9gMfh2mg7rHgfVmZkMz21cwNbTtQe1tSftMjQLQMifi8R8NQ7C2pK98zu/ddbKyOx/mrVobjD9KC5wKrlqLnT8pI1SbmefMqlBLu23RqrW020uuWksNFRc4buqa874O1Vq1xhRQAEvxAQDT+bAyPzV0X9Wsf9s0pwqq1A5ZTw1A2/jHPd7YR6MQrOXwkue8/8TJ7jiZSto6ecb1ca/54FDmzpeqWktUqSU/j5kK5uZUraXcn/ZxWtVaZthTQ9VaVhiXeu5lq8RyVq0trNyqte4zrvGEHsBy/HS+jpjOhxX56rWupPvUjjV3ziW9yMw6VKkBaDM//Z3nEWgMgrX8DlXeO+6dFY4djD9apGpNGZ8nK7aSVWvR/VIDmpQpoX7/RarW0m6bVbVm0WAu7bppty9YtTZLanCYdZ2sU886dsY4aq5au/2MAztZ6ggA8MzsjOl8KIqZDcysI+ljtZkVbGGF2r4PpgEAwWtmnkOgEZwtvGATkh59658+lPTISidJ//ZfvuQ578+1ztq7X/bMfUnvkLMg23K+Zs35i/n8yYX3jT8P9098Pj5WiWMjtzn/qUvsE35xLnGO6P6a3B7cZrFzT51X8fNEx+ecxXdKjj/ttln7JsaYeUzKvpnXSTtu3rFTO6eMSZLLiMnTvtfTO6Tsl8Xp/JkHKzXZADaecy6cplYKHyJsDOdcV8H6a9dqHspGsLR3m1rEObej4PfpUNKVmoeT14WCBbr7fn1CAEjlnBuUePozs9KXQcrNObenYM21dX2sb7rTTXvOWRaCtRW9/q1/YiDpqumeok/97Jd89vvP8hz47pc9cyhnu5LG4do4tPK3jYO18eeJQCsRUmUGYxlh2yTwSYZ5aftEzxm5bjKASwuA0sK1BYK1qa8pa/+021PCsqlwbYHrJD6cfezUzun7ZIZrMwLDqfHMfjl2Kaf9Zx7wJB9AOZxzHQWh5E7kv1gCT4In/IuuA79drXUw850rmHnQN7NczwEBoG38mymHkm7WPZYNRLC2oHvrHsAG6Eo6c3pqu+DzdiTlfVJ1InM3xiGVgtoxJ6ewiszMf+7Cz51cJAQzc5NwLdzfxU4W+9jkT+UW2z/tY3OSs8mYJrdpOuxJuy15Xzi2rLEsaXyexPlnjmHGuDKHs8IYMy0z1tnX7/7/7d1NbxznYQfw/xgtWjNtSClxkrYozB6iq+iLZJ/CfILIfUFT5EWknRgN4Be6RZFDD5W/gYwol6CJyU9Q+RtQp8Q6UdewKKRjbFQWD9Gp8fSwu9Ts7Oxwdnb5qt8PILgzO8/zzAqGAP/1f2aFasBxGj47aveUb4MLYtj2uj38SVEUNzIIbNdz+kHbKEjbS7KrmQYwu+GXGdwqimI7g4DtRpKXT/WmeO5orC3AL3799fm3hE76+K3Xfnejz8D9d5bWUgy3gyZTW2v1Ztqpt9aa1tVaO0uttQ+WXi9vNc8OAOdPURRrSVYzCNtWKz+L+p+ygwyCsyfD3w+TPPTlAwDHZ/h3+3qe/d2+EttF+9BY60iwtiCjLaELnPLgrdd+13v7y/47Sw9T5OVFPmvt2fWjg45hW8uz1p5dU5kz4/fUOG/l+vrcx/KstS5j6vd0xNqtoVz9/YYxY7fWJVhrmX/sXpvf/3jp9bJX0AsA59Vwa3Jd/dwoOBs7N2xRAAAXnK2gC1KkvJHBv0IuJ0k5/16+5V/8+utrb732u/7bQZP3MriZDJKn4VdyFsVoL+izXX/1LZqpHVc/TsetneMJTWUL6rR5h+fKonZP07ae1oeWo482vo21zbTtnWP32VHjn2V9ncYBR5zr8H51/vKL5nBtYui0uSZPP8hgyzMAPFemNMuazgEAz6kp3RZm9ePXPn2SSvhQpFzEzzwNoe2UGaRUFRNxU+2a+heJTR6Pjy0rrw9/ldOvb3rdWJpsuu/G6xrmnvLe1Hvpqj5P29pt6zSca5ziqD+jPma518HxQZKNpdf9qzsAAADUCdYW6MevfXq3KPJhMdyWOMvPFL2DtW/+7OleBl/VPlAN0EYNtrEwrJgMvtqCqA6B2fiYanjXMu/wXD2wa5q3cehh+NW9bjYtKJspzKrfU1N41jFkOzL0m/J+df7yi45Dp8317OX60uu+mQwAAACaCNYW71YGW+dmMiVwu/qfv/na6hz30r21Vj08R621sXOn2VrrMOaoc2ewtbYpVAMAAIDpBGsL9qNXD7eEHixoyt6ttbLM9viJXLjWWpOJ1lqHQEprbcLm0t+W20fcBQAAADzXBGvH4EevfrpXpNzo8hy1Dtb73seVO08fJrk30VorG1a+yK21+r3Nsn6XeS5ea23nS0I1AAAAOJJg7Zi8+epnd5N8eNR1HcK37/zyNy+t9L2Pxtba2GuttaZ1q7+fs9bazpf+rtw4YmUAAAAggrVj9earn20lubeAqTb6Drxy5+l2koO5W2tlS2ttGL6dSmutaa1FtNYm/iyOmOe0WmvzNNgmxwrVAAAAYAaCteN3I9Vv5+xnY57BY621pkZal9ZaWo6nvde3tXbENtOuYdJcrbX6mj3GnEhrbdotzN5aE6oBAADAjARrx+zNVz97kkG4Ns+XGVz95W9eWp1j/O0kDQFZMfnMsrPQWmv6BLVwrGtrrS3A6txamzbXBWitDefZ+dLfC9UAAABgVoK1E/Dmq5/tpSg2UhTp/ZNs9V3/yp2nD8syHx+eqDfSkrS11ibCt6bj6vkjwrNy1JJL9bh2/bTW2lHrT3lvrtZaH22ttQ6h39RzM9x/l9ZahGoAAADQm2DthLx5/dO7STZ7T1AUG3Pewu2yHnolk621pmBsltZaJsOkxmCuds3Y66YgLZX7OKq1Vl//rLXWmnRtrVXfnzFwawjXdv7sH4RqAAAA0Jdg7QS9ef3T7SLlTodvAm36Wf7VJy9t9F37yp2nu0keHJ6Y1lobvT26Zuy4cmnj+MrFfVtrLeMW3lo7rvbaEUHj2Hsn2FqrEaoBAADAnARrJ+yN659tJNnpOXxjzuUX11qrT7Go1lrLGqN7nTrvrK21NLy3iNZaXyfXWvtAqAYAAADzK8q50wD6+NUnL+0ludpj6N+8cf2zh33X/e3bSw+LIi8flsWKclAcK8rBqSJJRueGh03X1N/L6FFwGT8uGo7r12TKHIdrVD5AkRRF2bxO9Vzl+vrc9fEpKuvW1qt/pon7TMv5tnuaNq7pvYZ1jlyzfnuD8wdJtv78H8vt5qsAAACAWWisnZov1pMvHiRfZMafW3MufOtEW2tlw3GT56C11rpztWV76oJaa4+SrAvVAAAAYHE01k7Rrz75ykqS3czeXLv0xvX/fdJ33bbWWlJrkS2qtVYds4jWWtu6i2itTdxf7XOkw/VNY+rn29ZpGnfU2ImLkyT3ktz48nfL3v/NAAAAAJM01k7RMBxbT/VLBbrZmnPpqa21we88+72o1trYRVPuasoXGLRGv20NtaZzXVtrTefPZ2vtgy9/t1wXqgEAAMDiaaydAR99cnktg+bacschB0lWN68/Pp3WWoaNr7Em2IJaa2l4v2Nrbey6nq21sftvOtextdY6puHaY2itHWTQUtsNAAAAcCw01s6AzeuP9zJorh10HLKc02ytZcpxvbE1rbXWtG6SalpUb2B1aa01nWtrrZVlPRVrWWLG1lrrXC3Xdm6ttY1N7qXMqlANAAAAjpfG2hkyY3PtZFtro+NFttYqr8fWG57XWpsyZ/vYD778T+WtAAAAAMdOY+0MqTTXujxzbRGtta2J1lr1OWrT2lOLaq01zqe11tZaa1nnUZJXhGoAAABwcjTWzqCPPrnc9dtCF9Fa2y2KfOs4WmvPrh8dtLTQTrK1Vpv7TLfWGsY1jP0wya3l7/mCAgAAADhJGmtn0Ob1x09SZD1FHhyGQ80/yynmbK2VxUyttalNqxmfw9Y+ZobWWtne/mpsrdXmPtOttfY5H6XMt5e/V24J1QAAAODkCdbOqM1rj5+k27bQrY/uX17pu86Vn/9+L8lOkvFAbWjYWxs/UVaDr2Is8KmHVFODsSlbROvXN71uDp3G73Fi62l9ng7vTb2XrqZsi22dq1uglnLQUltb/r4vKAAAAIDTIlg7wzavPX6yee3xWkbBV7PlJLfnWmjQWhv/RtKJ1loxHoaNvRhdXzuuzzfL65bW2oSm1lrTc9+ahh5na611kto9dW+tPUry7ZXvl1vL39dSAwAAgNMkWDsHNq893kh7uHbzo/uX1/rOf+Xnv3+S0RchTG2t1U7UW2vVt89Ca61h3ol5TrO11mFMw7kPk6ytaKkBAADAmSBYOyeG4dpmyyVztdau3Hm6XZa5N3byqNZabRuo1tqxtdbuJXll5Qfl1soPtNQAAADgrBCsnSOb1x5vJ3k9qW3bHPjWR/cv35hziY0kB51ba9XDc9RaGzt3tlsvNHgvAAAGy0lEQVRrB0neX/lhub7yw3Kvx8oAAADAMRKsnTOb1x7ffSHl+gspH72QMrWf2zv3L/X/IoM7Tx+WZW6NnbyArbUmE621DuHXMbfWdpKsXrpZzvf8PAAAAODYCNbOoZvXPt9LspbUtm4mLye1YGxGV+48vZ3k3kRrrSwuRmutaa22IOyI1tq0EG3ifPfW2r0kr1zaKDcu3bTtEwAAAM6yopypXsNZs3P/0u0k79VOvzIM33r57dtLq0WRvRRZTjH876NIUpSD/liRJOXw3PCwGBwXY9fXjpMUo8xrbGzt/co1h9eP1mu9pnquYd3q2qms3XB/9c8xdu/VcfXP1PRZM+X8+HyPkmxd3izvBgAAADgXNNbOuZvXPt/K5HPXtueZ88qdpw+TbE1trbVsrxxrqZUtrbXhltGz1lprnqv9Xqa10Dq21g6SvH95s1wVqgEAAMD5Ili7AG5e+/xuBltDHwxPXd25f+nWPHN+82dPtzN4ztfkc9SSdHrWWlqOp73X8LocPdst1ePa9UdsM531Swdmedba5OBOVx0k+SDJ6uU3PEcNAAAAziNbQS+Y2tbQubaE7r+ztJJkN0WujrZ6JqlsCX22XbIYbhVNdSvl2HbNcvr2yaLhuPL62fW19RqvqaxZu8exeSu/p20JrW8nXdCW0IMUuZ3k9ld+5BlqAAAAcJ4J1i6gnfuX1jPYDvrk5rXP1+aZa/+dpbUU2U2Gz1vr+Ky1sWuOetba6LjlWWvPxrQ8a61y7eG5rs9aq9xr9f6awrWewdpBMgzUfixQAwAAgItAsHZB7dy/tJLBN4Q+uXnt81vzzLX/ztKNFPmvzq21w+MTbK3Vz6U6x6m21g6S3C4KgRoAAABcNIK1C27n/qX1m9c+3513nv13l24l+Y+5WmvV97LA1trEGpUbP73W2qMk2yly+6tvCdQAAADgIhKs0dn+u0vbKcqbWmu1e6++lzwoitz+6j+X2wEAAAAuNMEaM9l/d2kvRXl11EhLai2ys9paa1t3Ma21nSTbL/2k3A0AAADwXPij074Bzp31JLtJrqYsBmFVmUHgNMpoR4FTOTwYhVJlBkMqk5XlMKAazlHm2eVjx9VBh4Mr61bWrK/RNGZsyrZzZS1AG7/3R0WR7SS3X/qJ7Z4AAADwvNFYY2b77y6tpCj3UuTlPq21wfUdWmuVMY3XzNlaa9xqmvF5qnNXWms7Sba/9rZ2GgAAADzPBGv0sv/ei2spsptkufez1oavk5ZgrG2LaPVZa7Xrj+FZax8nuVsU5d2vvaOdBgAAAAjWmMNhuFaUy8mUFtlYM62shWMzttYqr8fWG54/htbax8PwcPsb730hTAMAAADGCNaYy/7Wi2vJIFw7ndZaMhnmVdeo3OzRrbWDYZB2t0jufuN9YRoAAAAwnWCNue1vvbiaoryb5Oo8rbVn10++PsbW2oMU2S2Su3/xr1/s9v5DAAAAAJ47gjUWYn/rxZUU5XaRfGeiEXYcrbXD8aM76NhaS+4VRfZSlLtJdv/y37TSAAAAgH4EayzU/vt/eqMocispry6itdbaQju6tXYvRR4WyV6K7P3VT/+wu8jPCgAAADzfBGsci//+lz9ZTbKaIuspslIU5VqSlRS5usDW2kGK7A2v303KJymyl+ThX//7Hx4e48cDAAAAEKxxOv7np3+8miKrtdbaIHzLWHi2W2+tvXzr/3ZP/IYBAAAAagRrAAAAANDDC6d9AwAAAABwHgnWAAAAAKAHwRoAAAAA9CBYAwAAAIAeBGsAAAAA0INgDQAAAAB6EKwBAAAAQA+CNQAAAADoQbAGAAAAAD0I1gAAAACgB8EaAAAAAPQgWAMAAACAHgRrAAAAANCDYA0AAAAAehCsAQAAAEAPgjUAAAAA6EGwBgAAAAA9CNYAAAAAoAfBGgAAAAD0IFgDAAAAgB4EawAAAADQg2ANAAAAAHoQrAEAAABAD4I1AAAAAOhBsAYAAAAAPQjWAAAAAKAHwRoAAAAA9CBYAwAAAIAeBGsAAAAA0INgDQAAAAB6EKwBAAAAQA+CNQAAAADoQbAGAAAAAD0I1gAAAACgB8EaAAAAAPQgWAMAAACAHgRrAAAAANCDYA0AAAAAehCsAQAAAEAPgjUAAAAA6EGwBgAAAAA9CNYAAAAAoAfBGgAAAAD0IFgDAAAAgB4EawAAAADQg2ANAAAAAHoQrAEAAABAD4I1AAAAAOhBsAYAAAAAPQjWAAAAAKAHwRoAAAAA9CBYAwAAAIAeBGsAAAAA0INgDQAAAAB6EKwBAAAAQA+CNQAAAADoQbAGAAAAAD0I1gAAAACgh/8HHY3Mer5N+XwAAAAASUVORK5CYII=" width="158" height="43"></span></p><p><span style="color:rgb(59,56,56);font-size:9pt;"><strong>함윤식│선임│ITH2</strong></span><br><span style="color:rgb(46,116,181);font-size:9pt;"><strong>서린정보기술(주) SORIN Information Technology</strong></span><br><span style="color:rgb(59,56,56);font-size:9pt;">(03159)&nbsp;서울시 종로구 종로&nbsp;33,&nbsp;그랑서울 타워1, 16층</span><br><span style="color:black;font-size:9pt;"><strong>Office </strong>: 02-6947-2694 |<strong>&nbsp;Moblie </strong>: 010-7367-9633</span><span style="color:rgb(59,56,56);font-size:9pt;"><strong>│E-mail</strong>: </span><a href="mailto:hamyoonsic@sorin.co.kr"><span style="color:rgb(70,120,134);font-size:9pt;"><u>hamyoonsic@sorin.co.kr</u></span></a></p><div class="notice-signature" data-signature-id="6"><p>&nbsp;</p><p>&nbsp;</p><p>&nbsp;</p><p><span style="background-color:white;color:black;font-size:11pt;"><img src="data:image/png;base64,iVBORw0KGgoAAAANSUhEUgAABNYAAAFjCAYAAADxSobeAAAACXBIWXMAAC4jAAAuIwF4pT92AAAgAElEQVR4nOzdeZwk6V3f+e9TM1iH8asKr9e3XYVtsDBHlziNkNw5jNhFM4gu+cQs2s4BjACBugaBOCTo7MU2YCymWkaIEWsmi8Ogl22mGoP8skGaLBAIhIyqAGOha7I4ZNbrNV22da138rd/xBOZEZEReUTGlRmft16hqcqM46mjszK/+XuenzMzAQAAAAAAAFjOVt0DAAAAAAAAANYRwRoAAAAAAACQA8EaAAAAAAAAkAPBGgAAAAAAAJADwRoAAAAAAACQA8EaAAAAAAAAkAPBGgAAAAAAAJADwRoAAAAAAACQA8EaAAAAAAAAkAPBGgAAAAAAAJADwRoAAAAAAACQA8EaAAAAAAAAkAPBGgAAAAAAAJADwRoAAAAAAACQA8EaAAAAAAAAkAPBGgAAAAAAAJADwRoAAAAAAACQA8EaAAAAAAAAkAPBGgAAAAAAAJADwRoAAAAAAACQA8EaAAAAAAAAkAPBGgAAAAAAAJADwRoAAAAAAACQA8EaAAAAAAAAkAPBGgAAAAAAAJADwRoAAAAAAACQA8EaAAAAAAAAkAPBGgAAAAAAAJADwRoAAAAAAACQA8EaAAAAAAAAkAPBGgAAAAAAAJADwRoAAAAAAACQA8EaAAAAAAAAkAPBGgAAAAAAAJADwRoAAAAAAACQA8EaAAAAAAAAkAPBGgAAAAAAAJADwRoAAAAAAACQA8EaAAAAAAAAkAPBGgAAAAAAAJADwRoAAAAAAACQA8EaAAAAAAAAkAPBGgAAAAAAAJADwRoAAAAAAACQA8EaAAAAAAAAkAPBGgAAAAAAAJADwRoAAAAAAACQA8EaAAAAAAAAkAPBGgAAAAAAAJADwRoAAAAAAACQA8EaAAAAAAAAkAPBGgAAAAAAAJADwRoAAAAAAACQA8EaAAAAAAAAkAPBGgAAAAAAAJADwRoAAAAAAACQA8EaAAAAAAAAkAPBGgAAAAAAAJDDvXUPAO32JT/23j1Je5I0kjr+5h2Z7Ud22xtJu7EDLfjPaOqMwR0jG99wLulu5POB/+9wJBtKunvy4o8/yzd6AAAAAADQZs7M5u8FrOBLfnwcnnVk2pG07z8fh2VTAVnk93L6PmXfJ4uGapP9EreNkieSLkemMycNJQ2fMp1JOvup6x8/nD4bAAAAAAAAwRoK9uIff+++guBsX9K+SVdjO2T8usUCssTvZFawljdUC461qX1c5POnTHKTfU5HCoI2mc5+uvuXqXADAAAAAAAEa8jvxT/+3h0F0zc7CoK0q8l9LPOTiTzVatOhWnBnMkRzCkKy6etFrpESqgXHWvxaNv74UtKZzAYj6eTfPPQsgjYAAAAAAFqIYA0Le/Eb3rcjs46kAwVh2u6s/ad+s1Irx5L7NKtaLRqqxT+36BguR6YTSSc/86XPOpm+IgAAAAAA2EQEa5jpxW94X0eTIO1KMviaZelqtdyhWnDnYtVq80O14NjMarXxWDPuuxyZnUg6edOXfQIhGwAAAAAAG4xgDTHX3/C+cHrngaSDkbQ9vrPMUC3l/EVXq6U0LCiiWi12nVF8GuulCyrZ+m/+8k8YTI8QAAAAAACsM4I1hGHagd+uhbfPqiabZZEpoPPOv0yoJqWEaKs3LEivSLPZlWzRYC36JZnZhaT+SOqf/r2/MpweHQAAAAAAWDcEay12/Q3vO5DUVSRMC82rJpulrIYFqfetUK0W/ZJmTQGNf75wtZrc+FiLfCxJOh2Z9X/+Kz6xPz1yAAAAAACwLgjWWub6G963L+lQQXXadtZ+61KtVkbDgvG15oRqi1SrpYRq431d0PTgSFL/LS/5xOH0qAEAAAAAQJMRrLVAZKrnoaQr8/ZvYrXaag0L4oMpoWFB5hTQtGAt3NdpEgKa7FhS/xde8kkDAQAAAACAtUCwtsEWrU5LKqRarSENC4JjK21YMGsK6Hj/aKjmImMcmc4lHb31Kz+pP/2VAAAAAACAJiFY20B+7bRDSVeXPbbSarXcoVpw52LVavNDteDY4qvVwn9bafsmqtWC20x6anLshaSjkdR/21d98l0BAAAAAIDGIVjbINff8L6upJ6k3bznqKtaraqGBXVWq6WFaolqtcgYLbz0pYKA7ehXvpqADQAAAACAJiFY2wBFBGoSDQtSK9KSVWcrNiyQJsFaWqgWnGdyTWfhf+1S0tFT0tG/e+mnELABAAAAANAABGtrrKhATaJhQR3VapYYX3C5tKBOcmZ6KrjG5Ug6knT0q19DwAYAAAAAQJ0I1tbQjEDtNPLxXUlni57TB0A7kvYjode+5jQ9WKRabRMbFgSfL1etNm8KaHCe1Gq1YMzR22SXIwsCtnd87RUCNgAAAAAAakCwtmauv+F9HUkdBaHZXUlnx3/nL5QarLz4x98bBG5h8Db5775Fg7cNqFZbtWFBEdVq8eq3WLXa+JzjfYM12A7PX3alLwAAAAAAUCmCNazkS8LQzYKgzW9Xwvs3sVptmSmg4f7LVKulTQGVYtVq46/pqUkodyHp8Ndu7J8IAAAAAABUgmANhfuSHxtXuHVGQXXdVUkrhWrSdIiWXq02P1QLji2+Wi1acZbcN61azZnGoVlatZqlTwGNdQ+dOlY6HZkO//3h/sLTgAEAAAAAQD4Ea6jEF//Yew9k1lEQtF3JCtWk/NVqySmg4T5hsNaEhgVp1WqjSAVdRsOC8TkzqtViX7n//PbI1PvNh5/N+msAAAAAAJSEYA2V++J/9p69kXQgqatw2mjFU0Bj17LsUG2RarUKGxZkVquFpwtDuuBr1eVIOnznw8/uCwAAAAAAFI5gDbX6on/2nj1ZELKNImuzTZTfsCD+eXnVarMaFvhLR849s2HB+GuZnHuyjw/VxuexoFvs4Tu/7lOZHgoAAAAAQIEI1tAYf/tH37OnoIqtK2m3SQ0LwiqwcP+yGxZI6dVqC0wBTQvWwvPc+q2Xf2pPAAAAAACgEARraKS//aPvOZCsOzJdi97etIYFYbBWVMOCtGq1BRoWJKeApoVq4XEXkrrv+vpPGwgAAAAAAKyEYA2N9jd/5N17kg4VVLFt11GttswU0HD/VarVwlBtfNuK1WqWfsxtM+u95xs+neYGAAAAAADkRLCGtfA3f+TdOyNTV0HIthveXme1WrRqLLnvpIpsMsZ51Wo2Ywpo+LVF9wuHski1WnieRBB3LlP3Pa/4dNZeAwAAAAAgB4K1Nff073n+nqS9jLvPPvx1P7txFUl//Yff3ZXUG/l12KKiwVoTGhakVavlaViwSLXayOJfU/T8acdE11573ys+vScAAAAAALAUgrWGefr3PH9H0r6CsGxPUvi5/Oe7acct4ULS0H88jHw88P9dmzDu4Iff1ZXUk/+ezJoCKvnQaU6otki1WlFTQMOgbl7DgujxearVsoI4WWwMp07Wfd83fsZQAAAAAABgIQRrNXrGI8/vKAjNwiDtapHnX/FHeyrprqQz+QDuw1/3s4OVB1WCgx9+V3dkOnLSdnhbFQ0Loued1bBAmg7GouecV62Wemxkn7RQLXr+aLAWfJiYJjoJ4C4ldYff9BknAgAAAAAAcxGsVeSZR8/fkdSJbFcWPbZhP6JzBUHbmYIqt7MPPVx/hdsX/tC7dlyw/tpNafWGBWEVWLh/FQ0LpOlqtYIbFmRVqyXXYLt98U2fcSgAAAAAADATwVqJ/vDR/R1JB/JBmsUmKjbPCr8KF/Ihm6TBhx7+2doWw7/2Q+/ae8p0JOlamdVqsxoWBKfzt1mxDQtGkess2rDAf3mp1Wpm8RBvNPmCT8108Nvf8pm1h6YAAAAAADQVwVrB/vDt5+8rqJw6UGRq4kwF/wwaEOBdahK0nXzwsPqg7YXHv9WR1B+Fa9ItUa22TMOCcP951WphEOYvHTn39BTQZarVRtHxLNewILNjaPi9caZLM+v8zis/i66hAAAAAACkIFgryEe/5v49M/VV6DppBQdk9QV4YdA2UBC0DQsdSIYXHv/WziicHmrxUE3KrmTLqlaz5HGRfSdVZJNQbVa1WtkNC5JhWXQKaPh1JaecJsM5f97LkXT4e6/8rL4AAAAAAEAMwVoBPvo193clPVbV9Yr/kVUe4F1IOpE0+MDhm0pfKP/B/m/tK6heC9a1K6haLW0KaFq1Wp6GBYtWqyXDwmWr1ZL7ySx2jsjU09vvf9Vnse4aAAAAAAARBGsr+iOvub8j6Yk8xzb9O19hgHdH0skHbvxsv+grRr2g/1s9md2Mr7M2v1qtqIYFVVWr5WxYkFatJotc06RjMx3+x2/9q6y7BgAAAACACNZW8kdec/+epDO5BddSW1TBP5Km/4Qjv4LHH7jxpm6Z13rBY+/cHwXVcrvLNiwIPo7vm9awQJoOxuLVb7Or1VZpWBA9zsZfx/xqtbRuotHratK04dzMOr//bZ9NuAYAAAAAaL2tugewzpxT3zltOwUBRHILkoocW+YF820ua8t/yvSvN6fImK5/9GvuP1rhVHP964eedSZpX9JxVqgWuz2jWk2angI6Odf0ddNCtfi5JkHd1LGJfdKkhWqKfJTWsCC6X/TMlggNE91Vr0ga/PFbb93JHAwAAAAAAC1BxVpO2//k/p6km3mOLfo7XviPsOimosuP72P/28veNCx4FFM+7wff2ZV0JGl7lYYF0qRabVbDguhti04BXaZaLTxPeEyyWm2RhgXhtSfnSJ9mOjJdjmSd/3zzOXQMBQAAAAC0FhVrOWx/7/0dOd1sSgXZlkvfMq8zb8u4ToUVeJUskv8zX/qsvqTOyOw8vC1ZrZaU1bAg9NR4v8ltyYq35BTQ8X4pY0xWq0X3CS8xmZ6aPM/0NNHoftHbkk0Pol/feN/4VNVtSYM/2vvF/ZRhAwAAAADQCgRrS9p57f07fgpoZjCVW8FzM9c4wKssrPmZL33WmaSOggYKM7uApnFKb1iQmD4Za1gQP35SrZbVBTR5f/RczibniR5jyfsTU0DHv6YpU2DD/7pIMBc9tyZf87akwcfcJFwDAAAAALQTwdqSnKznZLtOpqxty6VvuQOoFgZ4VXrTl33C3Td92SccjKRbs/ZLq1ZLq2qLTq92ibuT1WrJKaBp66hFw7DoFFBp+jyxcST2iV0vNt5wrPGGBbHjI9Vq0WuaaVuywfbNXyBcAwAAAAC0DsHaEv7o931uxzndyHv8rDAuz7bBAd5whavm9sSXfUJP0kMj2WURDQsWqVabOiZRHTZeky3l/Ml129Kq1WY1LEirVgu/vvG+kfFMvkaLfyxtyzT4I99GuAYAAAAAaBeCtSU46SisqCp0SmTBgdYGBHj9lX5QK3jzl39CX8HU0Mvo7aOUYGxWtVq0YUFoXrVaslFCdAposlotbY224Bz+v7FxTs7nEjsmq9XGd0fGbykBXPRYBWPZNrPBR3/rWwjXAAAAAACtQbC2oP/pdZ/bk9OVqqdEtjDAe+jya940yD+q1Q2+/K+cSeqMpPPo7ctUq0Ur3pzZuKnB5FzTzQii14nukyYMuJLVasmGBck12OLNGeLnSFarpU0hTalWi+63PTINnvkqwjUAAAAAQDs4S6nEQdwfe919O5KGChZrL4ylxiornbDJp9MCv2oP/cFL39wv+LK5Xf2B39yRNBiZXZGiwdOkWs3ZpBNoWrXaeCqn4lMys6rVog0LnGxmtVp4nuQU0HAfS+wXnidZrWaRtdUscY3x12TxJg0Wfp6+3/nI1Pl//8Hz7i7/XQcAAAAAYH1QsbYAPwV0O6uyLP95i634ci59y1syV3EFXqNCNUk6/Xt/5e7IrCPpPFqtFhWGarGOoIn12ZJTQMf7zbh2WkXbog0Lktea1bAgGqpFz5dsWBA9V3Czpe7nr3FF0uCjXvnzOzO+RAAAAAAA1h7B2hz/8/ffty+n61UGUC0L8C6d04v+y1c3K1QL/fxXfOJdJ3VGFkwLjVarxcK0xPTJWQ0LomunSenVatH7o+dKTu1ctGHB+PcnY720sEIutrZa9P7YFNAwUJvslzJV9IqsvrXyAAAAAACoAsHaHL5aLV9mlBG4NaWCrAEB3qWTdf6fr3rzyQqXLd3PfcUn3lXQ0OB8VsMCSbkbFkRlTQGV0qvV0hoWKLFfNJxLNiwIf+bZU0CT15quVgs+j670Jo1k1+755p87ShkWAAAAAAAbgTXWZvgTj3Y6kp7Iut9slRiqfIX/ZIs94aVJnf/8VU+cFXrWEj3v0X+/M5INJF2JB1vxwCoaYqWtreaUXa02XpNtxtpqWceE651lrcEWXVstet5otVpsiuj467FYEDiKXCttvzB7G032fci+86/1F/omAwAAAACwRgjWZviTj943kHR12eOs4ARqAwO8S0md//sr1ydUC33Oo7+x40yDp4J1xAppWBBd42zRhgWSIkFYMnibnD88z6yGBSN/jkUaFoRTPRdubDBJ9Z5t33l17X7eQF7OuSNJpXXItWD9R6wZ59y+pDIreftm1i/x/KiAc25Q4unPzOywxPMDqBiPGfXw3/els4JFWdNDAMTcW/cAmurPvv6+zlbufyjp/waSi9cvfLaMf1JNCfCWPOpSUuc/rWGoJkm/8JJPuvvZ3/8bHUkD+XBNUqxhgdMkVEtK+1658X9Tpplqcl5JsVAt/CgWvPmKsbACLbaOmr/WeD02xavVZjUsCK81mrNfZNfItU2STtw3nu7bd12lUyjaYl8lPtnC2tpRub8XgxLPjerw2AFgGTxmADVjjbVsvawulnm3ezO2LeXb7pFL3fL+L7trZ3bDgiW3S+dsbUO10Fu/8pPuSuqY2aUUD6+SDQuSVWaLNCyIVqsF5/TnntGwIPxvcsqp3zF2f3TM8xoWRE+RbFgQ3W8csPlqtVFyJ9OupEavpQcAAAAAwLII1lL8+R/odLacXd1ypmW2vFoS4F06uc7/9ZLBWodqoTBck3QZrVaTshsWzKrsi3bvDI/LqlaLSu4T3W+66UC8YcF0l8+MKrRw0bSU/WLXmPog8YnZVfeKAaXkAAAAAICNwVTQFPdI3VzHZYRrT60ymBSjnFM2twqepZ2VyqYEQJeSOu9/yXpXqiX90ld98tlnvu7XD5z0RLTCLCqsCJNmV6uFDQ3G00Ija6tZyjGWqEKLVquZoiHXZExhoJacAprWVTRWhZaoQDMlpofOr1aLfvyI+4YnBvbd923U7wKwycpeQ2TN3Gdmg7oHUTfn3I5KXENwE/B7AgBAexCsJfzF/7Ozt+V0PXl7WrXQou5ZZUBp51uvAO9SUud3v2KzQrXQ277qkwef9X2//pCkx6TsarU8DQvC/ZKiQVjyJxT9PQ3Pk1atNj4+EdxNVaElqtosFtQlp4rarGq16Kcn7uuf2Ld/fB/rrbWIc66joMqzFGbWK+vcAKbsa0bXdEhaegnadvINPXbKOv86Bpx8TwBg/RCsJWxlVKtlVXvlbUgwS94Qr4EB3qWkzm//vc2Y/pnll7/6k/uf+dpf6zyleCA7Xr8s5ZhZDQtClgjjIjFWcOycarV4BVp6tVraFFLNqFaL75fRsCAydTSW7E1GtSupJ4lpoe3SkXSzxPP3Sjw3AKAcRyq3InYdA06+JwCwZgjWpizXTjh7kbr8f7OqCvFKDvAuJXWe3PBQLfS2l35K99Ne+2v7znRlXsOCeLXadMOCaCVZdCppcA7/X01+w5INCyyy4zLVasG54lVo4c5p1WrJKaDjE0uLfHzDvfzNJ/bqzx0IAAAArcF08pihmQ3rHgSA1RCsRTzrn17t3uO0XczZMqq9VphSWnSIV2KAdymp894vb0eoFnKmg5F0Jk1+hxapVovuk5wCOprKqybBW1itFl3zLFaB5s89Xo9NKdVqGQ0LwmuNZuwXG1dsCmliCmj27X338jfv26s/lymhAAAA7cF08olbouoeWHt0BY3Ycuou2nkzr3tcGZulblK+bStzW6iL6OVWC0M1SXr713zKUFJ3VrXaODhL3B9tfhDOwA2Dt3FhWPL+yBTQYP/xjrH7w/OH57TIOeLTRePVasmGBdH9lmxYEP94ErbtyparEAUAAAAAoEkI1rxP+sGre1vS1QXDI93r0rdFg7myAzyplgDvUrLOu1sYqoV+9Ws+5WRkui3NriOMhmFh6JVVrRaV3Ce6X1rTgegU0FhVWmSnaMOCkYU3W8Z+0dq5BRoWRG9Pr9a86R5+017qPQAAAADQTExnxhjBmnePs248LMpn0WCuaQFeAVV4l/c4dd795aetDdVC7/jaK4eSzhetVpOmq9WSx1iiCi1ZrTaZkhldB82fW/EpoNF12hZpWBDfT7FqtfF1ZlarZYRtk4/7AgAAAIA14NcJLGgJKWwCgrWJbvSTrOqsore8ig7wCgjxuu/8MkK10Mh0IOky2rDA3y4ny2xYkLa+XTQIS7nOWBjOJavVxufRdHAXHVv02PD2WY0NxtVqkUAutkNW2Kbk7XbVHf5sJ2MPAAAAAGiSg5LPf1Hy+VEwgjVJz37sr+1vSburhFJ5NT3A02Jf/0O/+aWnJytdZMOcv+zKUJGFSN34v9k/i/GU0ES1WvjRvGq1WI6V0rAgeg1pdrVaejMDP1U0MqyphgXxNdQ0s1ot/q3oCwAAAACar+x1ooclnx8FI1iTlmpakLVlVnup2C2vEkO7h37jS0/7KwxtY52/7MqRpNPkmmlZ1WrSdACWrFaLhmojm25YkKw4C8+ZXa2WrEKbXCy530oNC6LS117bdTd+pisAAAAAaCjn3IGkKyVfhplga4ZgTdKWdFBWoFX0OmhVBXgLfs0PnT/0c/0Vvj1t0HXSpZTSvVPZDQtcZI+0aaKzGhYkq9XGx0R2Sq9Is9T9ktNJ4x8kPlmkWi16l8Xu7wkAAAAAGsivrdav4FIEa2um9cHaZx4/b98523XONGvLqthqSkVaGc0M5oR4twnV5vu1G/tDSb1kw4KwWk2arlabZE2J+xNTQJPVauF5w/9GGxaMq9UiY5tZrRb7KlasVktvWDB1FZl23cv+bVcAAAAA0DwnqqZpQc9XxmFNtD5Yu9eps0rFV1bgNi+oW9cAT5K2nI7f8dDPlT2vfGP8+o39Iyc7TZsCKk1Xq0nTU0AXrVYLGxaEoVvs+JQqtJGFN2dVq8VXehs3LIjdmhhEeHvWcnKWuD9ezdbLOAoAAAAAauGc60u6WtHldiU97pw7cc7tVXRNrKD1wZp8N9CmT9lsUIB3/O+6P9et6oezQVKDyOS6Z/EYa37DgrRqtWTDgmhIN6thgVL3izQsiAZ6WVVplrhzdsOC+DmC/9t1X0vVGgAAAID6Oed2fKh2vYbLX5P0pHPuyE9DRUO1Olh77g89b2dLurLOUzYrDvDOnTMq1XL4jcNnnznpVrJhwShl32S1mhSvMMtqWBBWq43vVlbDgulrhR0+sxobhFNAgxAtcuMi00GnPk9Uq02HdD0BAAAAQI18tdhA9YRqUTckDZ1zPQK2Zmp1sHaPs46clGfLDLvUjCmbJQR45/c6dd52/efvrjCstjuSb2QgRTt/TlerRYO3rI6haedIVqulNyyYrlZLm2oafhzN0Sb7LbBuWtbU0NQpoLGAbdd9zb9hTQEAAAAAtfBrnJ2p/A6gi9qWdFOTgG2v3uEgqtXB2pZ08FEypW335N0yKr7WPMC7lNT5xf+dUG0Vv/nws+86s8NoJVlWw4JQdApoWrWai4Zg4TF5GxYkqtVWalgQNbthQfq+po4AAAAAoELOuT3n3Imkx1VNo4JlhQHbk865PgFbM7Q6WJNTZsVa0YHWGgd4l1uEaoX5D1/3qX1Jp2kNC0Jp00RnNSywSMOCUTJom6pWW6RhQXws8Q8SnyxUrRa5a361Wmh/6hYAAAAAKIFfS60n6UkFa5utg+sKArYBXUTrdW/dA6jL/T/y3L2toNvGclz6zWlrZS0iM9nMWuR97vnSD8w7PjkdnL74LWd5D8c0Z+qZ9ERyCqhFqtCSDQviS5vF10sLfyXDKaAmZazTZinB22S/1KmiearVkg0LUncMP03ZN3k7AAAAAJTAr1l26LcmVqgt4qqkq865C0l9SX0zG9Y6opZpbbC25dIrYtIqiBY63yqDSdOMAO+hJ178lkHOSyLDf3j5pw7+8qt/9Y4i74REM6Xkjz76Oxk2Pkg2LHCa9BVwFuZbGVVoGdVqwefJqaLJarIF1lBLssT96Q0L4qcnVwMaw8w6dY9hGc45HkHKdybpvpKv8USJ5z5XRrdubBZffbJu9uoeANAGfgrloaSu1jdQS9pVME30pnPujoKA7aTmMbVCa4M1Kf2FwlZGoJWZdOW0BgHe7Se+5C39oi+HgJkdSroWibEkza9Wi1egTWbzRqvV0hsRTDcsSK9Wy2hYMDMIywjbkgHalKz7TZKYegwADWVmdxV0SSuNc8U+70q4a2aDMi+AxrhZ9wAANIufMtnV+kz3zOuapGvOuUtJJ5KOzIyZaCVpbbC2pWUXRy92imXDA7zjJ77kLbyTW6J3ff2nDT/+H/+7Y0nX06rVkg0LgvzKTx1NqVYbH5+oVgvOFa9CC3cezdgvnAI6PnH4wSLTQWMXShyXFrYlQ7rgUx70AQBrwVc9dOsdBQAgS6Q67UB5loNab9sK1mK77qeKniioZOP1VoHaG6w5i7XNHeUMtIpeI60BAR7TIypiUk/SdWnSxTOsVktWpkU/doqsx6aUarWMhgXhVUdz9puqVgs/GX+Ykait3rAgejcP9ACAdbEnKqOAZQwl3ap7EEvoKFjDCmvEh2lhddqVWfu2yK6kG5JuELIVq5XB2oP/7DmdZCBWwqL/GedrdIB3OZI6P/O//QLT8Crw7q//tOFf+u6335J0M1wRKDoFNK1abXJ/dCroJJiLThuV0tZMm+yQ3G+lhgVRcxsWpOwbrVajYg0AAGBj+UXVezUPY2F+rT6CtTXgnOsoCNPaWJm2rLSQbcCabPm0MlhzGY0L0tyTcXuyOMMgxAcAACAASURBVGdRDQ7wLiV1fuaLCdUqdmTSoZO2kx0+pbSmA/EpoGH4Nt43qwotshZacr/YNZSzYUER1WqT2y7tdZ8/TNkDAAAAACSNq9I6CoK0jjanCUHVoiGbJN1RsJbqCd1FF9PKYG1LFgnWcq5pVnDXzgYEeIf/+ot/kSqhir3nGz797l/6R28/GvmqtbSGBfGunekNC6KFX5NQbtGGBfFqtfA6syvUMsK2udVqKftGbw8+HggA0Fr+hVKZBiWfHwBQgkiQFm5UpZXjmt8e8dVsg3AjaEvXzmDNRdtYZwRQuQOtLI0O8G7/1N/9xX7OU2J1RwrWtduW4r97zuLB2eINCyaiWdeshgVmkWq16EJr0R1mTQGN3Z6oZkseFwvVps41yDgzgBo45/YVPE4BVdmrewAAgPr5qZ37mgRpVKRVb1e++YEk+S6jA0ld3yUcammwpgXmyGcv+p9XYwO805/8u79Is4IavecVn373L37X2/sj6UayWi2WR81qWOClVqGlrJe2VMOCaBCWHFWyWm3eemupv+9TlWuDtL0A1GZHrC2Dau3VPQAAQH2ccwNtznOPSwXrl12veyAF2Za0Q6gW17pg7a+/4bP3tsYrwhen+K6deS0V4F0omI+Omo2kIye7kdawIFlxNr9aLV6FFu6cVq2WbFgwPrG0+MfJQSYDtKx9k5VtgUt73QuYkozKOOd2pMXX3VzCTgnnBNqijH+TUYOSzw9gs5T5N53nvekG2oxg7Y58ZZdzri+pr82YvtqrewBN07pgbSt8F7TgKZbFd+1MV3CAd3DyRW8laW6AJ7/x04d73/krx5KuxyrQ5IO2WdVqGQ0LAkG1WtZ+wR6TD6aq1SLHzb49cpel3Z9VrRY9xiTjxQ4qty/piboHASCmU/L5hyWfH8BmKTPs57VYCjPrOee6Wt8Q6lJSz8zGS2mY2UDSnu8yO14GaA2d+q8FEdkzCjeWdSaLSE1vW5mb8m0ufVPOLet8Ocb20MkXvZV3SJqlN84/wyAtEnaF/w1DNZdSYDa9Ztpkh+R+yWq1+Q0LIh8X1bDApg6hvTMAtJhfmPpKyZfplHx+AMDq1nW5ojuS9qOhWpSZ9RSEtcdVDqpAvboH0EStC9bucdq5x0nLb5a6zQrpGhzgHf/EF721X/K3GksaftNnDEeRB9i0hgXR9dCSVWjjAM7Cmy1jv0j4pkjDgtitiUGEt2dVnSWndaZVs2VVuEXPzbsfANB2VSxR8ZivhACARbC8Qw3M7ETSad3jWMKFpBeZ2cG8zplmNjSzrqRna72+xmOq1dK1Lljbku1nh1rLbx/l0rd84V0lAd75lmxd0/826Cu2DlogOgVUihd+LdKwIL5fJKCzyHVmVqtlhG3JsCwqeVza7fF9zu3RB4bZJwQAtEBVz1EI1wAsqrQqWkKKuXp1D2ABl5JumdmeDwMXZmZnZtaRdJ/WI2Dr1T2ApmpfsOa0kzmdMq3iK+91CgzvCgzwLu9x6v6Lv/NLzOVvqItv+oyBpNNktVooNgU0JYALblfs9qzGBuEU0Ph0zETV2YxZnvHb5xw3u2FBuE8/4woAgBaoYT0dwjUAM/np6aiJDx6bPGXylqQ9P70zNzMbrEHAdjyvEq/NWhesacl3HJYJ4VbZ8loyoDt8w9/+JdZVa74jaRKIJavVYs0NZlSrpTcziE8nla3QsCAZoKUdN6OgLaWijfXVAKClfIfe1PVoSvaYX0gaANLslXju8xLPvUl6CqrCmuRY0seaWc/MCitaSQRsd4o6b0F6dQ+gyVrVFfTF//wzd6aTxBVSrRQFd+0s0vGP/q1f7i+yo39nprvEuYe2YrWRc+5Q+dYvuJtcGDLH+OvQz0r8L775M0/+/D9824Wk3XBttWjDgqC4K70KbaphQWK/lRoWRM0K0LL2nV2txjTQzbdX9wAANFpf9XVIu+mfOxwW+QIJwEbolHhuHm8WYGZD59yRpJs1D+VSwRtAma/jiuIr9Qb+b1NPwfqjdXYRpVptjlYFa1surVVyeknNaFalzaxrZN5Ta4B3oeXWLNnTcg9cpwqeEOfiHyhv5Dz8RSm37an+B955BpKGWXf6sPCRSbVaINmIIBStVkvbLzmdNP5B4pNFqtWid1na/QtWq0326c/YG5thr+4BAGgm/+batZqHcV3SvnOua2ZU9wMIdUo896DEc2+aIwWvZ+sIly4UvFY5qvrNFx9mdX1Vd1fB96DKJROkIFBkjfY52jgVdCHFT/e01K3ApgSzuooe/Ojf+uVGviPi1zbJG6o9tOwCkWukP5IuwymgsbXVIjtFq9CmqtVip1uxWi2zYUFa2JaybzRIS9+nLwBA6/jnAY/UPQ7vioIKAV5AAAilFGYUZljiuTeKD7Sqfmw+VfB6c6/oKZ/LMrO7ZnZkZnsKCkuqnCZaeaC4jloVrDmnfeekMra8Kgjwbv3w3/rlRr7z6pzbV/71VI5XnX7aZL/zys+66/yaY2EEFW1EMFWFFgmrpqvVIlNFFWlYELs1dqLJ7VlVZ8mKs7RqtliopulzTfa5Y48+wIP15iuzVX1TF3kFMIMP1R6rexwJ25Iecc6d+AoBAC3lnOuo3AqpRr5Gayr/2q/sdekuFayf9mwz6zTx9aaZnZjZgaSPVdA84aLEy4XTXzFHu6aCLvDCLu8aaauEa8tI5hdznB//zbf1yhnJavyT1YHy/bE6NbNuoQNqoJGp52TXkwVjsxoWRKvVUhsW+Iqx1Gq1ZHXZ+L7Ex4uGbdN3pjUskKhWa4vSWtUDWD++KqwplWpprkkaOucOm/jCCgu7VfcAcuiq+qleSHdQ4rkvmXaey6GkJ0o477mCAOlkXaqz/DTRnqSeD4G7Kn4tNqrVFtSqYG0RVZXwVRTgdXNepgoD5ftHf65y/8g1xvtf9VnDP/33f+nUma4GudckkEo2LAg+iFe1JfcLp4CGH48/WGQ66NTniWq1qX1TpoAmzxXsc2GPPrCp03nhVVD1MSj5/AAK4h8P+qp/TbVFbCvoGtpV0NiAF8Frxsx6dY9hWf4FMsFaM5T5moPHkxzMbOCcO5V0tYDTXSiYIXS07gvzR5od7Cj4vT3Q6n9nqVZbQquCNees8DnyZvlK1SoI8G794N94WyMfsJ1zfeWrXrmU1G1Zat4fSVfnNSwYaXZjg2iONgl1F1g3LWtqaOoU0BnVbONjpvbhwbodylyfRGKNEmAt+MCgr/ULDa5Keodz7raktHV2ziTdV+D1yqjGALAEv2RNmY9VgxLPvem6kp7MeeylgjCt78OojeL/PvUl9QsI2WpdV27dtCpYmzUVNH8F2XJzM/NaMsA7/8G/0dgpoF0FnbfyOGjbu8Xvf9Vf7f+pb/+lI4tU9yWr1bIaFkQbG+RqWBA1t2FByr6zpoYG+1yKaaBtQbAGtJh/cn+k/H//m+KGgu5sR4pMj/H/HRR1EVfV+iIAZil7ofxByeffWGY2dM4da/G/KWGYdrLBje+mrBiyXZgZBRBLaFXzArnsLbMZgIrdcg/d2TJbd4VLlca/85N3keKHNvFdhYX4tV2mqtAi65VNNyyIHD71QeKTharVInctU60WO2ZqnxOaFrRG2cEav0dAQ/m11IZa/1AttC3ppqQz/2YhgA0TCSHKctna1zXFOVQQmGW5UNCE4EVmtmNm3TaFakm+q2jfNz34GAWdRY+V3figV9XYNkWrgrUZuVr2ltUFNOdWQYB365/+9V9pXFWXc25P+d+Z2egOoPNYZLpkrApN09VqqY0N8lSrJRsWpO6oSWCW3Dd6e+Y+67fuCXIrO1iruv06gDmccwfOuaGCBgVldtWry66C9deGzrlDOogCG6Wrch+3WhvwFMVXYyUrqs4l3VbQ0XOv7WFaFh+ynfjvz56kZ0t6WNIdBWHlRZtfe+fVrqmgTnvJ20ZpVTYLKLxIP+OESw7v4gde9Cu9lcdSMP9k80T5/kDdaUMH0Fl+/9s+e/jHb731dBRZpDOrWi34PDlVNFkplgi5shoZTB0yo2FBNIxLVral7SMd2+sfHGZcDRvE//svuyPogXNuh3Ug1tZ9vHO/Ofw6aj0Vs7D0OthVEB72/BTR/rovgg2AaaDrwMx6vnjjTME0z2GtA1pTfqmlM7H29UpaVbEm2a5/dT/etlzWNqO6LMeW15IFcd0VvjllOlK+F9bnyvE1mdnAzFyZm4IS2vMcX5MUhIWDJY/px6rQEhVo8Wq1jIYFySqyRaaApnX8jMm6P6NabXLe3qyzYqN0KrjGtlrSLRhoKudcxzk3ULDwfltCtahwiuiTzrm+DxgBrBk/xbvMpgUSFWuF8VVXa9/VE+uvVcHaciGVpW7JYG7RrYIA787rX/Qrg6q+l4vya6vkWVflUkGzgqZWoFQaFv6nm5/dl19HYJx7+cDMMqrVwimg4cfR2+d+HLuQvzOrWi26b/paalSrtVunouv0KroOgAjnXNdP+WxroJbmuqQnItNE92oeD4DF9Uo+/50Gv76phH8jxtg2fuvU/btWpVZNBS1i/mbmKXJOKc06cMnTXaqBawz5f0yP5Dy809R3HtxqYWE37x/TkekkuG5QrZZsWBDZb7paLfxk/OEC1WrRuyzt/jnVbJkhG9VqLVNVJdmuc66bY02IoaRbxQ9HXZX/jjdQCxdM8e4qeO7RlN/zcwXjybv0RBnCaaKPOOfOFXRnY7oS0FD+OX7Zj2n9ks8PoAatCtYWKc8bzd8lXcGLri0Z4B297uDtw2JHsBoXdADNW+b8kJ/r3TgrhoXdFb+uIzNdT04BDcUaG1iOhgVRcxsWpOwbDdKyz0e1Wov4x4EqX3T3tOQTVv8Ct1f0QPxjRVMCB6AQLqi86ioIsJoSXklBqNYxs7v+395AzRqfFFS5P6KgmUu33qEASPJvGPRKvswli+kDm6lVU0EXUWB3zplbbtNzVi/kmrXQoP/D1Fe+J7W3m9qFxL+gyPvH8Naqf0j/S+85Z5JdSNPVatFA2LRAw4Lo7anVaJFDlqlWS14zuZYb1Wpt0634ersuWBsFQIFcMG2nL+lJBeuINSm0uiMfqknjRZj3lX8d1DI1coYBAEnBMi9lP7b1Sz4/gJq0KlhzrvgtrwJDut7rrr29afP0+8q3/tgdM2vyE85VOpv2ihjASDpKb1gQr1bz+86pUJvRsCD1oBnHRW9P7jPZ9zbVaq1TR0OBXg3XBDaSizckyLMEQtmOzWxqPVZfidpRELo1Se7lIACUx1e6VvEY16hiCADFaVewltGQwOVfIK2UsG6JAO/itdfe3s89+BI453qSruU4NNei/lXx79RX1qxghpNZDQvMItVq0YXWojvMmgIau31Gw4JoJVqysi1tn+Bd+l7G1bCBnHMHqmcq5K5fIwXro1v3AJAprP5qoofNrJt1p5ndNbMDlbOGYh53mAIGNE9kpk3Z7rC+IrC52hWszQiusrp2zgrj8mwFj71RLx79C+mbOQ5tdAdQP7Ws8mYFqSe89TlD+Xfgl2pYkJySOatabd56a6m/xnOr1Y7s9Q828ueL0nRrvHbPP1HGerjegM5VebZB3d+4svm/X3VUns5yKelFZrZQ5YevGH+RP64uTAEFmqunat4IpFoN2GDtCtZyBGGZgVvOyrMCA7zT7/3CtzfmnU+/SHk/x6GXanYH0H1Jj+U8/LCMJgzRd7zTGhaEH08OWODj4MTxOxfZN7PzZ+x8F/b6B3tTX8iCPvJG96l5j0U9/HqEeSpXi7It1jEBCmFmAzWn6utc0v6ylV9+/zrXXes19XkO0Ga+KOBGBZc69Y+lADZUq7qCps2ozFtDtkr1Wer5MqZ7WnZ/0Ca967Gj/OuPlRI+FcFXvAxyHl5mE4aTkcXDvpnVatJi1WrRu5ZpWBA7NrXirTvjqJk+8kbXlbQn6VfzngO16NU9AEnXnHMdnsgCqzOznl+D6GqNw7i9yjqsPtja90tW5Kmuz+t00eo6FM85d6JmPWdeBBXXFVihKCCPXkXXAVCTdgVrKRlVVmyVzBtWVXCAd3H7hb/amGo15Vt7TAo6ZfaLHEjBBsoXFp6W2YThv3/7c+8+81VvOR7Jrier1eY3LIh8XFTDAps+JHK+O/b6Bwczv6DZeuLJyFrx1WpNWeS875zbb+o0c2DNHChYc63qtRMvFCyrMCjiZD4kHCh4QV3213Ip1hCs2zXVW0GNBoqsq1ZFh2Oq1YAWaNlU0MW3LZe+5Z8CmnG+Jcflt15l37TyHBfVKbMMKzQruFAF69GMNJkGY4o0LFD01vDDBavO0hoWJO/PqnCLnjvasGCFgNFXq+1KGuY9B2rRq3sAEbtav0qFJmpkVTGqVdN6a7cVTP0cFHlSf759f/4yMQUUaKa+8hcGLKtX0XUA1KhVwdqktGaFJgIFbzkCvIujF/5qP/cX0AznavAivis2K6ikCcOH//7zTkamy2gx2fxqtRkNC7JkNiOI3J7dsKBnr39wmH3yuXr+v1QbrYmGVauFrvt/08iJij+E/NIND1dwqQtJ95nZYVm/f75r6KGk+1TO2mtMAQUayL95XlUV4zHVakA7tCpYc84i2yh1i4dvRWw5x5q99XKftDkGTX2h1sRmBTOcjBsWxH7dElVnM5sQRP8757jlGhac2usfzP2C4iNvdD35KTpPe6CZa/AhVb/uAWQ48v+2kd9F3QNAM/iw6E5Jp79UsEzEXlUvRs1sYGb7Cho0FNk5tFvguQAUwK+xWNUbgJfajNdtABbQqmBtEfHwrYit0ADvUlquE1ZD3fBdeBqlwc0KUlnQMEKrNSxIC8gWnDo6Pm3qOVaZArqjSUVjkS9yUCJfFXa17nFk2Faw3hoLQudHwI2oroqv8rqjYNpnr+DzLsRfd1/ScQGnu8UUUKBZ/POUmxVe8ojHAaA9WhWsbZWw5ZUzqDv6ni94RyMrvXJo4ovcgRrYrCDL//gHzzsZyS6XalgQNStAy9o3K0iLn++Wvf7BVV6E9zT5OfBifg34f8tNn/J0Rc0fY5MN6h4AmsNXnXdVzJsfpwqmfR7U/SLUzIYWdLK+z48rj/MmryHbQIO6B4DN50O1vDNS8rjgcQBol1YFa87ZeVZolVcZYd2MAK+fe6DNs60GfT1Nb1aQyXQS/WTy4SLVapG7UhsW5KpWO7VHH+jNOGqmj7zR7Um6EblpU4LkTddXNZ21VnXdTwPB8jahWhoF8ksfrPKm0oWkh8ys07Q1iPz00I7yBWzdwge02fg7j1I55w5Vbagm8TgAtE6rgjXN+ONd/BTQwgO8O69+8GyY+wTNdM3/savVOjQryDLy66yNzfo4s2FBWtiWsm80SEvf51LBO/2r6Cc+p2Kt4fy/4aoWAS7CTZoZLM9XEuWt4MGG8ksgLDt1MgzU9qpeQmFZOQK2WxWvtboJBnUPAJvLv3H+SMWXvd20NwsAlK9twVrtVgjl+nWPvSQ930mwFmvWrGCKfcdfO5F0udQaapG7phoWJO+PhWqaPlc8sFupC+hH3ugONL1GFy9QGsz/+6n6CWsRHnPOdeoexBrq1T0ANNKhFltvbW0CtaQFAzamgObgn0exnioK5Zzb8aFaVY0KQud1LA8DoH6tCta2nJW+leTyHz1wvqnTcLZV0xSjdWtWMMO4icFUdVkoWa22aNg2fef0uQN37NEHVukCmrVG1zDvOVEuH4gP6h3FSk7oFLoc/w48VWuIWWC9tbUN1JIiAdvHKqjUi37NvJjOb1Of46IGkecnVYdql2IKKNBa99Y9gCo52VALdq0zuVzXKClc65dx0ga54pzr1fBO70Br1Kwgm53IIk8eZjYhSHwSrVZbtmHBJMi70OpPJA4l7SZvfNoDTKlpIh9Kn2g91lXLsi1p4Jzr1F15uma6CipJ1/lnj4KZ2ZmfYv145OYLSb11D9PS+KnRXf9YeCBpj6lfKzlS9SEINpCvRq/r+UntM1nWyFDSrboHsaI9lfu4dar1fgNbalmBRKuCNS3xw3UzV20vzoIBXr/kYTTBTefcSVV/kNa2WUEK+86rJ+4bTy9lFnkSscDU0OIaFhzYow/kXmfuI290+0pvf77I1CJULFLpmeffT9MQri3JzIY1LQSNhjOzE+fcbUn7ko7MbOOrkHy1Xr/ucaw7H8yeasE3v4E0vjlR2vPJKhxv4psIZfFvTvRqHsZKfIhbZrA2YHmB9dKqYM1FMqy8FWmZkutTLWiBAO/iO17w6+v2gi/vk6MT59x+2c0A1rlZwQwnkq7Prlab17AgZd+phgVT+zxsjz6w6u9nP+P2dfu933gVh2rnCn43yl7DjXBtSWbWd8EfVMI1xDSrmrtYfur4zrz9qFzLrSvpyboHgfXjp372VV8wey6mggOt16pgTZGKtcIr0jJyugICvHV7x/dYwR+XM6VM7ZtjV8G7F6X9cVr3ZgWZgifyPizMqlZTvmq1rOmjK66rJkkfeaPrKTukaeb3uqVqqFTr+iqGtKYWRQvDtW4bqmyK4MO1odZ/SjAQPjfYU1Btt+c3Kcdjj3Ox530XCp573lXwN20oaUj4Ns1Xwz6s9WyIg5r4Cuqe6vs7dCmp09A33TeOfy7alPVxyx7HXgMabd1t7GvfBmpVsLa1wjzfUc7jCgjw+queoEJ3zKwrjavCnshxjhvOuUEZL243qFlBmhNZJDCMd+tcoFotZd/o7dP7nGvFddU+8tNuX25myT4P5A3h3w0+UXWh2q3IH/KuqlnTa1vS4865hxr+b70xzGzgfzdYHwlrw//Odvy2r3If13Y1eZPxWmQMUhC6nSl4XjKIvngxs4KnVawHMzvyISePJ5ipAVVqEqFaHfaV7/XlOrqu+h8LTxX8rcQCWtUVVM6CyrIc21bWpmK3hIt/+PlrMw00FrT4d2Nv5zxX34dgRRtoI5oVTLN/1Lkr6c7MNdKS66MlGxZMdRXV9LmCfS4ldVdZV83rz8qdn/YA7+g3gX+Rc6bqQrXz6JoS4SLhFV1bkh5zzq1UidkmZnbXv6HysQoe8y/qHREwzTl34JwLqyyfVFC5fl31rhW5qyBse0TSO5xzd51zJ865bknPgdaCfzw5rnscaC6/ltqTqn9Nvi7VPABCrQrWnOzMaaS0bbKI1JKby9pURIA3qOY7s7Kstcd6yrcA/bYKrtTbpGYF2SJBVLJabWbhZNb9GdVqQai20hOJj/y0O1L480gf2+kq50cx/BSLd6jaKRbd5A2+grXKF1o3nHODNr+4XZaZDc3s0Mz2JD1b0sMKfmanImxDDSJh2l0F3Uqva/klKqq0rSBoe0zSH7Q5ZPPh2kMKnl8Cksb/poeqr0FB1EMsHQEgqlXB2rf/r/8+s8LGyQreCgnw1uUB+8xXlcT4oK2b85zX/Iv6lW1os4I0J3MbFmRVq0X3TVa2RQ6X2S179IGVfi8/8tPuQNKNObvxDmCNnHM7zrkTVb/WzcMz3v09VLWdYq9KGjZgfYu1Y2ZnZnZkZl0z65jZnpm5Ddw6dX+vEecfu3r+xXcYpq3rGoBhyDb0AeFevcOplp+Svyeq11rPOddxzg0U/JtuQjjOkhEAprQqWJMkJ13kLCaLbfmvv1RAN1jhUo3gXyTfynl4b9Unkn4aW95pXc1tVpDCvvu+oaTzQhoWxI4d73Nsjz7QW2WMH/lpt6e0asTpMQxWuQ7y880ChoqsB1SRO2aW+W81EtRXWcGwLekJP+0EQEM55/Z8ZfpQQTVLE158F2VbQUD4pA/YmrJwd+kiU80/RkEVLNXsLRIJ1J5Q/dM+Q4RqAFK1qnmBJDmnoQp4wpUVriUzjRWc/x8zKuzWiZn1/Iv1ZadibitYMD3Xk0g/fSJvx7rjtfzDGaxt56dYrtCwwKYOOVcx68wt+vMYFHAtLCGyCH3VgZqUWKMxi+8Seqj8nX3zuukfww7p5gc0h/87f+i3da1MW8Z1Sdedc8eSemmzBTaRf2PlyG/ylcR7mnRv3Ze06pTZHZW75l7YIRZz+J9vT80J00KEagAytS9Ykw21wAO15axLc6uUs8WtyzTQRR0oX2e/K865XnQx8yWcKF+Ieh52N11DfUWnWaY1LIhKC4It8YnpQmadVZsVxNZVS2MKE+vzpz2wNtNv114DXpgGzTAWnHJtZmHFxrzpxEW7oqB67VhBwMbvKFAjH3b31Y5ALem6pAPn3FHO50drrYw3OHyYU2a3wX4bf1bL8Eu3HKrepiJZCNUAzNS6qaBa8N2i4tdcS99mGBTxxTaFf1e1l/Pwm8tOffBd/fK803WpNW4rbK/+3DNJlzNLJ+dVq8U/DtaZWz1U62rxIGSwyrWwmHAtIk2mTtX14nTprlq+S++dksYzz3UFax712rioOFC3yBqQj6udoVpoW8Hzo7M2TQ/FZvHTuHu+ychjal6odilCNQALaF3F2pYLyuZHK62UliLnFNAZ4drarO21KDM78u8w5wm8Tpxz+4tUiaxYzTKQdOgKLD3M0C9xCseJpOup1WrJ2aGxUE3Tv8emjn3/C1btALr4OndB1dpglethtgZUqEU9vEJXra6Cf691PAnfVhBGHjrnDnnCDVTD/33PW42+qa5IGvBYhHXiq9MOVM/yE4u6lNRZp/WWAdSndcGafMXaVt4kLEtGDpMzwDvvfd5vbuo0o67yTQndVVDxtsg6X6tUkVxTNX/kByprrQ2zgSzRBXWhhgVT1WoPrRqqffin3Y4LvtZlft6DVa6JbP5F6UD1B2pSsI5h3sYiMrO7furOUPV9PdtizRygEv6FeNXrK66LbUmP+TcgC+moDhTNv7kebk14HjLLuaSDtqxjCGB1rZsK6mRnBU/ZnGlLlmcbFPcVN4v/A9XNefgN/0cZs/kKoJQKtai0hgUTD9nrXtBfZRAf/im3I9PAlnvydMr6auXx77o24Z3X4yLWMfQVrB1V2yk06jbNDIDyEaot7Ibvjgo0gnPuwHezvatg+vZ1NT9Uu6Og9fUf6AAAIABJREFUUm1Y90AArI/WVax96+e98+63/+yzLrXkg3pmuFZw4ZtvmtCEF76lMbMT59wd5asM6zvn9lg4PJt9z/133cNvOpdldAed9TsbhGwPrxqqeX0tP01v05p2NFFX+apGi3KnyOYgvlNoR9VX4l0o/7qRreGnHpe5/tMZfw82G6Ha0q4757TGTZiwIfzf5sfrHseSbtFkAkAerQvWJMkFLypj63zlzscKXorLB3gbHax5XeWbwrWtILChcm0mO1E01JrXsMDGdx/b616Qe3pe6MM/5foKg1OTzC38T2Ww6rUxm5kN/QvVOp7snit/xWqmmsK1hTuZtty+yu20d5943NhYhGq5Ea6hdmY2cM49LOmRuseygKBZF1XoAHJq3VRQbyq4chVti/jW579z44M1/4I0bzh2zTnHGiKzmH+hmewOahm3BY7tdZ/fXfXSH/4pdyQl1nhbzMXTHmSB2Cr4hgFVd9U8VTC1opQwyk9z7aiaaaFMAQVK5teEJFTL7zrPlVA3v5bqcd3jmOOOpD3+rgNYRVuDtWFdF14gfDuva2xV83/Abuc8vOec2ytsMBvGjp4/UBgwJKvVxjtFbrfCQrWu0jqyzpmB6jENtFpdVbc22bGZlRaqhSoK15gCCpTMTyEe1D2ODfCIDyiBOh2qma9vLhV0Jz+gAh3AqloZrG05nW05qYytAMNCzrI+egpeqC5rWwQxs5mdTDUvSG9YUGSotkp1wWDVMWBx/klkt4JLFdKoYFEVhGtMAQXK11fzFzhfF/26B4B2izzfqKvRUJpTSfurdCcHgKhWBmvfcv87B9JIs7d8CgjnWjUVbsUpoVecc70Ch7NpepIu55SLHdv3VRSqza5au3zag0ZQWrEKpoTeqmONnxLDNaaAAiXz6yXmaW6EdDxXQu383+Vu3eNQ8LzgIV9FP6x7MAA2RyuDNSmYcjl7SuYodZsfyC27TWlVsCaN/9jeynn4Tf8kHAl2+/OGkvYUrm0Rr1a7lOlWZaHaeFCZ4RqhWn26Kj6ACp+49go+78L848qeipt+whRQoBr9ugewgQ799FqgNv7NvLzP94twrGAttX6NYwCwoVrZFdQ7U7Rr4oIKbgKqlHCtlVOMzKznnDtQjp+Jgifhe4UOaEPYaz7vrqSu+9p/e6igO19w+2s/f1DE+QuY/hkiWKuJmd31//aK6tx4oaCzVu1vEvivraPgMWLVChimgAIl811Ad+sexxwXml62Y0f5nr9UZVvBOle9mseBlvPP9/dVbVXqqaQeFecb4UxBN3AE9rUeXXdbobXB2pbTQCmdCxdYYH0pyQaM83zz/e8aFDyEpfk/PMVniPOvW8gCu3WNv8nsn/wvd1XwGma+++d0o4K5g5HMxX5AF0wDrZeZDZxzt5Xn5xl3Rw0LoMLp5n4q1M2cp2EKKFCNpnSxPFXwN3Pot7NFH9d8Zdi+gjf89hRMS99X/WvGHTrnjpr0+IzW6ir491V2GH2hIFDrl3wdVMQ/fg3qHkdTOMfL3SZpbbCmoEJmqtKm6F/PrN/3ogM8oEof/inXV0ownROhWjP0FKx3mLda5OEmLwLs3yUfKPh9W+YFLlNAgQr4Kpa6qr4uFDw2nKwaome98PNfX1erPc6uYttfu1/DtYExX03eVfDvpIzAmUANQOVaG6x94+e+6+53vfnjz1XTk7iMvK2JraiBsQ//K7cj6UjS9ZVS6HjVWn/1kWFVkSe6y04JPVdQpVb71M95fGXenpabGtqoCjxgg3VruOappCO/9lOp/GPkoYLKsQP/8dWyr5tAsIZGMLMz59yhillOJHSh4PebyswN5t+kYM3IQCGzvVCM1gZrkuScnSgM1gouIbN8qQN/BNBYPlQbqNgw+vxpDzY/kGmLJaeEXip48tord1TFikwNDdcbmvVuOVNAUSiWKpgpb4fwPC4VhOa1VEz76574gO1I1VWwXXPO7RA6oAnMrO9DklWXoaBCrV2OVP2bEsBcre0K6k2eUM1uEbr05pylb5q5DSv6uoGlfOhfuX0L1pmZhGqrhtFBh9D+imdB8XoKnqTOckfS/rqFalF+2uqegq8lDVNAgYr4StKqwqVzBZ0Ba1+GwI9hX9mPQ2XoVHgtYCYzO1RQOZrHqYIO5HT6BFC7Vgdrr7jv3WdOusiTneU2+8TDVU4NlOFDP1nqOhj9Es6JFYQVXRl3n0q6z8wOzNb/jQAzu2tmBwo6TCWn4jMFFKhOVdNZziV1mvRvO/I4dFzRJZk6hKY50Pw39KKOJT3bzDoEagCaotXBmiQ52WBOFVnqtpWxrVrsBjTJh37SHUl6TBaEalNFaqtVrR0//cHmvLjBhF8L6FbkpgtJL/JPYgf1jKo8ZjbwXYkfUvC1MgUUqFYVYc+lGhaqJRyqmrV2OxVcA1hY5A29yxm7nUt6WNLHmNlarOsKoF1avcaaNF5nbaq7oVm+mMvR7xMb4EM/Wcp6akn9Es+NFfkumnuS+m0Jmfw73/2ahwG0URXB2mGDQ7Wwgcyhlm8gsywW/UbjZDQzuFTwN7lPkAag6VofrL28896TVw/+4qUS09ycqyYgSwR4g0ouCszwoTsu6BrmElM/TZIb/2fq9iVdPP0L2hHWrDMz69Y9BgCtUHbYc7kOU8Z8A5myO9aXeW4gt0gzgx1JJ01YBxEAFtX6YM1LrVqrQlUBHjDPh+64HQWLtWd3Z8oK0ZYP146W2hsAgPzWqdpl0rF+TfgwZN3/rpcd7nadc52Sr1G2ftkBtW9mAABrh2BNkgvKjK9Lqzc6BNbRh07cvpz6Snb9zAjL8hWpjYWl/QAAVGFQ9wCWMKx7ADnsSLpa9yAablfVdb4ty6DuAQBAU7W+eYEkfV3nvQPndOGctJWxrdqUgCYFaKoPnbiepHdo0XfIs9LnxVPp/tO/oLnr3AAAAAAAsCgq1iZONGMKnCs4DSNcQ90+eOI6kvoufAc1rQytnKq1dZ8uAgBYL526B7CEvboHAAAAlkOw5rngxX722lJLqmNK6Xtf8Yf2JHWds7A07uQvfMf/WKd1RVCBDz7udhT8vl9PbUawiPxrrR0//QtsuOzlAABYQRVdR4tyUPcAAADAcpgK6h1efe9Q0mlR56t6iuh7v+EPHcn0pKSb4830jvd980cNn/yWe4+e/JZ71+lJJUrywcfdoYL1W9KbdaQlwjNS4hwBMtVqAICkspcH2HbOdUu+xsqcc3sqv3HBecnnBwCgdQjWYqwfRAWLbM3xnpc/7UjmxtV2Zi46xF0L7nvHk6+8d/jkK+89evKV9/JuaMt88HHX+eDjbijpEUnb4zss9p/lLL/W2unTv8CooAQAJFXxt6HnnCu78+Oq+hVcgzVOAQAoGMFaxOHV9/Wds0vnTPO3Ueq2eDBXTGD3nq97WkfRKazJU1js412/7+PDV917d/iqe/vDb723O/y2e5v+RBM5ffAnXOeDj7uBpCe0aDeq8qrWeovvCgBokSqCtV01uCO1c+5I1XTWHFRwDQAAWoVgbVp/lYMXC+WytxwOJclMkk0mkyaq1oLPFf1c2wqmAz4m0x8Mv+3ewcXNew8vbt67l2cQaJYP/ITb+8BPuL6kJ2RznqhXU7V2+vQvsEGeSwAANl5V1czXnHMnTatcc871VeA6v3NQOQ4AQMEI1hKcs6OCg6+ydaaCkdlVa1n3XZXpEUlPXvTuHV707j367VtMGV03H/iXbv8D/9L1JT0p6Xru39jiq9Z6eYcCADOwfugGMLOhpIuKLndN0plzrlPR9TI55/accwNlrXtajkGF1wIAoBXoCprwsucNh6/5+b1jZTzJaV645rbjJUdO8mM0c3KycVcEMxcbv5nkwkI2CwreXPDxrpxumHTjt2/dKzndkdNA0uDPf+v/xzudDfSBf+E6cuopnEaS7M45r1unv7+kDqFUqwEoS88v+M66URFm1qt7DDmcqLqqrV1JTzjn7kjqmVW7/qf/ne2p2kBNks7NjH8rAAAUjGAtXV/VP9mRpOWnJpjO5dyVICXzWYY5KRKojcuJop9nhS7pH1+T6Zqc9Dt//94LSQPJBnI6+XOvfIonaDX6wL9wXQXTga9kBVy5wrKsA2ecbMZdvTyXB4AFbKu6MGad9OoeQA59Vf+zvKZgeui5v/6Jr54rnJ9+euC3a2VcYwF05gaA2e6rewANwuv8JRCspXjZ84aD733L3qkii8gm1yhblaVPnttX8I7tEufRmYu2Zk+kG9NVagtXrUWCOkWq3rTrnK5Lui7TY7/zD+45d76aTU6DP/vNBG1l++//3O0pCNO6TtrOTM2aUbV2/PQXUq0GAJjNzM6ccxdatNFOsa4o6Jr9iA/ZzqJbniovP9V0T8Fzu31V05hglkst+RwTANrGjNctyIdgLVusO1PRU0ALjOnOZLou51Ry1VriGBee9IqZrjgXvMv8u99xz7mcBmHY9me+kaCtCP/tDW7HbelAUlfRwFeJ36WCqtbG+69etdZb4rIAgHbrSXqs5jFc8dt45oIL3oE812Lv3tcdoGU5YRooAADlIFjL8DXPHZ5871v26nrndBmDeeFKCVVrsf0TwdsVBWHbDeek3/uue4Kpo04DJ5396Vc8xRptS/hvb3DhtJEDBVOeps1KzXJWreUyfeztp7+wnCk1AIDNY2Z951xPzXzudWX+Lo3Wq3sAANB0/m8QJoZm1q97EOuAYG0GJ+uZXJXvnHaWPeDjHvnw2bsffroPNWqrWssO24Inx9dlum5Oev93b11KOgubITinsz/18hHvoHr/9cfdjoLfg3GYFn5fbSS5lD6+Da1auxRP4gEAyzuU9Hjdg9gwt8paOw4ANszNugfQMKcK1iDFHARrM7z0uRf9175lt6cK3jm1VSaHmjs1Z1cLqVoLG4yuVrU2vc9krNtydlXBVImbJuk/vnrrQs6vZRIEbmd/6uH2hG3/9cfcvqSOnDrKu6DxglVryZ/j0udacBwm9Z7xQqacANCw7gFgvZjZiXMuts4tVnIhmhYAAFAqgrW5Rj0ttd5HSknRAlyQaO3lOlgaSLpaSNVaVBFVa4njkoGd/++ugvDymvy7BL//yNaFnIYKppEOJZ39yRujjZhGevmjbl9OQZgmdZzzwW1WpVnk+7pq1drCko0MlqtaO3/GC40n8QBkZkM39Q4LMFdXQeOA9CUQsIwua6sBAFAugrU5Xvrc3+m/9i1/rqeFq9ZGq1wub2XcQOZumrN4NdKsqjULquRKr1pTSvZiLjhR2nknt+06065cGBhKv397S87pwjkbKgjc7iqochv+8Zc2c4rD3R9x+5L2nBRWpe1L2s6s7Ct2jbPU+xaqWlv2/PH9Dpc8M4DNRvURluID2a6YErqqW3S4A7BhBuI5BRqIYG0BzllX0hNlnNssnlS89i1/bu+lz/2d4TLn+LijDw3effiMyC0LVK0tuqD9nKq1IBTKWbW27PUDu2Zu1zm7Gr3vP73Wyblxx64zH7oNJQ39eM7+2FeW847tHxy7jiS5IDTb8eHZnqQrM6u8lgi3Cqlay7nI2szDpu88fsYX8iQeQMxAPAnGkvyU0IclPVL3WNbUsZn16h4EAABtQLC2gK/+nN8dfN8v/NlS3nGPVox5e8q3Js2pzF2NVa0lp32q+Kq1mOKr1ibHxYK89Oua6Yq/Lxa6hcf85+8fJ3rhNNPouYaShuEx49uD/+7LaWfyqSQX+V1YYIrk3GXNCqpaS/3+pO2nAqvWJrddSlSrAZhyIhYDRg5mduSc25d0ve6xrJlzM+tWeL2hpFsVXg/1GNQ9AEBBEQXQOARri+uppKq1hH3l+cNlGsTCnujaZ4pXrU2FKsmKtvh5J6cbnyz+cQ1Va5OAMO388+1qetptemiaFfZlfh/mj73MqrXM8c8azwLHL3jY4TO+kHVcAMSZ2RmL0SMvM+v6dfoI1xZzrhxd5lfhO472qrwmgNbaiDW3sXnyrbTfQl/9Ob87kHRcwaX2ch43kCSZb4MQBmIW+Xj8uYt9nqyZs+ix0cOjn08V2sX3iX2cco1wrJnnTV47elvWtZP3WcrtyfNPffHzr7GQlOPnnTJr7Jn7Zyznt+jYZ/4c5x44ddvpM77Q+jnOBqAdenUPAOvLV189XPc41sCxme3TrADApmLdSDQVwdoStpz1tpxdbjlTWZuCirWlfdztDw1kuozfOgnQghAl+XlkV3Ozw7Ks0CcWREXOnwyyUj6eutyskCctqEoEc7lCokXMCRpj96WHTrNvW2LcCwd+s86/7PcpLeSMu1TQwQ0AUvknwqd1jwPry8yOJL1ISj7XgXer4umfAFAXnk+gcQjWlvCVz/m9oaSjMq+x5SxXsOYNJJVXtWYpn6fJCJI2qWptoWyqzqq1BS9cUNVa7xnXmtmVFUCjdEUoghWY2YmCNyDP6x5Lg1xIuo9GBQBapF/3AIAkgrXlHSl4ElOW7e//xT+zk+tIcyexIElSoVVric+npojmrVpLhHyp18u4baGqtSIq2bLOvy5Va8vcN2P/lMPuPOOalRo2A9gMfh2mg7rHgfVmZkMz21cwNbTtQe1tSftMjQLQMifi8R8NQ7C2pK98zu/ddbKyOx/mrVobjD9KC5wKrlqLnT8pI1SbmefMqlBLu23RqrW020uuWksNFRc4buqa874O1Vq1xhRQAEvxAQDT+bAyPzV0X9Wsf9s0pwqq1A5ZTw1A2/jHPd7YR6MQrOXwkue8/8TJ7jiZSto6ecb1ca/54FDmzpeqWktUqSU/j5kK5uZUraXcn/ZxWtVaZthTQ9VaVhiXeu5lq8RyVq0trNyqte4zrvGEHsBy/HS+jpjOhxX56rWupPvUjjV3ziW9yMw6VKkBaDM//Z3nEWgMgrX8DlXeO+6dFY4djD9apGpNGZ8nK7aSVWvR/VIDmpQpoX7/RarW0m6bVbVm0WAu7bppty9YtTZLanCYdZ2sU886dsY4aq5au/2MAztZ6ggA8MzsjOl8KIqZDcysI+ljtZkVbGGF2r4PpgEAwWtmnkOgEZwtvGATkh59658+lPTISidJ//ZfvuQ578+1ztq7X/bMfUnvkLMg23K+Zs35i/n8yYX3jT8P9098Pj5WiWMjtzn/qUvsE35xLnGO6P6a3B7cZrFzT51X8fNEx+ecxXdKjj/ttln7JsaYeUzKvpnXSTtu3rFTO6eMSZLLiMnTvtfTO6Tsl8Xp/JkHKzXZADaecy6cplYKHyJsDOdcV8H6a9dqHspGsLR3m1rEObej4PfpUNKVmoeT14WCBbr7fn1CAEjlnBuUePozs9KXQcrNObenYM21dX2sb7rTTXvOWRaCtRW9/q1/YiDpqumeok/97Jd89vvP8hz47pc9cyhnu5LG4do4tPK3jYO18eeJQCsRUmUGYxlh2yTwSYZ5aftEzxm5bjKASwuA0sK1BYK1qa8pa/+021PCsqlwbYHrJD6cfezUzun7ZIZrMwLDqfHMfjl2Kaf9Zx7wJB9AOZxzHQWh5E7kv1gCT4In/IuuA79drXUw850rmHnQN7NczwEBoG38mymHkm7WPZYNRLC2oHvrHsAG6Eo6c3pqu+DzdiTlfVJ1InM3xiGVgtoxJ6ewiszMf+7Cz51cJAQzc5NwLdzfxU4W+9jkT+UW2z/tY3OSs8mYJrdpOuxJuy15Xzi2rLEsaXyexPlnjmHGuDKHs8IYMy0z1tnX7/7/7d1NbxznYQfw/xgtWjNtSClxkrYozB6iq+iLZJ/CfILIfUFT5EWknRgN4Be6RZFDD5W/gYwol6CJyU9Q+RtQp8Q6UdewKKRjbFQWD9Gp8fSwu9Ts7Oxwdnb5qt8PILgzO8/zzAqGAP/1f2aFasBxGj47aveUb4MLYtj2uj38SVEUNzIIbNdz+kHbKEjbS7KrmQYwu+GXGdwqimI7g4DtRpKXT/WmeO5orC3AL3799fm3hE76+K3Xfnejz8D9d5bWUgy3gyZTW2v1Ztqpt9aa1tVaO0uttQ+WXi9vNc8OAOdPURRrSVYzCNtWKz+L+p+ygwyCsyfD3w+TPPTlAwDHZ/h3+3qe/d2+EttF+9BY60iwtiCjLaELnPLgrdd+13v7y/47Sw9T5OVFPmvt2fWjg45hW8uz1p5dU5kz4/fUOG/l+vrcx/KstS5j6vd0xNqtoVz9/YYxY7fWJVhrmX/sXpvf/3jp9bJX0AsA59Vwa3Jd/dwoOBs7N2xRAAAXnK2gC1KkvJHBv0IuJ0k5/16+5V/8+utrb732u/7bQZP3MriZDJKn4VdyFsVoL+izXX/1LZqpHVc/TsetneMJTWUL6rR5h+fKonZP07ae1oeWo482vo21zbTtnWP32VHjn2V9ncYBR5zr8H51/vKL5nBtYui0uSZPP8hgyzMAPFemNMuazgEAz6kp3RZm9ePXPn2SSvhQpFzEzzwNoe2UGaRUFRNxU+2a+heJTR6Pjy0rrw9/ldOvb3rdWJpsuu/G6xrmnvLe1Hvpqj5P29pt6zSca5ziqD+jPma518HxQZKNpdf9qzsAAADUCdYW6MevfXq3KPJhMdyWOMvPFL2DtW/+7OleBl/VPlAN0EYNtrEwrJgMvtqCqA6B2fiYanjXMu/wXD2wa5q3cehh+NW9bjYtKJspzKrfU1N41jFkOzL0m/J+df7yi45Dp8317OX60uu+mQwAAACaCNYW71YGW+dmMiVwu/qfv/na6hz30r21Vj08R621sXOn2VrrMOaoc2ewtbYpVAMAAIDpBGsL9qNXD7eEHixoyt6ttbLM9viJXLjWWpOJ1lqHQEprbcLm0t+W20fcBQAAADzXBGvH4EevfrpXpNzo8hy1Dtb73seVO08fJrk30VorG1a+yK21+r3Nsn6XeS5ea23nS0I1AAAAOJJg7Zi8+epnd5N8eNR1HcK37/zyNy+t9L2Pxtba2GuttaZ1q7+fs9bazpf+rtw4YmUAAAAggrVj9earn20lubeAqTb6Drxy5+l2koO5W2tlS2ttGL6dSmutaa1FtNYm/iyOmOe0WmvzNNgmxwrVAAAAYAaCteN3I9Vv5+xnY57BY621pkZal9ZaWo6nvde3tXbENtOuYdJcrbX6mj3GnEhrbdotzN5aE6oBAADAjARrx+zNVz97kkG4Ns+XGVz95W9eWp1j/O0kDQFZMfnMsrPQWmv6BLVwrGtrrS3A6txamzbXBWitDefZ+dLfC9UAAABgVoK1E/Dmq5/tpSg2UhTp/ZNs9V3/yp2nD8syHx+eqDfSkrS11ibCt6bj6vkjwrNy1JJL9bh2/bTW2lHrT3lvrtZaH22ttQ6h39RzM9x/l9ZahGoAAADQm2DthLx5/dO7STZ7T1AUG3Pewu2yHnolk621pmBsltZaJsOkxmCuds3Y66YgLZX7OKq1Vl//rLXWmnRtrVXfnzFwawjXdv7sH4RqAAAA0Jdg7QS9ef3T7SLlTodvAm36Wf7VJy9t9F37yp2nu0keHJ6Y1lobvT26Zuy4cmnj+MrFfVtrLeMW3lo7rvbaEUHj2Hsn2FqrEaoBAADAnARrJ+yN659tJNnpOXxjzuUX11qrT7Go1lrLGqN7nTrvrK21NLy3iNZaXyfXWvtAqAYAAADzK8q50wD6+NUnL+0ludpj6N+8cf2zh33X/e3bSw+LIi8flsWKclAcK8rBqSJJRueGh03X1N/L6FFwGT8uGo7r12TKHIdrVD5AkRRF2bxO9Vzl+vrc9fEpKuvW1qt/pon7TMv5tnuaNq7pvYZ1jlyzfnuD8wdJtv78H8vt5qsAAACAWWisnZov1pMvHiRfZMafW3MufOtEW2tlw3GT56C11rpztWV76oJaa4+SrAvVAAAAYHE01k7Rrz75ykqS3czeXLv0xvX/fdJ33bbWWlJrkS2qtVYds4jWWtu6i2itTdxf7XOkw/VNY+rn29ZpGnfU2ImLkyT3ktz48nfL3v/NAAAAAJM01k7RMBxbT/VLBbrZmnPpqa21we88+72o1trYRVPuasoXGLRGv20NtaZzXVtrTefPZ2vtgy9/t1wXqgEAAMDiaaydAR99cnktg+bacschB0lWN68/Pp3WWoaNr7Em2IJaa2l4v2Nrbey6nq21sftvOtextdY6puHaY2itHWTQUtsNAAAAcCw01s6AzeuP9zJorh10HLKc02ytZcpxvbE1rbXWtG6SalpUb2B1aa01nWtrrZVlPRVrWWLG1lrrXC3Xdm6ttY1N7qXMqlANAAAAjpfG2hkyY3PtZFtro+NFttYqr8fWG57XWpsyZ/vYD778T+WtAAAAAMdOY+0MqTTXujxzbRGtta2J1lr1OWrT2lOLaq01zqe11tZaa1nnUZJXhGoAAABwcjTWzqCPPrnc9dtCF9Fa2y2KfOs4WmvPrh8dtLTQTrK1Vpv7TLfWGsY1jP0wya3l7/mCAgAAADhJGmtn0Ob1x09SZD1FHhyGQ80/yynmbK2VxUyttalNqxmfw9Y+ZobWWtne/mpsrdXmPtOttfY5H6XMt5e/V24J1QAAAODkCdbOqM1rj5+k27bQrY/uX17pu86Vn/9+L8lOkvFAbWjYWxs/UVaDr2Is8KmHVFODsSlbROvXN71uDp3G73Fi62l9ng7vTb2XrqZsi22dq1uglnLQUltb/r4vKAAAAIDTIlg7wzavPX6yee3xWkbBV7PlJLfnWmjQWhv/RtKJ1loxHoaNvRhdXzuuzzfL65bW2oSm1lrTc9+ahh5na611kto9dW+tPUry7ZXvl1vL39dSAwAAgNMkWDsHNq893kh7uHbzo/uX1/rOf+Xnv3+S0RchTG2t1U7UW2vVt89Ca61h3ol5TrO11mFMw7kPk6ytaKkBAADAmSBYOyeG4dpmyyVztdau3Hm6XZa5N3byqNZabRuo1tqxtdbuJXll5Qfl1soPtNQAAADgrBCsnSOb1x5vJ3k9qW3bHPjWR/cv35hziY0kB51ba9XDc9RaGzt3tlsvNHgvAAAGy0lEQVRrB0neX/lhub7yw3Kvx8oAAADAMRKsnTOb1x7ffSHl+gspH72QMrWf2zv3L/X/IoM7Tx+WZW6NnbyArbUmE621DuHXMbfWdpKsXrpZzvf8PAAAAODYCNbOoZvXPt9LspbUtm4mLye1YGxGV+48vZ3k3kRrrSwuRmutaa22IOyI1tq0EG3ifPfW2r0kr1zaKDcu3bTtEwAAAM6yopypXsNZs3P/0u0k79VOvzIM33r57dtLq0WRvRRZTjH876NIUpSD/liRJOXw3PCwGBwXY9fXjpMUo8xrbGzt/co1h9eP1mu9pnquYd3q2qms3XB/9c8xdu/VcfXP1PRZM+X8+HyPkmxd3izvBgAAADgXNNbOuZvXPt/K5HPXtueZ88qdpw+TbE1trbVsrxxrqZUtrbXhltGz1lprnqv9Xqa10Dq21g6SvH95s1wVqgEAAMD5Ili7AG5e+/xuBltDHwxPXd25f+nWPHN+82dPtzN4ztfkc9SSdHrWWlqOp73X8LocPdst1ePa9UdsM531Swdmedba5OBOVx0k+SDJ6uU3PEcNAAAAziNbQS+Y2tbQubaE7r+ztJJkN0WujrZ6JqlsCX22XbIYbhVNdSvl2HbNcvr2yaLhuPL62fW19RqvqaxZu8exeSu/p20JrW8nXdCW0IMUuZ3k9ld+5BlqAAAAcJ4J1i6gnfuX1jPYDvrk5rXP1+aZa/+dpbUU2U2Gz1vr+Ky1sWuOetba6LjlWWvPxrQ8a61y7eG5rs9aq9xr9f6awrWewdpBMgzUfixQAwAAgItAsHZB7dy/tJLBN4Q+uXnt81vzzLX/ztKNFPmvzq21w+MTbK3Vz6U6x6m21g6S3C4KgRoAAABcNIK1C27n/qX1m9c+3513nv13l24l+Y+5WmvV97LA1trEGpUbP73W2qMk2yly+6tvCdQAAADgIhKs0dn+u0vbKcqbWmu1e6++lzwoitz+6j+X2wEAAAAuNMEaM9l/d2kvRXl11EhLai2ys9paa1t3Ma21nSTbL/2k3A0AAADwXPij074Bzp31JLtJrqYsBmFVmUHgNMpoR4FTOTwYhVJlBkMqk5XlMKAazlHm2eVjx9VBh4Mr61bWrK/RNGZsyrZzZS1AG7/3R0WR7SS3X/qJ7Z4AAADwvNFYY2b77y6tpCj3UuTlPq21wfUdWmuVMY3XzNlaa9xqmvF5qnNXWms7Sba/9rZ2GgAAADzPBGv0sv/ei2spsptkufez1oavk5ZgrG2LaPVZa7Xrj+FZax8nuVsU5d2vvaOdBgAAAAjWmMNhuFaUy8mUFtlYM62shWMzttYqr8fWG54/htbax8PwcPsb730hTAMAAADGCNaYy/7Wi2vJIFw7ndZaMhnmVdeo3OzRrbWDYZB2t0jufuN9YRoAAAAwnWCNue1vvbiaoryb5Oo8rbVn10++PsbW2oMU2S2Su3/xr1/s9v5DAAAAAJ47gjUWYn/rxZUU5XaRfGeiEXYcrbXD8aM76NhaS+4VRfZSlLtJdv/y37TSAAAAgH4EayzU/vt/eqMocispry6itdbaQju6tXYvRR4WyV6K7P3VT/+wu8jPCgAAADzfBGsci//+lz9ZTbKaIuspslIU5VqSlRS5usDW2kGK7A2v303KJymyl+ThX//7Hx4e48cDAAAAEKxxOv7np3+8miKrtdbaIHzLWHi2W2+tvXzr/3ZP/IYBAAAAagRrAAAAANDDC6d9AwAAAABwHgnWAAAAAKAHwRoAAAAA9CBYAwAAAIAeBGsAAAAA0INgDQAAAAB6EKwBAAAAQA+CNQAAAADoQbAGAAAAAD0I1gAAAACgB8EaAAAAAPQgWAMAAACAHgRrAAAAANCDYA0AAAAAehCsAQAAAEAPgjUAAAAA6EGwBgAAAAA9CNYAAAAAoAfBGgAAAAD0IFgDAAAAgB4EawAAAADQg2ANAAAAAHoQrAEAAABAD4I1AAAAAOhBsAYAAAAAPQjWAAAAAKAHwRoAAAAA9CBYAwAAAIAeBGsAAAAA0INgDQAAAAB6EKwBAAAAQA+CNQAAAADoQbAGAAAAAD0I1gAAAACgB8EaAAAAAPQgWAMAAACAHgRrAAAAANCDYA0AAAAAehCsAQAAAEAPgjUAAAAA6EGwBgAAAAA9CNYAAAAAoAfBGgAAAAD0IFgDAAAAgB4EawAAAADQg2ANAAAAAHoQrAEAAABAD4I1AAAAAOhBsAYAAAAAPQjWAAAAAKAHwRoAAAAA9CBYAwAAAIAeBGsAAAAA0INgDQAAAAB6EKwBAAAAQA+CNQAAAADoQbAGAAAAAD0I1gAAAACgh/8HHY3Mer5N+XwAAAAASUVORK5CYII=" width="158" height="43"></span></p><p><span style="color:rgb(59,56,56);font-size:9pt;"><strong>함윤식│선임│ITH2</strong></span><br><span style="color:rgb(46,116,181);font-size:9pt;"><strong>서린정보기술(주) SORIN Information Technology</strong></span><br><span style="color:rgb(59,56,56);font-size:9pt;">(03159)&nbsp;서울시 종로구 종로&nbsp;33,&nbsp;그랑서울 타워1, 16층</span><br><span style="color:black;font-size:9pt;"><strong>Office </strong>: 02-6947-2694 |<strong>&nbsp;Moblie </strong>: 010-7367-9633</span><span style="color:rgb(59,56,56);font-size:9pt;"><strong>│E-mail</strong>: </span><a href="mailto:hamyoonsic@sorin.co.kr"><span style="color:rgb(70,120,134);font-size:9pt;"><u>hamyoonsic@sorin.co.kr</u></span></a></p></div>	L2	SENT	1	\N	IT개발팀	2026-01-27 08:30:00	\N	t	t	2026-01-27 17:43:29.238491	템플릿 테스트8	2026-01-27 10:47:11.642359	hamyoonsic	2026-01-27 17:43:29.286943	hamyoonsic	\N	f	\N	hamyoonsic@koreazinc.co.kr	\N	\N
38	시스템 점검 공지 테스트 26일자	<p style="text-align:justify;"><span style="color:inherit;font-size:12pt;">안녕하십니까</span></p><p style="text-align:justify;"><span style="color:inherit;font-size:12pt;">전산실에서 알려드립니다.&nbsp;</span></p><p style="text-align:justify;"><span style="color:inherit;font-size:12pt;">&nbsp;</span></p><p style="text-align:justify;"><span style="color:inherit;font-size:12pt;">시스템&nbsp;점검 작업을 아래와 같이 </span><span style="color:red!important;font-size:12pt;"><strong>금일</strong></span><span style="color:inherit;font-size:12pt;"> 진행&nbsp;예정이오니,&nbsp;업무에 참고하시기 바랍니다.&nbsp;</span></p><p style="text-align:justify;">&nbsp;</p><p style="text-align:justify;"><span style="color:inherit;"><strong>* </strong></span><strong>점검 작업 시간과 관련하여 특이사항이 있으신 경우 하기 담당자들에게 연락 부탁드립니다</strong><span style="color:inherit;"><strong>.</strong></span></p><p style="text-align:justify;"><span style="color:inherit;">&nbsp;</span></p><figure class="table" style="width:522.15pt;"><table style="background-color:rgb(255, 255, 255);"><tbody><tr><td style="background-color:rgb(180, 198, 231) !important;border-color:black;border-width:1pt;padding:0cm;width:89.25pt;"><p style="text-align:center;"><span style="color:black!important;font-size:12pt;"><strong>구분</strong>&nbsp;</span></p></td><td style="border-bottom:1pt solid black;border-left-style:none;border-right:1pt solid black;border-top:1pt solid black;padding:0cm;vertical-align:top;width:432.9pt;"><p style="text-align:justify;">&nbsp;</p></td></tr><tr><td style="background-color:rgb(180, 198, 231) !important;border-bottom:1pt solid black;border-left:1pt solid black;border-right:1pt solid black;border-top-style:none;padding:0cm;width:89.25pt;"><p style="text-align:center;"><span style="color:black!important;font-size:12pt;"><strong>대상시스템</strong>&nbsp;</span></p></td><td style="border-bottom:1pt solid black;border-left-style:none;border-right:1pt solid black;border-top-style:none;padding:0cm;vertical-align:top;width:432.9pt;"><p style="text-align:justify;">&nbsp;</p></td></tr><tr><td style="background-color:rgb(180, 198, 231) !important;border-bottom:1pt solid black;border-left:1pt solid black;border-right:1pt solid black;border-top-style:none;padding:0cm;width:89.25pt;"><p style="text-align:center;"><span style="color:black!important;font-size:12pt;"><strong>일정</strong>&nbsp;</span></p></td><td style="border-bottom:1pt solid black;border-left-style:none;border-right:1pt solid black;border-top-style:none;padding:0cm;vertical-align:top;width:432.9pt;"><p style="text-align:justify;">&nbsp;</p></td></tr><tr><td style="background-color:rgb(180, 198, 231) !important;border-bottom:1pt solid black;border-left:1pt solid black;border-right:1pt solid black;border-top-style:none;padding:0cm;width:89.25pt;"><p style="text-align:center;"><span style="color:black!important;font-size:12pt;"><strong>사유</strong>&nbsp;</span></p></td><td style="border-bottom:1pt solid black;border-left-style:none;border-right:1pt solid black;border-top-style:none;padding:0cm;vertical-align:top;width:432.9pt;"><p style="text-align:justify;"><span style="color:inherit;">&nbsp;</span></p><p style="text-align:justify;">&nbsp;</p></td></tr><tr><td style="background-color:rgb(180, 198, 231) !important;border-bottom:1pt solid black;border-left:1pt solid black;border-right:1pt solid black;border-top-style:none;height:47.1pt;padding:0cm;width:89.25pt;"><p style="text-align:center;"><span style="color:black!important;font-size:12pt;"><strong>담당자</strong>&nbsp;</span></p></td><td style="border-bottom:1pt solid black;border-left-style:none;border-right:1pt solid black;border-top-style:none;height:47.1pt;padding:0cm;vertical-align:top;width:432.9pt;"><p style="text-align:justify;">&nbsp;</p></td></tr></tbody></table></figure><p>&nbsp;</p><p>감사합니다.<br>&nbsp;</p>	L2	SENT	1	\N	IT개발팀	2026-01-27 08:30:00	\N	t	f	\N	시스템 점검 공지 테스트 26일자	2026-01-27 17:36:35.832982	hamyoonsic	2026-01-27 17:38:19.680358	hamyoonsic	\N	f	\N	hamyoonsic@koreazinc.co.kr	\N	시스템 점검안내
39	[완료] 템플릿 테스트8	<p>점검 완료</p>	L2	PENDING	1	\N	IT개발팀	2026-01-29 08:30:00	\N	f	f	\N	[완료] 템플릿 테스트8	2026-01-27 17:43:29.250905	hamyoonsic	2026-01-27 17:43:29.250905	hamyoonsic	30	t	2026-01-30 17:30:00	hamyoonsic@koreazinc.co.kr	\N	시스템 정상화안내
\.


--
-- Data for Name: notice_approval; Type: TABLE DATA; Schema: public; Owner: postgres
--

COPY public.notice_approval (approval_id, notice_id, approval_status, approver_user_id, approver_name, requested_at, decided_at, reject_reason) FROM stdin;
\.


--
-- Data for Name: notice_attachment; Type: TABLE DATA; Schema: public; Owner: postgres
--

COPY public.notice_attachment (attachment_id, notice_id, file_name, file_original_name, file_path, file_size, file_type, uploaded_by, uploaded_at) FROM stdin;
\.


--
-- Data for Name: notice_calendar_event; Type: TABLE DATA; Schema: public; Owner: postgres
--

COPY public.notice_calendar_event (calendar_event_id, notice_id, resource_mailbox, provider_event_id, created_at) FROM stdin;
\.


--
-- Data for Name: notice_delivery_log; Type: TABLE DATA; Schema: public; Owner: postgres
--

COPY public.notice_delivery_log (delivery_id, notice_id, channel, delivery_status, sent_at, attempt_count, last_error, provider_message_id, idempotency_key) FROM stdin;
1	5	OUTLOOK_MAIL	SENT	2026-01-21 18:02:00.829894	1	\N	\N	notice_5_202601211802
2	8	OUTLOOK_MAIL	FAILED	\N	1	발신자 이메일을 찾을 수 없습니다	\N	notice_8_202601211805
3	9	OUTLOOK_MAIL	SENT	2026-01-21 18:17:51.363339	1	\N	\N	notice_9_202601211817
4	12	OUTLOOK_MAIL	SENT	2026-01-21 18:42:20.223336	1	\N	\N	notice_12_202601211842
24	19	OUTLOOK_MAIL	SENT	2026-01-22 15:28:02.193501	1	\N	\N	notice_19_202601221528
25	20	OUTLOOK_MAIL	SENT	2026-01-22 15:34:35.594778	1	\N	\N	notice_20_202601221534
26	21	OUTLOOK_MAIL	SENT	2026-01-22 16:50:54.855064	1	\N	\N	notice_21_202601221650
27	16	OUTLOOK_MAIL	SENT	2026-01-22 17:30:01.369157	1	\N	\N	notice_16_202601221730
30	24	OUTLOOK_MAIL	SENT	2026-01-26 17:43:27.093578	1	\N	\N	notice_24_202601261743
31	25	OUTLOOK_MAIL	SENT	2026-01-26 19:24:36.92257	1	\N	\N	notice_25_202601261924
32	26	OUTLOOK_MAIL	SENT	2026-01-26 19:34:13.416354	1	\N	\N	notice_26_202601261934
33	27	OUTLOOK_MAIL	SENT	2026-01-26 19:45:01.653425	1	\N	\N	notice_27_202601261944
34	28	OUTLOOK_MAIL	SENT	2026-01-26 19:49:28.628415	1	\N	\N	notice_28_202601261949
35	29	OUTLOOK_MAIL	SENT	2026-01-26 19:52:59.562865	1	\N	\N	notice_29_202601261952
36	30	OUTLOOK_MAIL	SENT	2026-01-27 10:47:18.908807	1	\N	\N	notice_30_202601271047
37	31	OUTLOOK_MAIL	SENT	2026-01-27 10:49:49.790587	1	\N	\N	notice_31_202601271049
38	32	OUTLOOK_MAIL	SENT	2026-01-27 10:54:24.530023	1	\N	\N	notice_32_202601271054
39	33	OUTLOOK_MAIL	SENT	2026-01-27 10:58:20.601388	1	\N	\N	notice_33_202601271058
40	34	OUTLOOK_MAIL	SENT	2026-01-27 10:59:30.469331	1	\N	\N	notice_34_202601271059
41	35	OUTLOOK_MAIL	SENT	2026-01-27 14:43:59.977829	1	\N	\N	notice_35_202601271443
42	36	OUTLOOK_MAIL	SENT	2026-01-27 16:14:01.176857	1	\N	\N	notice_36_202601271614
43	37	OUTLOOK_MAIL	SENT	2026-01-27 16:14:40.776827	1	\N	\N	notice_37_202601271614
44	38	OUTLOOK_MAIL	SENT	2026-01-27 17:38:19.66872	1	\N	\N	notice_38_202601271738
\.


--
-- Data for Name: organization_master; Type: TABLE DATA; Schema: public; Owner: postgres
--

COPY public.organization_master (org_unit_id, org_unit_code, org_unit_name, corp_id, parent_org_unit_id, org_level, is_active, display_order, created_at, updated_at) FROM stdin;
1	ITH1	서린정보기술 ITH1팀	1	\N	2	t	1	2026-01-12 14:40:12.59047	2026-01-12 14:40:12.59047
2	ITH2	서린정보기술 ITH2팀	1	\N	2	t	2	2026-01-12 14:40:12.59047	2026-01-12 14:40:12.59047
3	ITH3	서린정보기술 ITH3팀	1	\N	2	t	3	2026-01-12 14:40:12.59047	2026-01-12 14:40:12.59047
4	PURCHASE01	구매전략 1팀	1	\N	2	t	4	2026-01-12 14:40:12.59047	2026-01-12 14:40:12.59047
5	PURCHASE02	구매전략 2팀	1	\N	2	t	5	2026-01-12 14:40:12.59047	2026-01-12 14:40:12.59047
6	PURCHASE03	구매전략 3팀	1	\N	2	t	6	2026-01-12 14:40:12.59047	2026-01-12 14:40:12.59047
7	RAW01	원료 1팀	1	\N	2	t	7	2026-01-12 14:40:12.59047	2026-01-12 14:40:12.59047
8	RAW02	원료 2팀	1	\N	2	t	8	2026-01-12 14:40:12.59047	2026-01-12 14:40:12.59047
9	RAW03	원료 3팀	1	\N	2	t	9	2026-01-12 14:40:12.59047	2026-01-12 14:40:12.59047
10	SALES_ZINC	아연영업팀	1	\N	2	t	10	2026-01-12 14:40:12.59047	2026-01-12 14:40:12.59047
11	SALES_LEAD	연영업팀	1	\N	2	t	11	2026-01-12 14:40:12.59047	2026-01-12 14:40:12.59047
12	SALES_PRECIOUS	귀금속영업팀	1	\N	2	t	12	2026-01-12 14:40:12.59047	2026-01-12 14:40:12.59047
13	KZ_HQ	고려아연_본사	1	\N	2	t	13	2026-01-12 14:40:12.59047	2026-01-12 14:40:12.59047
14	KZ_ONSAN	고려아연_온산	1	\N	2	t	14	2026-01-12 14:40:12.59047	2026-01-12 14:40:12.59047
\.


--
-- Data for Name: user_master; Type: TABLE DATA; Schema: public; Owner: postgres
--

COPY public.user_master (user_id, user_ko_nm, user_en_nm, email, org_unit_id, corp_id, "position", is_active, last_login_at, created_at, updated_at) FROM stdin;
park001	박경민	Park Kyung-min	park.km@company.com	3	1	수석	t	\N	2026-01-12 14:40:12.59047	2026-01-12 14:40:12.59047
shin001	신호용	Shin Ho-yong	shin.hy@company.com	1	1	책임	t	\N	2026-01-12 14:40:12.59047	2026-01-12 14:40:12.59047
jeon001	전종하	Jeon Jong-ha	jeon.jh@company.com	3	1	책임	t	\N	2026-01-12 14:40:12.59047	2026-01-12 14:40:12.59047
an001	안소희	An So-hee	an.sh@company.com	3	1	책임	t	\N	2026-01-12 14:40:12.59047	2026-01-12 14:40:12.59047
kim001	김철수	Kim Chul-su	kim.cs@company.com	4	1	과장	t	\N	2026-01-12 14:40:12.59047	2026-01-12 14:40:12.59047
lee001	이영희	Lee Young-hee	lee.yh@company.com	5	1	대리	t	\N	2026-01-12 14:40:12.59047	2026-01-12 14:40:12.59047
hong001	홍길동	Hong Gil-dong	hong.gd@company.com	10	1	차장	t	\N	2026-01-12 14:40:12.59047	2026-01-12 14:40:12.59047
choi001	최민준	Choi Min-jun	choi.mj@company.com	11	1	과장	t	\N	2026-01-12 14:40:12.59047	2026-01-12 14:40:12.59047
hamyoonsic	함윤식	KaiHam	hamyoonsic@sorin.co.kr	7	1	선임	t	\N	2026-01-12 14:40:12.59047	2026-01-12 14:40:12.59047
yeon99	황세연	yeon	yeon99@sorin.co.kr	8	1	선임	t	\N	2026-01-12 14:40:12.59047	2026-01-12 14:40:12.59047
\.


--
-- Data for Name: notice_recipient; Type: TABLE DATA; Schema: public; Owner: postgres
--

COPY public.notice_recipient (recipient_id, notice_id, user_id, sent_at, read_at, is_read, created_at) FROM stdin;
1	1	kim001	2025-10-22 08:30:00	\N	t	2026-01-12 14:40:12.59047
2	1	lee001	2025-10-22 08:30:00	\N	f	2026-01-12 14:40:12.59047
3	1	hong001	2025-10-22 08:30:00	\N	t	2026-01-12 14:40:12.59047
4	2	park001	2025-10-15 08:30:00	2025-10-15 09:15:00	t	2026-01-12 14:40:12.59047
5	2	shin001	2025-10-15 08:30:00	2025-10-15 08:45:00	t	2026-01-12 14:40:12.59047
6	2	jeon001	2025-10-15 08:30:00	2025-10-15 10:20:00	t	2026-01-12 14:40:12.59047
7	2	kim001	2025-10-15 08:30:00	\N	f	2026-01-12 14:40:12.59047
8	5	lee001	2026-01-21 18:02:00.83589	\N	f	2026-01-21 18:02:00.91985
9	5	shin001	2026-01-21 18:02:00.83589	\N	f	2026-01-21 18:02:00.941428
10	5	hong001	2026-01-21 18:02:00.83589	\N	f	2026-01-21 18:02:00.950457
11	5	park001	2026-01-21 18:02:00.83589	\N	f	2026-01-21 18:02:00.955452
12	5	jeon001	2026-01-21 18:02:00.83589	\N	f	2026-01-21 18:02:00.962006
13	5	kim001	2026-01-21 18:02:00.83589	\N	f	2026-01-21 18:02:00.969006
14	5	choi001	2026-01-21 18:02:00.83589	\N	f	2026-01-21 18:02:00.974518
15	5	an001	2026-01-21 18:02:00.83589	\N	f	2026-01-21 18:02:00.980559
16	9	lee001	2026-01-21 18:17:51.364341	\N	f	2026-01-21 18:17:51.414693
17	9	hamyoonsic	2026-01-21 18:17:51.364341	\N	f	2026-01-21 18:17:51.419691
18	9	shin001	2026-01-21 18:17:51.364341	\N	f	2026-01-21 18:17:51.425242
19	9	hong001	2026-01-21 18:17:51.364341	\N	f	2026-01-21 18:17:51.42824
20	9	park001	2026-01-21 18:17:51.364341	\N	f	2026-01-21 18:17:51.431255
21	9	jeon001	2026-01-21 18:17:51.364341	\N	f	2026-01-21 18:17:51.435244
22	9	kim001	2026-01-21 18:17:51.364341	\N	f	2026-01-21 18:17:51.437755
23	9	choi001	2026-01-21 18:17:51.364341	\N	f	2026-01-21 18:17:51.443626
24	9	an001	2026-01-21 18:17:51.364341	\N	f	2026-01-21 18:17:51.446641
25	12	hamyoonsic	2026-01-21 18:42:20.224335	\N	f	2026-01-21 18:42:20.232842
27	19	hamyoonsic	2026-01-22 15:28:02.193501	\N	f	2026-01-22 15:28:02.205044
28	19	yeon99	2026-01-22 15:28:02.193501	\N	f	2026-01-22 15:28:02.215575
29	20	hamyoonsic	2026-01-22 15:34:35.594778	\N	f	2026-01-22 15:34:35.600778
30	20	yeon99	2026-01-22 15:34:35.594778	\N	f	2026-01-22 15:34:35.603777
31	21	hamyoonsic	2026-01-22 16:50:54.855064	\N	f	2026-01-22 16:50:54.862076
32	21	yeon99	2026-01-22 16:50:54.855064	\N	f	2026-01-22 16:50:54.868077
33	16	hamyoonsic	2026-01-22 17:30:01.370141	\N	f	2026-01-22 17:30:01.378662
34	16	yeon99	2026-01-22 17:30:01.370141	\N	f	2026-01-22 17:30:01.382675
37	24	hamyoonsic	2026-01-26 17:43:27.093578	\N	f	2026-01-26 17:43:27.100481
38	25	hamyoonsic	2026-01-26 19:24:36.923579	\N	f	2026-01-26 19:24:36.930569
39	26	hamyoonsic	2026-01-26 19:34:13.416354	\N	f	2026-01-26 19:34:13.421152
40	27	hamyoonsic	2026-01-26 19:45:01.654311	\N	f	2026-01-26 19:45:01.659057
41	28	hamyoonsic	2026-01-26 19:49:28.628415	\N	f	2026-01-26 19:49:28.636416
42	29	hamyoonsic	2026-01-26 19:52:59.56387	\N	f	2026-01-26 19:52:59.567972
43	30	hamyoonsic	2026-01-27 10:47:18.908807	\N	f	2026-01-27 10:47:18.913319
44	31	hamyoonsic	2026-01-27 10:49:49.791572	\N	f	2026-01-27 10:49:49.794573
45	32	hamyoonsic	2026-01-27 10:54:24.531023	\N	f	2026-01-27 10:54:24.533023
46	33	hamyoonsic	2026-01-27 10:58:20.601388	\N	f	2026-01-27 10:58:20.6059
47	34	hamyoonsic	2026-01-27 10:59:30.469331	\N	f	2026-01-27 10:59:30.47133
48	35	hamyoonsic	2026-01-27 14:43:59.978827	\N	f	2026-01-27 14:43:59.990865
49	36	hamyoonsic	2026-01-27 16:14:01.176857	\N	f	2026-01-27 16:14:01.180381
50	37	hamyoonsic	2026-01-27 16:14:40.776827	\N	f	2026-01-27 16:14:40.778821
51	38	hamyoonsic	2026-01-27 17:38:19.66872	\N	f	2026-01-27 17:38:19.672718
\.


--
-- Data for Name: notice_send_plan; Type: TABLE DATA; Schema: public; Owner: postgres
--

COPY public.notice_send_plan (send_plan_id, notice_id, send_mode, scheduled_send_at, bundle_key, allow_bundle) FROM stdin;
9	14	IMMEDIATE	2026-01-22 13:34:28.549392	\N	f
10	15	IMMEDIATE	2026-01-22 14:14:15.448953	\N	f
12	17	SCHEDULED	2026-01-22 15:10:00	2026-01-22-15:10	t
13	18	SCHEDULED	2026-01-22 15:19:00	2026-01-22-15:19	t
17	22	IMMEDIATE	2026-01-26 15:21:29.636373	\N	f
18	23	IMMEDIATE	2026-01-26 15:27:58.65822	\N	f
34	39	IMMEDIATE	2026-01-27 17:43:29.279421	\N	f
\.


--
-- Data for Name: notice_signature; Type: TABLE DATA; Schema: public; Owner: postgres
--

COPY public.notice_signature (signature_id, user_id, name, content, is_default, created_at, updated_at) FROM stdin;
7	hamyoonsic	서명2	<p><span style="background-color:white;color:black;font-size:11pt;"><img src="data:image/png;base64,iVBORw0KGgoAAAANSUhEUgAABNYAAAFjCAYAAADxSobeAAAACXBIWXMAAC4jAAAuIwF4pT92AAAgAElEQVR4nOzdeZwk6V3f+e9TM1iH8asKr9e3XYVtsDBHlziNkNw5jNhFM4gu+cQs2s4BjACBugaBOCTo7MU2YCymWkaIEWsmi8Ogl22mGoP8skGaLBAIhIyqAGOha7I4ZNbrNV22da138rd/xBOZEZEReUTGlRmft16hqcqM46mjszK/+XuenzMzAQAAAAAAAFjOVt0DAAAAAAAAANYRwRoAAAAAAACQA8EaAAAAAAAAkAPBGgAAAAAAAJADwRoAAAAAAACQA8EaAAAAAAAAkAPBGgAAAAAAAJADwRoAAAAAAACQA8EaAAAAAAAAkAPBGgAAAAAAAJADwRoAAAAAAACQA8EaAAAAAAAAkAPBGgAAAAAAAJADwRoAAAAAAACQA8EaAAAAAAAAkAPBGgAAAAAAAJADwRoAAAAAAACQA8EaAAAAAAAAkAPBGgAAAAAAAJADwRoAAAAAAACQA8EaAAAAAAAAkAPBGgAAAAAAAJADwRoAAAAAAACQA8EaAAAAAAAAkAPBGgAAAAAAAJADwRoAAAAAAACQA8EaAAAAAAAAkAPBGgAAAAAAAJADwRoAAAAAAACQA8EaAAAAAAAAkAPBGgAAAAAAAJADwRoAAAAAAACQA8EaAAAAAAAAkAPBGgAAAAAAAJADwRoAAAAAAACQA8EaAAAAAAAAkAPBGgAAAAAAAJADwRoAAAAAAACQA8EaAAAAAAAAkAPBGgAAAAAAAJADwRoAAAAAAACQA8EaAAAAAAAAkAPBGgAAAAAAAJADwRoAAAAAAACQA8EaAAAAAAAAkAPBGgAAAAAAAJADwRoAAAAAAACQA8EaAAAAAAAAkAPBGgAAAAAAAJADwRoAAAAAAACQA8EaAAAAAAAAkAPBGgAAAAAAAJADwRoAAAAAAACQA8EaAAAAAAAAkAPBGgAAAAAAAJADwRoAAAAAAACQA8EaAAAAAAAAkAPBGgAAAAAAAJDDvXUPAO32JT/23j1Je5I0kjr+5h2Z7Ud22xtJu7EDLfjPaOqMwR0jG99wLulu5POB/+9wJBtKunvy4o8/yzd6AAAAAADQZs7M5u8FrOBLfnwcnnVk2pG07z8fh2VTAVnk93L6PmXfJ4uGapP9EreNkieSLkemMycNJQ2fMp1JOvup6x8/nD4bAAAAAAAAwRoK9uIff+++guBsX9K+SVdjO2T8usUCssTvZFawljdUC461qX1c5POnTHKTfU5HCoI2mc5+uvuXqXADAAAAAAAEa8jvxT/+3h0F0zc7CoK0q8l9LPOTiTzVatOhWnBnMkRzCkKy6etFrpESqgXHWvxaNv74UtKZzAYj6eTfPPQsgjYAAAAAAFqIYA0Le/Eb3rcjs46kAwVh2u6s/ad+s1Irx5L7NKtaLRqqxT+36BguR6YTSSc/86XPOpm+IgAAAAAA2EQEa5jpxW94X0eTIO1KMviaZelqtdyhWnDnYtVq80O14NjMarXxWDPuuxyZnUg6edOXfQIhGwAAAAAAG4xgDTHX3/C+cHrngaSDkbQ9vrPMUC3l/EVXq6U0LCiiWi12nVF8GuulCyrZ+m/+8k8YTI8QAAAAAACsM4I1hGHagd+uhbfPqiabZZEpoPPOv0yoJqWEaKs3LEivSLPZlWzRYC36JZnZhaT+SOqf/r2/MpweHQAAAAAAWDcEay12/Q3vO5DUVSRMC82rJpulrIYFqfetUK0W/ZJmTQGNf75wtZrc+FiLfCxJOh2Z9X/+Kz6xPz1yAAAAAACwLgjWWub6G963L+lQQXXadtZ+61KtVkbDgvG15oRqi1SrpYRq431d0PTgSFL/LS/5xOH0qAEAAAAAQJMRrLVAZKrnoaQr8/ZvYrXaag0L4oMpoWFB5hTQtGAt3NdpEgKa7FhS/xde8kkDAQAAAACAtUCwtsEWrU5LKqRarSENC4JjK21YMGsK6Hj/aKjmImMcmc4lHb31Kz+pP/2VAAAAAACAJiFY20B+7bRDSVeXPbbSarXcoVpw52LVavNDteDY4qvVwn9bafsmqtWC20x6anLshaSjkdR/21d98l0BAAAAAIDGIVjbINff8L6upJ6k3bznqKtaraqGBXVWq6WFaolqtcgYLbz0pYKA7ehXvpqADQAAAACAJiFY2wBFBGoSDQtSK9KSVWcrNiyQJsFaWqgWnGdyTWfhf+1S0tFT0tG/e+mnELABAAAAANAABGtrrKhATaJhQR3VapYYX3C5tKBOcmZ6KrjG5Ug6knT0q19DwAYAAAAAQJ0I1tbQjEDtNPLxXUlni57TB0A7kvYjode+5jQ9WKRabRMbFgSfL1etNm8KaHCe1Gq1YMzR22SXIwsCtnd87RUCNgAAAAAAakCwtmauv+F9HUkdBaHZXUlnx3/nL5QarLz4x98bBG5h8Db5775Fg7cNqFZbtWFBEdVq8eq3WLXa+JzjfYM12A7PX3alLwAAAAAAUCmCNazkS8LQzYKgzW9Xwvs3sVptmSmg4f7LVKulTQGVYtVq46/pqUkodyHp8Ndu7J8IAAAAAABUgmANhfuSHxtXuHVGQXXdVUkrhWrSdIiWXq02P1QLji2+Wi1acZbcN61azZnGoVlatZqlTwGNdQ+dOlY6HZkO//3h/sLTgAEAAAAAQD4Ea6jEF//Yew9k1lEQtF3JCtWk/NVqySmg4T5hsNaEhgVp1WqjSAVdRsOC8TkzqtViX7n//PbI1PvNh5/N+msAAAAAAJSEYA2V++J/9p69kXQgqatw2mjFU0Bj17LsUG2RarUKGxZkVquFpwtDuuBr1eVIOnznw8/uCwAAAAAAFI5gDbX6on/2nj1ZELKNImuzTZTfsCD+eXnVarMaFvhLR849s2HB+GuZnHuyjw/VxuexoFvs4Tu/7lOZHgoAAAAAQIEI1tAYf/tH37OnoIqtK2m3SQ0LwiqwcP+yGxZI6dVqC0wBTQvWwvPc+q2Xf2pPAAAAAACgEARraKS//aPvOZCsOzJdi97etIYFYbBWVMOCtGq1BRoWJKeApoVq4XEXkrrv+vpPGwgAAAAAAKyEYA2N9jd/5N17kg4VVLFt11GttswU0HD/VarVwlBtfNuK1WqWfsxtM+u95xs+neYGAAAAAADkRLCGtfA3f+TdOyNTV0HIthveXme1WrRqLLnvpIpsMsZ51Wo2Ywpo+LVF9wuHski1WnieRBB3LlP3Pa/4dNZeAwAAAAAgB4K1Nff073n+nqS9jLvPPvx1P7txFUl//Yff3ZXUG/l12KKiwVoTGhakVavlaViwSLXayOJfU/T8acdE11573ys+vScAAAAAALAUgrWGefr3PH9H0r6CsGxPUvi5/Oe7acct4ULS0H88jHw88P9dmzDu4Iff1ZXUk/+ezJoCKvnQaU6otki1WlFTQMOgbl7DgujxearVsoI4WWwMp07Wfd83fsZQAAAAAABgIQRrNXrGI8/vKAjNwiDtapHnX/FHeyrprqQz+QDuw1/3s4OVB1WCgx9+V3dkOnLSdnhbFQ0Loued1bBAmg7GouecV62Wemxkn7RQLXr+aLAWfJiYJjoJ4C4ldYff9BknAgAAAAAAcxGsVeSZR8/fkdSJbFcWPbZhP6JzBUHbmYIqt7MPPVx/hdsX/tC7dlyw/tpNafWGBWEVWLh/FQ0LpOlqtYIbFmRVqyXXYLt98U2fcSgAAAAAADATwVqJ/vDR/R1JB/JBmsUmKjbPCr8KF/Ihm6TBhx7+2doWw7/2Q+/ae8p0JOlamdVqsxoWBKfzt1mxDQtGkess2rDAf3mp1Wpm8RBvNPmCT8108Nvf8pm1h6YAAAAAADQVwVrB/vDt5+8rqJw6UGRq4kwF/wwaEOBdahK0nXzwsPqg7YXHv9WR1B+Fa9ItUa22TMOCcP951WphEOYvHTn39BTQZarVRtHxLNewILNjaPi9caZLM+v8zis/i66hAAAAAACkIFgryEe/5v49M/VV6DppBQdk9QV4YdA2UBC0DQsdSIYXHv/WziicHmrxUE3KrmTLqlaz5HGRfSdVZJNQbVa1WtkNC5JhWXQKaPh1JaecJsM5f97LkXT4e6/8rL4AAAAAAEAMwVoBPvo193clPVbV9Yr/kVUe4F1IOpE0+MDhm0pfKP/B/m/tK6heC9a1K6haLW0KaFq1Wp6GBYtWqyXDwmWr1ZL7ySx2jsjU09vvf9Vnse4aAAAAAAARBGsr+iOvub8j6Yk8xzb9O19hgHdH0skHbvxsv+grRr2g/1s9md2Mr7M2v1qtqIYFVVWr5WxYkFatJotc06RjMx3+x2/9q6y7BgAAAACACNZW8kdec/+epDO5BddSW1TBP5Km/4Qjv4LHH7jxpm6Z13rBY+/cHwXVcrvLNiwIPo7vm9awQJoOxuLVb7Or1VZpWBA9zsZfx/xqtbRuotHratK04dzMOr//bZ9NuAYAAAAAaL2tugewzpxT3zltOwUBRHILkoocW+YF820ua8t/yvSvN6fImK5/9GvuP1rhVHP964eedSZpX9JxVqgWuz2jWk2angI6Odf0ddNCtfi5JkHd1LGJfdKkhWqKfJTWsCC6X/TMlggNE91Vr0ga/PFbb93JHAwAAAAAAC1BxVpO2//k/p6km3mOLfo7XviPsOimosuP72P/28veNCx4FFM+7wff2ZV0JGl7lYYF0qRabVbDguhti04BXaZaLTxPeEyyWm2RhgXhtSfnSJ9mOjJdjmSd/3zzOXQMBQAAAAC0FhVrOWx/7/0dOd1sSgXZlkvfMq8zb8u4ToUVeJUskv8zX/qsvqTOyOw8vC1ZrZaU1bAg9NR4v8ltyYq35BTQ8X4pY0xWq0X3CS8xmZ6aPM/0NNHoftHbkk0Pol/feN/4VNVtSYM/2vvF/ZRhAwAAAADQCgRrS9p57f07fgpoZjCVW8FzM9c4wKssrPmZL33WmaSOggYKM7uApnFKb1iQmD4Za1gQP35SrZbVBTR5f/RczibniR5jyfsTU0DHv6YpU2DD/7pIMBc9tyZf87akwcfcJFwDAAAAALQTwdqSnKznZLtOpqxty6VvuQOoFgZ4VXrTl33C3Td92SccjKRbs/ZLq1ZLq2qLTq92ibuT1WrJKaBp66hFw7DoFFBp+jyxcST2iV0vNt5wrPGGBbHjI9Vq0WuaaVuywfbNXyBcAwAAAAC0DsHaEv7o931uxzndyHv8rDAuz7bBAd5whavm9sSXfUJP0kMj2WURDQsWqVabOiZRHTZeky3l/Ml129Kq1WY1LEirVgu/vvG+kfFMvkaLfyxtyzT4I99GuAYAAAAAaBeCtSU46SisqCp0SmTBgdYGBHj9lX5QK3jzl39CX8HU0Mvo7aOUYGxWtVq0YUFoXrVaslFCdAposlotbY224Bz+v7FxTs7nEjsmq9XGd0fGbykBXPRYBWPZNrPBR3/rWwjXAAAAAACtQbC2oP/pdZ/bk9OVqqdEtjDAe+jya940yD+q1Q2+/K+cSeqMpPPo7ctUq0Ur3pzZuKnB5FzTzQii14nukyYMuJLVasmGBck12OLNGeLnSFarpU0hTalWi+63PTINnvkqwjUAAAAAQDs4S6nEQdwfe919O5KGChZrL4ylxiornbDJp9MCv2oP/cFL39wv+LK5Xf2B39yRNBiZXZGiwdOkWs3ZpBNoWrXaeCqn4lMys6rVog0LnGxmtVp4nuQU0HAfS+wXnidZrWaRtdUscY3x12TxJg0Wfp6+3/nI1Pl//8Hz7i7/XQcAAAAAYH1QsbYAPwV0O6uyLP95i634ci59y1syV3EFXqNCNUk6/Xt/5e7IrCPpPFqtFhWGarGOoIn12ZJTQMf7zbh2WkXbog0Lktea1bAgGqpFz5dsWBA9V3Czpe7nr3FF0uCjXvnzOzO+RAAAAAAA1h7B2hz/8/ffty+n61UGUC0L8C6d04v+y1c3K1QL/fxXfOJdJ3VGFkwLjVarxcK0xPTJWQ0LomunSenVatH7o+dKTu1ctGHB+PcnY720sEIutrZa9P7YFNAwUJvslzJV9IqsvrXyAAAAAACoAsHaHL5aLV9mlBG4NaWCrAEB3qWTdf6fr3rzyQqXLd3PfcUn3lXQ0OB8VsMCSbkbFkRlTQGV0qvV0hoWKLFfNJxLNiwIf+bZU0CT15quVgs+j670Jo1k1+755p87ShkWAAAAAAAbgTXWZvgTj3Y6kp7Iut9slRiqfIX/ZIs94aVJnf/8VU+cFXrWEj3v0X+/M5INJF2JB1vxwCoaYqWtreaUXa02XpNtxtpqWceE651lrcEWXVstet5otVpsiuj467FYEDiKXCttvzB7G032fci+86/1F/omAwAAAACwRgjWZviTj943kHR12eOs4ARqAwO8S0md//sr1ydUC33Oo7+x40yDp4J1xAppWBBd42zRhgWSIkFYMnibnD88z6yGBSN/jkUaFoRTPRdubDBJ9Z5t33l17X7eQF7OuSNJpXXItWD9R6wZ59y+pDIreftm1i/x/KiAc25Q4unPzOywxPMDqBiPGfXw3/els4JFWdNDAMTcW/cAmurPvv6+zlbufyjp/waSi9cvfLaMf1JNCfCWPOpSUuc/rWGoJkm/8JJPuvvZ3/8bHUkD+XBNUqxhgdMkVEtK+1658X9Tpplqcl5JsVAt/CgWvPmKsbACLbaOmr/WeD02xavVZjUsCK81mrNfZNfItU2STtw3nu7bd12lUyjaYl8lPtnC2tpRub8XgxLPjerw2AFgGTxmADVjjbVsvawulnm3ezO2LeXb7pFL3fL+L7trZ3bDgiW3S+dsbUO10Fu/8pPuSuqY2aUUD6+SDQuSVWaLNCyIVqsF5/TnntGwIPxvcsqp3zF2f3TM8xoWRE+RbFgQ3W8csPlqtVFyJ9OupEavpQcAAAAAwLII1lL8+R/odLacXd1ypmW2vFoS4F06uc7/9ZLBWodqoTBck3QZrVaTshsWzKrsi3bvDI/LqlaLSu4T3W+66UC8YcF0l8+MKrRw0bSU/WLXmPog8YnZVfeKAaXkAAAAAICNwVTQFPdI3VzHZYRrT60ymBSjnFM2twqepZ2VyqYEQJeSOu9/yXpXqiX90ld98tlnvu7XD5z0RLTCLCqsCJNmV6uFDQ3G00Ija6tZyjGWqEKLVquZoiHXZExhoJacAprWVTRWhZaoQDMlpofOr1aLfvyI+4YnBvbd923U7wKwycpeQ2TN3Gdmg7oHUTfn3I5KXENwE/B7AgBAexCsJfzF/7Ozt+V0PXl7WrXQou5ZZUBp51uvAO9SUud3v2KzQrXQ277qkwef9X2//pCkx6TsarU8DQvC/ZKiQVjyJxT9PQ3Pk1atNj4+EdxNVaElqtosFtQlp4rarGq16Kcn7uuf2Ld/fB/rrbWIc66joMqzFGbWK+vcAKbsa0bXdEhaegnadvINPXbKOv86Bpx8TwBg/RCsJWxlVKtlVXvlbUgwS94Qr4EB3qWkzm//vc2Y/pnll7/6k/uf+dpf6zyleCA7Xr8s5ZhZDQtClgjjIjFWcOycarV4BVp6tVraFFLNqFaL75fRsCAydTSW7E1GtSupJ4lpoe3SkXSzxPP3Sjw3AKAcRyq3InYdA06+JwCwZgjWpizXTjh7kbr8f7OqCvFKDvAuJXWe3PBQLfS2l35K99Ne+2v7znRlXsOCeLXadMOCaCVZdCppcA7/X01+w5INCyyy4zLVasG54lVo4c5p1WrJKaDjE0uLfHzDvfzNJ/bqzx0IAAAArcF08pihmQ3rHgSA1RCsRTzrn17t3uO0XczZMqq9VphSWnSIV2KAdymp894vb0eoFnKmg5F0Jk1+hxapVovuk5wCOprKqybBW1itFl3zLFaB5s89Xo9NKdVqGQ0LwmuNZuwXG1dsCmliCmj27X338jfv26s/lymhAAAA7cF08olbouoeWHt0BY3Ycuou2nkzr3tcGZulblK+bStzW6iL6OVWC0M1SXr713zKUFJ3VrXaODhL3B9tfhDOwA2Dt3FhWPL+yBTQYP/xjrH7w/OH57TIOeLTRePVasmGBdH9lmxYEP94ErbtyparEAUAAAAAoEkI1rxP+sGre1vS1QXDI93r0rdFg7myAzyplgDvUrLOu1sYqoV+9Ws+5WRkui3NriOMhmFh6JVVrRaV3Ce6X1rTgegU0FhVWmSnaMOCkYU3W8Z+0dq5BRoWRG9Pr9a86R5+017qPQAAAADQTExnxhjBmnePs248LMpn0WCuaQFeAVV4l/c4dd795aetDdVC7/jaK4eSzhetVpOmq9WSx1iiCi1ZrTaZkhldB82fW/EpoNF12hZpWBDfT7FqtfF1ZlarZYRtk4/7AgAAAIA14NcJLGgJKWwCgrWJbvSTrOqsore8ig7wCgjxuu/8MkK10Mh0IOky2rDA3y4ny2xYkLa+XTQIS7nOWBjOJavVxufRdHAXHVv02PD2WY0NxtVqkUAutkNW2Kbk7XbVHf5sJ2MPAAAAAGiSg5LPf1Hy+VEwgjVJz37sr+1vSburhFJ5NT3A02Jf/0O/+aWnJytdZMOcv+zKUJGFSN34v9k/i/GU0ES1WvjRvGq1WI6V0rAgeg1pdrVaejMDP1U0MqyphgXxNdQ0s1ot/q3oCwAAAACar+x1ooclnx8FI1iTlmpakLVlVnup2C2vEkO7h37jS0/7KwxtY52/7MqRpNPkmmlZ1WrSdACWrFaLhmojm25YkKw4C8+ZXa2WrEKbXCy530oNC6LS117bdTd+pisAAAAAaCjn3IGkKyVfhplga4ZgTdKWdFBWoFX0OmhVBXgLfs0PnT/0c/0Vvj1t0HXSpZTSvVPZDQtcZI+0aaKzGhYkq9XGx0R2Sq9Is9T9ktNJ4x8kPlmkWi16l8Xu7wkAAAAAGsivrdav4FIEa2um9cHaZx4/b98523XONGvLqthqSkVaGc0M5oR4twnV5vu1G/tDSb1kw4KwWk2arlabZE2J+xNTQJPVauF5w/9GGxaMq9UiY5tZrRb7KlasVktvWDB1FZl23cv+bVcAAAAA0DwnqqZpQc9XxmFNtD5Yu9eps0rFV1bgNi+oW9cAT5K2nI7f8dDPlT2vfGP8+o39Iyc7TZsCKk1Xq0nTU0AXrVYLGxaEoVvs+JQqtJGFN2dVq8VXehs3LIjdmhhEeHvWcnKWuD9ezdbLOAoAAAAAauGc60u6WtHldiU97pw7cc7tVXRNrKD1wZp8N9CmT9lsUIB3/O+6P9et6oezQVKDyOS6Z/EYa37DgrRqtWTDgmhIN6thgVL3izQsiAZ6WVVplrhzdsOC+DmC/9t1X0vVGgAAAID6Oed2fKh2vYbLX5P0pHPuyE9DRUO1Olh77g89b2dLurLOUzYrDvDOnTMq1XL4jcNnnznpVrJhwShl32S1mhSvMMtqWBBWq43vVlbDgulrhR0+sxobhFNAgxAtcuMi00GnPk9Uq02HdD0BAAAAQI18tdhA9YRqUTckDZ1zPQK2Zmp1sHaPs46clGfLDLvUjCmbJQR45/c6dd52/efvrjCstjuSb2QgRTt/TlerRYO3rI6haedIVqulNyyYrlZLm2oafhzN0Sb7LbBuWtbU0NQpoLGAbdd9zb9hTQEAAAAAtfBrnJ2p/A6gi9qWdFOTgG2v3uEgqtXB2pZ08FEypW335N0yKr7WPMC7lNT5xf+dUG0Vv/nws+86s8NoJVlWw4JQdApoWrWai4Zg4TF5GxYkqtVWalgQNbthQfq+po4AAAAAoELOuT3n3Imkx1VNo4JlhQHbk865PgFbM7Q6WJNTZsVa0YHWGgd4l1uEaoX5D1/3qX1Jp2kNC0Jp00RnNSywSMOCUTJom6pWW6RhQXws8Q8SnyxUrRa5a361Wmh/6hYAAAAAKIFfS60n6UkFa5utg+sKArYBXUTrdW/dA6jL/T/y3L2toNvGclz6zWlrZS0iM9nMWuR97vnSD8w7PjkdnL74LWd5D8c0Z+qZ9ERyCqhFqtCSDQviS5vF10sLfyXDKaAmZazTZinB22S/1KmiearVkg0LUncMP03ZN3k7AAAAAJTAr1l26LcmVqgt4qqkq865C0l9SX0zG9Y6opZpbbC25dIrYtIqiBY63yqDSdOMAO+hJ178lkHOSyLDf3j5pw7+8qt/9Y4i74REM6Xkjz76Oxk2Pkg2LHCa9BVwFuZbGVVoGdVqwefJqaLJarIF1lBLssT96Q0L4qcnVwMaw8w6dY9hGc45HkHKdybpvpKv8USJ5z5XRrdubBZffbJu9uoeANAGfgrloaSu1jdQS9pVME30pnPujoKA7aTmMbVCa4M1Kf2FwlZGoJWZdOW0BgHe7Se+5C39oi+HgJkdSroWibEkza9Wi1egTWbzRqvV0hsRTDcsSK9Wy2hYMDMIywjbkgHalKz7TZKYegwADWVmdxV0SSuNc8U+70q4a2aDMi+AxrhZ9wAANIufMtnV+kz3zOuapGvOuUtJJ5KOzIyZaCVpbbC2pWUXRy92imXDA7zjJ77kLbyTW6J3ff2nDT/+H/+7Y0nX06rVkg0LgvzKTx1NqVYbH5+oVgvOFa9CC3cezdgvnAI6PnH4wSLTQWMXShyXFrYlQ7rgUx70AQBrwVc9dOsdBQAgS6Q67UB5loNab9sK1mK77qeKniioZOP1VoHaG6w5i7XNHeUMtIpeI60BAR7TIypiUk/SdWnSxTOsVktWpkU/doqsx6aUarWMhgXhVUdz9puqVgs/GX+Ykait3rAgejcP9ACAdbEnKqOAZQwl3ap7EEvoKFjDCmvEh2lhddqVWfu2yK6kG5JuELIVq5XB2oP/7DmdZCBWwqL/GedrdIB3OZI6P/O//QLT8Crw7q//tOFf+u6335J0M1wRKDoFNK1abXJ/dCroJJiLThuV0tZMm+yQ3G+lhgVRcxsWpOwbrVajYg0AAGBj+UXVezUPY2F+rT6CtTXgnOsoCNPaWJm2rLSQbcCabPm0MlhzGY0L0tyTcXuyOMMgxAcAACAASURBVGdRDQ7wLiV1fuaLCdUqdmTSoZO2kx0+pbSmA/EpoGH4Nt43qwotshZacr/YNZSzYUER1WqT2y7tdZ8/TNkDAAAAACSNq9I6CoK0jjanCUHVoiGbJN1RsJbqCd1FF9PKYG1LFgnWcq5pVnDXzgYEeIf/+ot/kSqhir3nGz797l/6R28/GvmqtbSGBfGunekNC6KFX5NQbtGGBfFqtfA6syvUMsK2udVqKftGbw8+HggA0Fr+hVKZBiWfHwBQgkiQFm5UpZXjmt8e8dVsg3AjaEvXzmDNRdtYZwRQuQOtLI0O8G7/1N/9xX7OU2J1RwrWtduW4r97zuLB2eINCyaiWdeshgVmkWq16EJr0R1mTQGN3Z6oZkseFwvVps41yDgzgBo45/YVPE4BVdmrewAAgPr5qZ37mgRpVKRVb1e++YEk+S6jA0ld3yUcammwpgXmyGcv+p9XYwO805/8u79Is4IavecVn373L37X2/sj6UayWi2WR81qWOClVqGlrJe2VMOCaBCWHFWyWm3eemupv+9TlWuDtL0A1GZHrC2Dau3VPQAAQH2ccwNtznOPSwXrl12veyAF2Za0Q6gW17pg7a+/4bP3tsYrwhen+K6deS0V4F0omI+Omo2kIye7kdawIFlxNr9aLV6FFu6cVq2WbFgwPrG0+MfJQSYDtKx9k5VtgUt73QuYkozKOOd2pMXX3VzCTgnnBNqijH+TUYOSzw9gs5T5N53nvekG2oxg7Y58ZZdzri+pr82YvtqrewBN07pgbSt8F7TgKZbFd+1MV3CAd3DyRW8laW6AJ7/x04d73/krx5KuxyrQ5IO2WdVqGQ0LAkG1WtZ+wR6TD6aq1SLHzb49cpel3Z9VrRY9xiTjxQ4qty/piboHASCmU/L5hyWfH8BmKTPs57VYCjPrOee6Wt8Q6lJSz8zGS2mY2UDSnu8yO14GaA2d+q8FEdkzCjeWdSaLSE1vW5mb8m0ufVPOLet8Ocb20MkXvZV3SJqlN84/wyAtEnaF/w1DNZdSYDa9Ztpkh+R+yWq1+Q0LIh8X1bDApg6hvTMAtJhfmPpKyZfplHx+AMDq1nW5ojuS9qOhWpSZ9RSEtcdVDqpAvboH0EStC9bucdq5x0nLb5a6zQrpGhzgHf/EF721X/K3GksaftNnDEeRB9i0hgXR9dCSVWjjAM7Cmy1jv0j4pkjDgtitiUGEt2dVnSWndaZVs2VVuEXPzbsfANB2VSxR8ZivhACARbC8Qw3M7ETSad3jWMKFpBeZ2cG8zplmNjSzrqRna72+xmOq1dK1Lljbku1nh1rLbx/l0rd84V0lAd75lmxd0/826Cu2DlogOgVUihd+LdKwIL5fJKCzyHVmVqtlhG3JsCwqeVza7fF9zu3RB4bZJwQAtEBVz1EI1wAsqrQqWkKKuXp1D2ABl5JumdmeDwMXZmZnZtaRdJ/WI2Dr1T2ApmpfsOa0kzmdMq3iK+91CgzvCgzwLu9x6v6Lv/NLzOVvqItv+oyBpNNktVooNgU0JYALblfs9qzGBuEU0Ph0zETV2YxZnvHb5xw3u2FBuE8/4woAgBaoYT0dwjUAM/np6aiJDx6bPGXylqQ9P70zNzMbrEHAdjyvEq/NWhesacl3HJYJ4VbZ8loyoDt8w9/+JdZVa74jaRKIJavVYs0NZlSrpTcziE8nla3QsCAZoKUdN6OgLaWijfXVAKClfIfe1PVoSvaYX0gaANLslXju8xLPvUl6CqrCmuRY0seaWc/MCitaSQRsd4o6b0F6dQ+gyVrVFfTF//wzd6aTxBVSrRQFd+0s0vGP/q1f7i+yo39nprvEuYe2YrWRc+5Q+dYvuJtcGDLH+OvQz0r8L775M0/+/D9824Wk3XBttWjDgqC4K70KbaphQWK/lRoWRM0K0LL2nV2txjTQzbdX9wAANFpf9XVIu+mfOxwW+QIJwEbolHhuHm8WYGZD59yRpJs1D+VSwRtAma/jiuIr9Qb+b1NPwfqjdXYRpVptjlYFa1surVVyeknNaFalzaxrZN5Ta4B3oeXWLNnTcg9cpwqeEOfiHyhv5Dz8RSm37an+B955BpKGWXf6sPCRSbVaINmIIBStVkvbLzmdNP5B4pNFqtWid1na/QtWq0326c/YG5thr+4BAGgm/+batZqHcV3SvnOua2ZU9wMIdUo896DEc2+aIwWvZ+sIly4UvFY5qvrNFx9mdX1Vd1fB96DKJROkIFBkjfY52jgVdCHFT/e01K3ApgSzuooe/Ojf+uVGviPi1zbJG6o9tOwCkWukP5IuwymgsbXVIjtFq9CmqtVip1uxWi2zYUFa2JaybzRIS9+nLwBA6/jnAY/UPQ7vioIKAV5AAAilFGYUZljiuTeKD7Sqfmw+VfB6c6/oKZ/LMrO7ZnZkZnsKCkuqnCZaeaC4jloVrDmnfeekMra8Kgjwbv3w3/rlRr7z6pzbV/71VI5XnX7aZL/zys+66/yaY2EEFW1EMFWFFgmrpqvVIlNFFWlYELs1dqLJ7VlVZ8mKs7RqtliopulzTfa5Y48+wIP15iuzVX1TF3kFMIMP1R6rexwJ25Iecc6d+AoBAC3lnOuo3AqpRr5Gayr/2q/sdekuFayf9mwz6zTx9aaZnZjZgaSPVdA84aLEy4XTXzFHu6aCLvDCLu8aaauEa8tI5hdznB//zbf1yhnJavyT1YHy/bE6NbNuoQNqoJGp52TXkwVjsxoWRKvVUhsW+Iqx1Gq1ZHXZ+L7Ex4uGbdN3pjUskKhWa4vSWtUDWD++KqwplWpprkkaOucOm/jCCgu7VfcAcuiq+qleSHdQ4rkvmXaey6GkJ0o477mCAOlkXaqz/DTRnqSeD4G7Kn4tNqrVFtSqYG0RVZXwVRTgdXNepgoD5ftHf65y/8g1xvtf9VnDP/33f+nUma4GudckkEo2LAg+iFe1JfcLp4CGH48/WGQ66NTniWq1qX1TpoAmzxXsc2GPPrCp03nhVVD1MSj5/AAK4h8P+qp/TbVFbCvoGtpV0NiAF8Frxsx6dY9hWf4FMsFaM5T5moPHkxzMbOCcO5V0tYDTXSiYIXS07gvzR5od7Cj4vT3Q6n9nqVZbQquCNees8DnyZvlK1SoI8G794N94WyMfsJ1zfeWrXrmU1G1Zat4fSVfnNSwYaXZjg2iONgl1F1g3LWtqaOoU0BnVbONjpvbhwbodylyfRGKNEmAt+MCgr/ULDa5Keodz7raktHV2ziTdV+D1yqjGALAEv2RNmY9VgxLPvem6kp7MeeylgjCt78OojeL/PvUl9QsI2WpdV27dtCpYmzUVNH8F2XJzM/NaMsA7/8G/0dgpoF0FnbfyOGjbu8Xvf9Vf7f+pb/+lI4tU9yWr1bIaFkQbG+RqWBA1t2FByr6zpoYG+1yKaaBtQbAGtJh/cn+k/H//m+KGgu5sR4pMj/H/HRR1EVfV+iIAZil7ofxByeffWGY2dM4da/G/KWGYdrLBje+mrBiyXZgZBRBLaFXzArnsLbMZgIrdcg/d2TJbd4VLlca/85N3keKHNvFdhYX4tV2mqtAi65VNNyyIHD71QeKTharVInctU60WO2ZqnxOaFrRG2cEav0dAQ/m11IZa/1AttC3ppqQz/2YhgA0TCSHKctna1zXFOVQQmGW5UNCE4EVmtmNm3TaFakm+q2jfNz34GAWdRY+V3figV9XYNkWrgrUZuVr2ltUFNOdWQYB365/+9V9pXFWXc25P+d+Z2egOoPNYZLpkrApN09VqqY0N8lSrJRsWpO6oSWCW3Dd6e+Y+67fuCXIrO1iruv06gDmccwfOuaGCBgVldtWry66C9deGzrlDOogCG6Wrch+3WhvwFMVXYyUrqs4l3VbQ0XOv7WFaFh+ynfjvz56kZ0t6WNIdBWHlRZtfe+fVrqmgTnvJ20ZpVTYLKLxIP+OESw7v4gde9Cu9lcdSMP9k80T5/kDdaUMH0Fl+/9s+e/jHb731dBRZpDOrWi34PDlVNFkplgi5shoZTB0yo2FBNIxLVral7SMd2+sfHGZcDRvE//svuyPogXNuh3Ug1tZ9vHO/Ofw6aj0Vs7D0OthVEB72/BTR/rovgg2AaaDrwMx6vnjjTME0z2GtA1pTfqmlM7H29UpaVbEm2a5/dT/etlzWNqO6LMeW15IFcd0VvjllOlK+F9bnyvE1mdnAzFyZm4IS2vMcX5MUhIWDJY/px6rQEhVo8Wq1jIYFySqyRaaApnX8jMm6P6NabXLe3qyzYqN0KrjGtlrSLRhoKudcxzk3ULDwfltCtahwiuiTzrm+DxgBrBk/xbvMpgUSFWuF8VVXa9/VE+uvVcHaciGVpW7JYG7RrYIA787rX/Qrg6q+l4vya6vkWVflUkGzgqZWoFQaFv6nm5/dl19HYJx7+cDMMqrVwimg4cfR2+d+HLuQvzOrWi26b/paalSrtVunouv0KroOgAjnXNdP+WxroJbmuqQnItNE92oeD4DF9Uo+/50Gv76phH8jxtg2fuvU/btWpVZNBS1i/mbmKXJOKc06cMnTXaqBawz5f0yP5Dy809R3HtxqYWE37x/TkekkuG5QrZZsWBDZb7paLfxk/OEC1WrRuyzt/jnVbJkhG9VqLVNVJdmuc66bY02IoaRbxQ9HXZX/jjdQCxdM8e4qeO7RlN/zcwXjybv0RBnCaaKPOOfOFXRnY7oS0FD+OX7Zj2n9ks8PoAatCtYWKc8bzd8lXcGLri0Z4B297uDtw2JHsBoXdADNW+b8kJ/r3TgrhoXdFb+uIzNdT04BDcUaG1iOhgVRcxsWpOwbDdKyz0e1Wov4x4EqX3T3tOQTVv8Ct1f0QPxjRVMCB6AQLqi86ioIsJoSXklBqNYxs7v+395AzRqfFFS5P6KgmUu33qEASPJvGPRKvswli+kDm6lVU0EXUWB3zplbbtNzVi/kmrXQoP/D1Fe+J7W3m9qFxL+gyPvH8Naqf0j/S+85Z5JdSNPVatFA2LRAw4Lo7anVaJFDlqlWS14zuZYb1Wpt0634ersuWBsFQIFcMG2nL+lJBeuINSm0uiMfqknjRZj3lX8d1DI1coYBAEnBMi9lP7b1Sz4/gJq0KlhzrvgtrwJDut7rrr29afP0+8q3/tgdM2vyE85VOpv2ihjASDpKb1gQr1bz+86pUJvRsCD1oBnHRW9P7jPZ9zbVaq1TR0OBXg3XBDaSizckyLMEQtmOzWxqPVZfidpRELo1Se7lIACUx1e6VvEY16hiCADFaVewltGQwOVfIK2UsG6JAO/itdfe3s89+BI453qSruU4NNei/lXx79RX1qxghpNZDQvMItVq0YXWojvMmgIau31Gw4JoJVqysi1tn+Bd+l7G1bCBnHMHqmcq5K5fIwXro1v3AJAprP5qoofNrJt1p5ndNbMDlbOGYh53mAIGNE9kpk3Z7rC+IrC52hWszQiusrp2zgrj8mwFj71RLx79C+mbOQ5tdAdQP7Ws8mYFqSe89TlD+Xfgl2pYkJySOatabd56a6m/xnOr1Y7s9Q828ueL0nRrvHbPP1HGerjegM5VebZB3d+4svm/X3VUns5yKelFZrZQ5YevGH+RP64uTAEFmqunat4IpFoN2GDtCtZyBGGZgVvOyrMCA7zT7/3CtzfmnU+/SHk/x6GXanYH0H1Jj+U8/LCMJgzRd7zTGhaEH08OWODj4MTxOxfZN7PzZ+x8F/b6B3tTX8iCPvJG96l5j0U9/HqEeSpXi7It1jEBCmFmAzWn6utc0v6ylV9+/zrXXes19XkO0Ga+KOBGBZc69Y+lADZUq7qCps2ozFtDtkr1Wer5MqZ7WnZ/0Ca967Gj/OuPlRI+FcFXvAxyHl5mE4aTkcXDvpnVatJi1WrRu5ZpWBA7NrXirTvjqJk+8kbXlbQn6VfzngO16NU9AEnXnHMdnsgCqzOznl+D6GqNw7i9yjqsPtja90tW5Kmuz+t00eo6FM85d6JmPWdeBBXXFVihKCCPXkXXAVCTdgVrKRlVVmyVzBtWVXCAd3H7hb/amGo15Vt7TAo6ZfaLHEjBBsoXFp6W2YThv3/7c+8+81VvOR7Jrier1eY3LIh8XFTDAps+JHK+O/b6Bwczv6DZeuLJyFrx1WpNWeS875zbb+o0c2DNHChYc63qtRMvFCyrMCjiZD4kHCh4QV3213Ip1hCs2zXVW0GNBoqsq1ZFh2Oq1YAWaNlU0MW3LZe+5Z8CmnG+Jcflt15l37TyHBfVKbMMKzQruFAF69GMNJkGY4o0LFD01vDDBavO0hoWJO/PqnCLnjvasGCFgNFXq+1KGuY9B2rRq3sAEbtav0qFJmpkVTGqVdN6a7cVTP0cFHlSf759f/4yMQUUaKa+8hcGLKtX0XUA1KhVwdqktGaFJgIFbzkCvIujF/5qP/cX0AznavAivis2K6ikCcOH//7zTkamy2gx2fxqtRkNC7JkNiOI3J7dsKBnr39wmH3yuXr+v1QbrYmGVauFrvt/08iJij+E/NIND1dwqQtJ95nZYVm/f75r6KGk+1TO2mtMAQUayL95XlUV4zHVakA7tCpYc84i2yh1i4dvRWw5x5q99XKftDkGTX2h1sRmBTOcjBsWxH7dElVnM5sQRP8757jlGhac2usfzP2C4iNvdD35KTpPe6CZa/AhVb/uAWQ48v+2kd9F3QNAM/iw6E5Jp79UsEzEXlUvRs1sYGb7Cho0FNk5tFvguQAUwK+xWNUbgJfajNdtABbQqmBtEfHwrYit0ADvUlquE1ZD3fBdeBqlwc0KUlnQMEKrNSxIC8gWnDo6Pm3qOVaZArqjSUVjkS9yUCJfFXa17nFk2Faw3hoLQudHwI2oroqv8rqjYNpnr+DzLsRfd1/ScQGnu8UUUKBZ/POUmxVe8ojHAaA9WhWsbZWw5ZUzqDv6ni94RyMrvXJo4ovcgRrYrCDL//gHzzsZyS6XalgQNStAy9o3K0iLn++Wvf7BVV6E9zT5OfBifg34f8tNn/J0Rc0fY5MN6h4AmsNXnXdVzJsfpwqmfR7U/SLUzIYWdLK+z48rj/MmryHbQIO6B4DN50O1vDNS8rjgcQBol1YFa87ZeVZolVcZYd2MAK+fe6DNs60GfT1Nb1aQyXQS/WTy4SLVapG7UhsW5KpWO7VHH+jNOGqmj7zR7Um6EblpU4LkTddXNZ21VnXdTwPB8jahWhoF8ksfrPKm0oWkh8ys07Q1iPz00I7yBWzdwge02fg7j1I55w5Vbagm8TgAtE6rgjXN+ONd/BTQwgO8O69+8GyY+wTNdM3/savVOjQryDLy66yNzfo4s2FBWtiWsm80SEvf51LBO/2r6Cc+p2Kt4fy/4aoWAS7CTZoZLM9XEuWt4MGG8ksgLDt1MgzU9qpeQmFZOQK2WxWvtboJBnUPAJvLv3H+SMWXvd20NwsAlK9twVrtVgjl+nWPvSQ930mwFmvWrGCKfcdfO5F0udQaapG7phoWJO+PhWqaPlc8sFupC+hH3ugONL1GFy9QGsz/+6n6CWsRHnPOdeoexBrq1T0ANNKhFltvbW0CtaQFAzamgObgn0exnioK5Zzb8aFaVY0KQud1LA8DoH6tCta2nJW+leTyHz1wvqnTcLZV0xSjdWtWMMO4icFUdVkoWa22aNg2fef0uQN37NEHVukCmrVG1zDvOVEuH4gP6h3FSk7oFLoc/w48VWuIWWC9tbUN1JIiAdvHKqjUi37NvJjOb1Of46IGkecnVYdql2IKKNBa99Y9gCo52VALdq0zuVzXKClc65dx0ga54pzr1fBO70Br1Kwgm53IIk8eZjYhSHwSrVZbtmHBJMi70OpPJA4l7SZvfNoDTKlpIh9Kn2g91lXLsi1p4Jzr1F15uma6CipJ1/lnj4KZ2ZmfYv145OYLSb11D9PS+KnRXf9YeCBpj6lfKzlS9SEINpCvRq/r+UntM1nWyFDSrboHsaI9lfu4dar1fgNbalmBRKuCNS3xw3UzV20vzoIBXr/kYTTBTefcSVV/kNa2WUEK+86rJ+4bTy9lFnkSscDU0OIaFhzYow/kXmfuI290+0pvf77I1CJULFLpmeffT9MQri3JzIY1LQSNhjOzE+fcbUn7ko7MbOOrkHy1Xr/ucaw7H8yeasE3v4E0vjlR2vPJKhxv4psIZfFvTvRqHsZKfIhbZrA2YHmB9dKqYM1FMqy8FWmZkutTLWiBAO/iO17w6+v2gi/vk6MT59x+2c0A1rlZwQwnkq7Prlab17AgZd+phgVT+zxsjz6w6u9nP+P2dfu933gVh2rnCn43yl7DjXBtSWbWd8EfVMI1xDSrmrtYfur4zrz9qFzLrSvpyboHgfXjp372VV8wey6mggOt16pgTZGKtcIr0jJyugICvHV7x/dYwR+XM6VM7ZtjV8G7F6X9cVr3ZgWZgifyPizMqlZTvmq1rOmjK66rJkkfeaPrKTukaeb3uqVqqFTr+iqGtKYWRQvDtW4bqmyK4MO1odZ/SjAQPjfYU1Btt+c3Kcdjj3Ox530XCp573lXwN20oaUj4Ns1Xwz6s9WyIg5r4Cuqe6vs7dCmp09A33TeOfy7alPVxyx7HXgMabd1t7GvfBmpVsLa1wjzfUc7jCgjw+queoEJ3zKwrjavCnshxjhvOuUEZL243qFlBmhNZJDCMd+tcoFotZd/o7dP7nGvFddU+8tNuX25myT4P5A3h3w0+UXWh2q3IH/KuqlnTa1vS4865hxr+b70xzGzgfzdYHwlrw//Odvy2r3If13Y1eZPxWmQMUhC6nSl4XjKIvngxs4KnVawHMzvyISePJ5ipAVVqEqFaHfaV7/XlOrqu+h8LTxX8rcQCWtUVVM6CyrIc21bWpmK3hIt/+PlrMw00FrT4d2Nv5zxX34dgRRtoI5oVTLN/1Lkr6c7MNdKS66MlGxZMdRXV9LmCfS4ldVdZV83rz8qdn/YA7+g3gX+Rc6bqQrXz6JoS4SLhFV1bkh5zzq1UidkmZnbXv6HysQoe8y/qHREwzTl34JwLqyyfVFC5fl31rhW5qyBse0TSO5xzd51zJ865bknPgdaCfzw5rnscaC6/ltqTqn9Nvi7VPABCrQrWnOzMaaS0bbKI1JKby9pURIA3qOY7s7Kstcd6yrcA/bYKrtTbpGYF2SJBVLJabWbhZNb9GdVqQai20hOJj/y0O1L480gf2+kq50cx/BSLd6jaKRbd5A2+grXKF1o3nHODNr+4XZaZDc3s0Mz2JD1b0sMKfmanImxDDSJh2l0F3Uqva/klKqq0rSBoe0zSH7Q5ZPPh2kMKnl8Cksb/poeqr0FB1EMsHQEgqlXB2rf/r/8+s8LGyQreCgnw1uUB+8xXlcT4oK2b85zX/Iv6lW1os4I0J3MbFmRVq0X3TVa2RQ6X2S179IGVfi8/8tPuQNKNObvxDmCNnHM7zrkTVb/WzcMz3v09VLWdYq9KGjZgfYu1Y2ZnZnZkZl0z65jZnpm5Ddw6dX+vEecfu3r+xXcYpq3rGoBhyDb0AeFevcOplp+Svyeq11rPOddxzg0U/JtuQjjOkhEAprQqWJMkJ13kLCaLbfmvv1RAN1jhUo3gXyTfynl4b9Unkn4aW95pXc1tVpDCvvu+oaTzQhoWxI4d73Nsjz7QW2WMH/lpt6e0asTpMQxWuQ7y880ChoqsB1SRO2aW+W81EtRXWcGwLekJP+0EQEM55/Z8ZfpQQTVLE158F2VbQUD4pA/YmrJwd+kiU80/RkEVLNXsLRIJ1J5Q/dM+Q4RqAFK1qnmBJDmnoQp4wpUVriUzjRWc/x8zKuzWiZn1/Iv1ZadibitYMD3Xk0g/fSJvx7rjtfzDGaxt56dYrtCwwKYOOVcx68wt+vMYFHAtLCGyCH3VgZqUWKMxi+8Seqj8nX3zuukfww7p5gc0h/87f+i3da1MW8Z1Sdedc8eSemmzBTaRf2PlyG/ylcR7mnRv3Ze06pTZHZW75l7YIRZz+J9vT80J00KEagAytS9Ykw21wAO15axLc6uUs8WtyzTQRR0oX2e/K865XnQx8yWcKF+Ieh52N11DfUWnWaY1LIhKC4It8YnpQmadVZsVxNZVS2MKE+vzpz2wNtNv114DXpgGzTAWnHJtZmHFxrzpxEW7oqB67VhBwMbvKFAjH3b31Y5ALem6pAPn3FHO50drrYw3OHyYU2a3wX4bf1bL8Eu3HKrepiJZCNUAzNS6qaBa8N2i4tdcS99mGBTxxTaFf1e1l/Pwm8tOffBd/fK803WpNW4rbK/+3DNJlzNLJ+dVq8U/DtaZWz1U62rxIGSwyrWwmHAtIk2mTtX14nTprlq+S++dksYzz3UFax712rioOFC3yBqQj6udoVpoW8Hzo7M2TQ/FZvHTuHu+ychjal6odilCNQALaF3F2pYLyuZHK62UliLnFNAZ4drarO21KDM78u8w5wm8Tpxz+4tUiaxYzTKQdOgKLD3M0C9xCseJpOup1WrJ2aGxUE3Tv8emjn3/C1btALr4OndB1dpglethtgZUqEU9vEJXra6Cf691PAnfVhBGHjrnDnnCDVTD/33PW42+qa5IGvBYhHXiq9MOVM/yE4u6lNRZp/WWAdSndcGafMXaVt4kLEtGDpMzwDvvfd5vbuo0o67yTQndVVDxtsg6X6tUkVxTNX/kByprrQ2zgSzRBXWhhgVT1WoPrRqqffin3Y4LvtZlft6DVa6JbP5F6UD1B2pSsI5h3sYiMrO7furOUPV9PdtizRygEv6FeNXrK66LbUmP+TcgC+moDhTNv7kebk14HjLLuaSDtqxjCGB1rZsK6mRnBU/ZnGlLlmcbFPcVN4v/A9XNefgN/0cZs/kKoJQKtai0hgUTD9nrXtBfZRAf/im3I9PAlnvydMr6auXx77o24Z3X4yLWMfQVrB1V2yk06jbNDIDyEaot7Ibvjgo0gnPuwHezvatg+vZ1NT9Uu6Og9fUf6AAAIABJREFUUm1Y90AArI/WVax96+e98+63/+yzLrXkg3pmuFZw4ZtvmtCEF76lMbMT59wd5asM6zvn9lg4PJt9z/133cNvOpdldAed9TsbhGwPrxqqeX0tP01v05p2NFFX+apGi3KnyOYgvlNoR9VX4l0o/7qRreGnHpe5/tMZfw82G6Ha0q4757TGTZiwIfzf5sfrHseSbtFkAkAerQvWJMkFLypj63zlzscKXorLB3gbHax5XeWbwrWtILChcm0mO1E01JrXsMDGdx/b616Qe3pe6MM/5foKg1OTzC38T2Ww6rUxm5kN/QvVOp7snit/xWqmmsK1hTuZtty+yu20d5943NhYhGq5Ea6hdmY2cM49LOmRuseygKBZF1XoAHJq3VRQbyq4chVti/jW579z44M1/4I0bzh2zTnHGiKzmH+hmewOahm3BY7tdZ/fXfXSH/4pdyQl1nhbzMXTHmSB2Cr4hgFVd9U8VTC1opQwyk9z7aiaaaFMAQVK5teEJFTL7zrPlVA3v5bqcd3jmOOOpD3+rgNYRVuDtWFdF14gfDuva2xV83/Abuc8vOec2ytsMBvGjp4/UBgwJKvVxjtFbrfCQrWu0jqyzpmB6jENtFpdVbc22bGZlRaqhSoK15gCCpTMTyEe1D2ODfCIDyiBOh2qma9vLhV0Jz+gAh3AqloZrG05nW05qYytAMNCzrI+egpeqC5rWwQxs5mdTDUvSG9YUGSotkp1wWDVMWBx/klkt4JLFdKoYFEVhGtMAQXK11fzFzhfF/26B4B2izzfqKvRUJpTSfurdCcHgKhWBmvfcv87B9JIs7d8CgjnWjUVbsUpoVecc70Ch7NpepIu55SLHdv3VRSqza5au3zag0ZQWrEKpoTeqmONnxLDNaaAAiXz6yXmaW6EdDxXQu383+Vu3eNQ8LzgIV9FP6x7MAA2RyuDNSmYcjl7SuYodZsfyC27TWlVsCaN/9jeynn4Tf8kHAl2+/OGkvYUrm0Rr1a7lOlWZaHaeFCZ4RqhWn26Kj6ACp+49go+78L848qeipt+whRQoBr9ugewgQ799FqgNv7NvLzP94twrGAttX6NYwCwoVrZFdQ7U7Rr4oIKbgKqlHCtlVOMzKznnDtQjp+Jgifhe4UOaEPYaz7vrqSu+9p/e6igO19w+2s/f1DE+QuY/hkiWKuJmd31//aK6tx4oaCzVu1vEvivraPgMWLVChimgAIl811Ad+sexxwXml62Y0f5nr9UZVvBOle9mseBlvPP9/dVbVXqqaQeFecb4UxBN3AE9rUeXXdbobXB2pbTQCmdCxdYYH0pyQaM83zz/e8aFDyEpfk/PMVniPOvW8gCu3WNv8nsn/wvd1XwGma+++d0o4K5g5HMxX5AF0wDrZeZDZxzt5Xn5xl3Rw0LoMLp5n4q1M2cp2EKKFCNpnSxPFXwN3Pot7NFH9d8Zdi+gjf89hRMS99X/WvGHTrnjpr0+IzW6ir491V2GH2hIFDrl3wdVMQ/fg3qHkdTOMfL3SZpbbCmoEJmqtKm6F/PrN/3ogM8oEof/inXV0ownROhWjP0FKx3mLda5OEmLwLs3yUfKPh9W+YFLlNAgQr4Kpa6qr4uFDw2nKwaome98PNfX1erPc6uYttfu1/DtYExX03eVfDvpIzAmUANQOVaG6x94+e+6+53vfnjz1XTk7iMvK2JraiBsQ//K7cj6UjS9ZVS6HjVWn/1kWFVkSe6y04JPVdQpVb71M95fGXenpabGtqoCjxgg3VruOappCO/9lOp/GPkoYLKsQP/8dWyr5tAsIZGMLMz59yhillOJHSh4PebyswN5t+kYM3IQCGzvVCM1gZrkuScnSgM1gouIbN8qQN/BNBYPlQbqNgw+vxpDzY/kGmLJaeEXip48tord1TFikwNDdcbmvVuOVNAUSiWKpgpb4fwPC4VhOa1VEz76574gO1I1VWwXXPO7RA6oAnMrO9DklWXoaBCrV2OVP2bEsBcre0K6k2eUM1uEbr05pylb5q5DSv6uoGlfOhfuX0L1pmZhGqrhtFBh9D+imdB8XoKnqTOckfS/rqFalF+2uqegq8lDVNAgYr4StKqwqVzBZ0Ba1+GwI9hX9mPQ2XoVHgtYCYzO1RQOZrHqYIO5HT6BFC7Vgdrr7jv3WdOusiTneU2+8TDVU4NlOFDP1nqOhj9Es6JFYQVXRl3n0q6z8wOzNb/jQAzu2tmBwo6TCWn4jMFFKhOVdNZziV1mvRvO/I4dFzRJZk6hKY50Pw39KKOJT3bzDoEagCaotXBmiQ52WBOFVnqtpWxrVrsBjTJh37SHUl6TBaEalNFaqtVrR0//cHmvLjBhF8L6FbkpgtJL/JPYgf1jKo8ZjbwXYkfUvC1MgUUqFYVYc+lGhaqJRyqmrV2OxVcA1hY5A29yxm7nUt6WNLHmNlarOsKoF1avcaaNF5nbaq7oVm+mMvR7xMb4EM/Wcp6akn9Es+NFfkumnuS+m0Jmfw73/2ahwG0URXB2mGDQ7Wwgcyhlm8gsywW/UbjZDQzuFTwN7lPkAag6VofrL28896TVw/+4qUS09ycqyYgSwR4g0ouCszwoTsu6BrmElM/TZIb/2fq9iVdPP0L2hHWrDMz69Y9BgCtUHbYc7kOU8Z8A5myO9aXeW4gt0gzgx1JJ01YBxEAFtX6YM1LrVqrQlUBHjDPh+64HQWLtWd3Z8oK0ZYP146W2hsAgPzWqdpl0rF+TfgwZN3/rpcd7nadc52Sr1G2ftkBtW9mAABrh2BNkgvKjK9Lqzc6BNbRh07cvpz6Snb9zAjL8hWpjYWl/QAAVGFQ9wCWMKx7ADnsSLpa9yAablfVdb4ty6DuAQBAU7W+eYEkfV3nvQPndOGctJWxrdqUgCYFaKoPnbiepHdo0XfIs9LnxVPp/tO/oLnr3AAAAAAAsCgq1iZONGMKnCs4DSNcQ90+eOI6kvoufAc1rQytnKq1dZ8uAgBYL526B7CEvboHAAAAlkOw5rngxX722lJLqmNK6Xtf8Yf2JHWds7A07uQvfMf/WKd1RVCBDz7udhT8vl9PbUawiPxrrR0//QtsuOzlAABYQRVdR4tyUPcAAADAcpgK6h1efe9Q0mlR56t6iuh7v+EPHcn0pKSb4830jvd980cNn/yWe4+e/JZ71+lJJUrywcfdoYL1W9KbdaQlwjNS4hwBMtVqAICkspcH2HbOdUu+xsqcc3sqv3HBecnnBwCgdQjWYqwfRAWLbM3xnpc/7UjmxtV2Zi46xF0L7nvHk6+8d/jkK+89evKV9/JuaMt88HHX+eDjbijpEUnb4zss9p/lLL/W2unTv8CooAQAJFXxt6HnnCu78+Oq+hVcgzVOAQAoGMFaxOHV9/Wds0vnTPO3Ueq2eDBXTGD3nq97WkfRKazJU1js412/7+PDV917d/iqe/vDb723O/y2e5v+RBM5ffAnXOeDj7uBpCe0aDeq8qrWeovvCgBokSqCtV01uCO1c+5I1XTWHFRwDQAAWoVgbVp/lYMXC+WytxwOJclMkk0mkyaq1oLPFf1c2wqmAz4m0x8Mv+3ewcXNew8vbt67l2cQaJYP/ITb+8BPuL6kJ2RznqhXU7V2+vQvsEGeSwAANl5V1czXnHMnTatcc871VeA6v3NQOQ4AQMEI1hKcs6OCg6+ydaaCkdlVa1n3XZXpEUlPXvTuHV707j367VtMGV03H/iXbv8D/9L1JT0p6Xru39jiq9Z6eYcCADOwfugGMLOhpIuKLndN0plzrlPR9TI55/accwNlrXtajkGF1wIAoBXoCprwsucNh6/5+b1jZTzJaV645rbjJUdO8mM0c3KycVcEMxcbv5nkwkI2CwreXPDxrpxumHTjt2/dKzndkdNA0uDPf+v/xzudDfSBf+E6cuopnEaS7M45r1unv7+kDqFUqwEoS88v+M66URFm1qt7DDmcqLqqrV1JTzjn7kjqmVW7/qf/ne2p2kBNks7NjH8rAAAUjGAtXV/VP9mRpOWnJpjO5dyVICXzWYY5KRKojcuJop9nhS7pH1+T6Zqc9Dt//94LSQPJBnI6+XOvfIonaDX6wL9wXQXTga9kBVy5wrKsA2ecbMZdvTyXB4AFbKu6MGad9OoeQA59Vf+zvKZgeui5v/6Jr54rnJ9+euC3a2VcYwF05gaA2e6rewANwuv8JRCspXjZ84aD733L3qkii8gm1yhblaVPnttX8I7tEufRmYu2Zk+kG9NVagtXrUWCOkWq3rTrnK5Lui7TY7/zD+45d76aTU6DP/vNBG1l++//3O0pCNO6TtrOTM2aUbV2/PQXUq0GAJjNzM6ccxdatNFOsa4o6Jr9iA/ZzqJbniovP9V0T8Fzu31V05hglkst+RwTANrGjNctyIdgLVusO1PRU0ALjOnOZLou51Ry1VriGBee9IqZrjgXvMv8u99xz7mcBmHY9me+kaCtCP/tDW7HbelAUlfRwFeJ36WCqtbG+69etdZb4rIAgHbrSXqs5jFc8dt45oIL3oE812Lv3tcdoGU5YRooAADlIFjL8DXPHZ5871v26nrndBmDeeFKCVVrsf0TwdsVBWHbDeek3/uue4Kpo04DJ5396Vc8xRptS/hvb3DhtJEDBVOeps1KzXJWreUyfeztp7+wnCk1AIDNY2Z951xPzXzudWX+Lo3Wq3sAANB0/m8QJoZm1q97EOuAYG0GJ+uZXJXvnHaWPeDjHvnw2bsffroPNWqrWssO24Inx9dlum5Oev93b11KOgubITinsz/18hHvoHr/9cfdjoLfg3GYFn5fbSS5lD6+Da1auxRP4gEAyzuU9Hjdg9gwt8paOw4ANszNugfQMKcK1iDFHARrM7z0uRf9175lt6cK3jm1VSaHmjs1Z1cLqVoLG4yuVrU2vc9krNtydlXBVImbJuk/vnrrQs6vZRIEbmd/6uH2hG3/9cfcvqSOnDrKu6DxglVryZ/j0udacBwm9Z7xQqacANCw7gFgvZjZiXMuts4tVnIhmhYAAFAqgrW5Rj0ttd5HSknRAlyQaO3lOlgaSLpaSNVaVBFVa4njkoGd/++ugvDymvy7BL//yNaFnIYKppEOJZ39yRujjZhGevmjbl9OQZgmdZzzwW1WpVnk+7pq1drCko0MlqtaO3/GC40n8QBkZkM39Q4LMFdXQeOA9CUQsIwua6sBAFAugrU5Xvrc3+m/9i1/rqeFq9ZGq1wub2XcQOZumrN4NdKsqjULquRKr1pTSvZiLjhR2nknt+06065cGBhKv397S87pwjkbKgjc7iqochv+8Zc2c4rD3R9x+5L2nBRWpe1L2s6s7Ct2jbPU+xaqWlv2/PH9Dpc8M4DNRvURluID2a6YErqqW3S4A7BhBuI5BRqIYG0BzllX0hNlnNssnlS89i1/bu+lz/2d4TLn+LijDw3effiMyC0LVK0tuqD9nKq1IBTKWbW27PUDu2Zu1zm7Gr3vP73Wyblxx64zH7oNJQ39eM7+2FeW847tHxy7jiS5IDTb8eHZnqQrM6u8lgi3Cqlay7nI2szDpu88fsYX8iQeQMxAPAnGkvyU0IclPVL3WNbUsZn16h4EAABtQLC2gK/+nN8dfN8v/NlS3nGPVox5e8q3Js2pzF2NVa0lp32q+Kq1mOKr1ibHxYK89Oua6Yq/Lxa6hcf85+8fJ3rhNNPouYaShuEx49uD/+7LaWfyqSQX+V1YYIrk3GXNCqpaS/3+pO2nAqvWJrddSlSrAZhyIhYDRg5mduSc25d0ve6xrJlzM+tWeL2hpFsVXg/1GNQ9AEBBEQXQOARri+uppKq1hH3l+cNlGsTCnujaZ4pXrU2FKsmKtvh5J6cbnyz+cQ1Va5OAMO388+1qetptemiaFfZlfh/mj73MqrXM8c8azwLHL3jY4TO+kHVcAMSZ2RmL0SMvM+v6dfoI1xZzrhxd5lfhO472qrwmgNbaiDW3sXnyrbTfQl/9Ob87kHRcwaX2ch43kCSZb4MQBmIW+Xj8uYt9nqyZs+ix0cOjn08V2sX3iX2cco1wrJnnTV47elvWtZP3WcrtyfNPffHzr7GQlOPnnTJr7Jn7Zyznt+jYZ/4c5x44ddvpM77Q+jnOBqAdenUPAOvLV189XPc41sCxme3TrADApmLdSDQVwdoStpz1tpxdbjlTWZuCirWlfdztDw1kuozfOgnQghAl+XlkV3Ozw7Ks0CcWREXOnwyyUj6eutyskCctqEoEc7lCokXMCRpj96WHTrNvW2LcCwd+s86/7PcpLeSMu1TQwQ0AUvknwqd1jwPry8yOJL1ISj7XgXer4umfAFAXnk+gcQjWlvCVz/m9oaSjMq+x5SxXsOYNJJVXtWYpn6fJCJI2qWptoWyqzqq1BS9cUNVa7xnXmtmVFUCjdEUoghWY2YmCNyDP6x5Lg1xIuo9GBQBapF/3AIAkgrXlHSl4ElOW7e//xT+zk+tIcyexIElSoVVric+npojmrVpLhHyp18u4baGqtSIq2bLOvy5Va8vcN2P/lMPuPOOalRo2A9gMfh2mg7rHgfVmZkMz21cwNbTtQe1tSftMjQLQMifi8R8NQ7C2pK98zu/ddbKyOx/mrVobjD9KC5wKrlqLnT8pI1SbmefMqlBLu23RqrW020uuWksNFRc4buqa874O1Vq1xhRQAEvxAQDT+bAyPzV0X9Wsf9s0pwqq1A5ZTw1A2/jHPd7YR6MQrOXwkue8/8TJ7jiZSto6ecb1ca/54FDmzpeqWktUqSU/j5kK5uZUraXcn/ZxWtVaZthTQ9VaVhiXeu5lq8RyVq0trNyqte4zrvGEHsBy/HS+jpjOhxX56rWupPvUjjV3ziW9yMw6VKkBaDM//Z3nEWgMgrX8DlXeO+6dFY4djD9apGpNGZ8nK7aSVWvR/VIDmpQpoX7/RarW0m6bVbVm0WAu7bppty9YtTZLanCYdZ2sU886dsY4aq5au/2MAztZ6ggA8MzsjOl8KIqZDcysI+ljtZkVbGGF2r4PpgEAwWtmnkOgEZwtvGATkh59658+lPTISidJ//ZfvuQ578+1ztq7X/bMfUnvkLMg23K+Zs35i/n8yYX3jT8P9098Pj5WiWMjtzn/qUvsE35xLnGO6P6a3B7cZrFzT51X8fNEx+ecxXdKjj/ttln7JsaYeUzKvpnXSTtu3rFTO6eMSZLLiMnTvtfTO6Tsl8Xp/JkHKzXZADaecy6cplYKHyJsDOdcV8H6a9dqHspGsLR3m1rEObej4PfpUNKVmoeT14WCBbr7fn1CAEjlnBuUePozs9KXQcrNObenYM21dX2sb7rTTXvOWRaCtRW9/q1/YiDpqumeok/97Jd89vvP8hz47pc9cyhnu5LG4do4tPK3jYO18eeJQCsRUmUGYxlh2yTwSYZ5aftEzxm5bjKASwuA0sK1BYK1qa8pa/+021PCsqlwbYHrJD6cfezUzun7ZIZrMwLDqfHMfjl2Kaf9Zx7wJB9AOZxzHQWh5E7kv1gCT4In/IuuA79drXUw850rmHnQN7NczwEBoG38mymHkm7WPZYNRLC2oHvrHsAG6Eo6c3pqu+DzdiTlfVJ1InM3xiGVgtoxJ6ewiszMf+7Cz51cJAQzc5NwLdzfxU4W+9jkT+UW2z/tY3OSs8mYJrdpOuxJuy15Xzi2rLEsaXyexPlnjmHGuDKHs8IYMy0z1tnX7/7/7d1NbxznYQfw/xgtWjNtSClxkrYozB6iq+iLZJ/CfILIfUFT5EWknRgN4Be6RZFDD5W/gYwol6CJyU9Q+RtQp8Q6UdewKKRjbFQWD9Gp8fSwu9Ts7Oxwdnb5qt8PILgzO8/zzAqGAP/1f2aFasBxGj47aveUb4MLYtj2uj38SVEUNzIIbNdz+kHbKEjbS7KrmQYwu+GXGdwqimI7g4DtRpKXT/WmeO5orC3AL3799fm3hE76+K3Xfnejz8D9d5bWUgy3gyZTW2v1Ztqpt9aa1tVaO0uttQ+WXi9vNc8OAOdPURRrSVYzCNtWKz+L+p+ygwyCsyfD3w+TPPTlAwDHZ/h3+3qe/d2+EttF+9BY60iwtiCjLaELnPLgrdd+13v7y/47Sw9T5OVFPmvt2fWjg45hW8uz1p5dU5kz4/fUOG/l+vrcx/KstS5j6vd0xNqtoVz9/YYxY7fWJVhrmX/sXpvf/3jp9bJX0AsA59Vwa3Jd/dwoOBs7N2xRAAAXnK2gC1KkvJHBv0IuJ0k5/16+5V/8+utrb732u/7bQZP3MriZDJKn4VdyFsVoL+izXX/1LZqpHVc/TsetneMJTWUL6rR5h+fKonZP07ae1oeWo482vo21zbTtnWP32VHjn2V9ncYBR5zr8H51/vKL5nBtYui0uSZPP8hgyzMAPFemNMuazgEAz6kp3RZm9ePXPn2SSvhQpFzEzzwNoe2UGaRUFRNxU+2a+heJTR6Pjy0rrw9/ldOvb3rdWJpsuu/G6xrmnvLe1Hvpqj5P29pt6zSca5ziqD+jPma518HxQZKNpdf9qzsAAADUCdYW6MevfXq3KPJhMdyWOMvPFL2DtW/+7OleBl/VPlAN0EYNtrEwrJgMvtqCqA6B2fiYanjXMu/wXD2wa5q3cehh+NW9bjYtKJspzKrfU1N41jFkOzL0m/J+df7yi45Dp8317OX60uu+mQwAAACaCNYW71YGW+dmMiVwu/qfv/na6hz30r21Vj08R621sXOn2VrrMOaoc2ewtbYpVAMAAIDpBGsL9qNXD7eEHixoyt6ttbLM9viJXLjWWpOJ1lqHQEprbcLm0t+W20fcBQAAADzXBGvH4EevfrpXpNzo8hy1Dtb73seVO08fJrk30VorG1a+yK21+r3Nsn6XeS5ea23nS0I1AAAAOJJg7Zi8+epnd5N8eNR1HcK37/zyNy+t9L2Pxtba2GuttaZ1q7+fs9bazpf+rtw4YmUAAAAggrVj9earn20lubeAqTb6Drxy5+l2koO5W2tlS2ttGL6dSmutaa1FtNYm/iyOmOe0WmvzNNgmxwrVAAAAYAaCteN3I9Vv5+xnY57BY621pkZal9ZaWo6nvde3tXbENtOuYdJcrbX6mj3GnEhrbdotzN5aE6oBAADAjARrx+zNVz97kkG4Ns+XGVz95W9eWp1j/O0kDQFZMfnMsrPQWmv6BLVwrGtrrS3A6txamzbXBWitDefZ+dLfC9UAAABgVoK1E/Dmq5/tpSg2UhTp/ZNs9V3/yp2nD8syHx+eqDfSkrS11ibCt6bj6vkjwrNy1JJL9bh2/bTW2lHrT3lvrtZaH22ttQ6h39RzM9x/l9ZahGoAAADQm2DthLx5/dO7STZ7T1AUG3Pewu2yHnolk621pmBsltZaJsOkxmCuds3Y66YgLZX7OKq1Vl//rLXWmnRtrVXfnzFwawjXdv7sH4RqAAAA0Jdg7QS9ef3T7SLlTodvAm36Wf7VJy9t9F37yp2nu0keHJ6Y1lobvT26Zuy4cmnj+MrFfVtrLeMW3lo7rvbaEUHj2Hsn2FqrEaoBAADAnARrJ+yN659tJNnpOXxjzuUX11qrT7Go1lrLGqN7nTrvrK21NLy3iNZaXyfXWvtAqAYAAADzK8q50wD6+NUnL+0ludpj6N+8cf2zh33X/e3bSw+LIi8flsWKclAcK8rBqSJJRueGh03X1N/L6FFwGT8uGo7r12TKHIdrVD5AkRRF2bxO9Vzl+vrc9fEpKuvW1qt/pon7TMv5tnuaNq7pvYZ1jlyzfnuD8wdJtv78H8vt5qsAAACAWWisnZov1pMvHiRfZMafW3MufOtEW2tlw3GT56C11rpztWV76oJaa4+SrAvVAAAAYHE01k7Rrz75ykqS3czeXLv0xvX/fdJ33bbWWlJrkS2qtVYds4jWWtu6i2itTdxf7XOkw/VNY+rn29ZpGnfU2ImLkyT3ktz48nfL3v/NAAAAAJM01k7RMBxbT/VLBbrZmnPpqa21we88+72o1trYRVPuasoXGLRGv20NtaZzXVtrTefPZ2vtgy9/t1wXqgEAAMDiaaydAR99cnktg+bacschB0lWN68/Pp3WWoaNr7Em2IJaa2l4v2Nrbey6nq21sftvOtextdY6puHaY2itHWTQUtsNAAAAcCw01s6AzeuP9zJorh10HLKc02ytZcpxvbE1rbXWtG6SalpUb2B1aa01nWtrrZVlPRVrWWLG1lrrXC3Xdm6ttY1N7qXMqlANAAAAjpfG2hkyY3PtZFtro+NFttYqr8fWG57XWpsyZ/vYD778T+WtAAAAAMdOY+0MqTTXujxzbRGtta2J1lr1OWrT2lOLaq01zqe11tZaa1nnUZJXhGoAAABwcjTWzqCPPrnc9dtCF9Fa2y2KfOs4WmvPrh8dtLTQTrK1Vpv7TLfWGsY1jP0wya3l7/mCAgAAADhJGmtn0Ob1x09SZD1FHhyGQ80/yynmbK2VxUyttalNqxmfw9Y+ZobWWtne/mpsrdXmPtOttfY5H6XMt5e/V24J1QAAAODkCdbOqM1rj5+k27bQrY/uX17pu86Vn/9+L8lOkvFAbWjYWxs/UVaDr2Is8KmHVFODsSlbROvXN71uDp3G73Fi62l9ng7vTb2XrqZsi22dq1uglnLQUltb/r4vKAAAAIDTIlg7wzavPX6yee3xWkbBV7PlJLfnWmjQWhv/RtKJ1loxHoaNvRhdXzuuzzfL65bW2oSm1lrTc9+ahh5na611kto9dW+tPUry7ZXvl1vL39dSAwAAgNMkWDsHNq893kh7uHbzo/uX1/rOf+Xnv3+S0RchTG2t1U7UW2vVt89Ca61h3ol5TrO11mFMw7kPk6ytaKkBAADAmSBYOyeG4dpmyyVztdau3Hm6XZa5N3byqNZabRuo1tqxtdbuJXll5Qfl1soPtNQAAADgrBCsnSOb1x5vJ3k9qW3bHPjWR/cv35hziY0kB51ba9XDc9RaGzt3tlsvNHgvAAAGy0lEQVRrB0neX/lhub7yw3Kvx8oAAADAMRKsnTOb1x7ffSHl+gspH72QMrWf2zv3L/X/IoM7Tx+WZW6NnbyArbUmE621DuHXMbfWdpKsXrpZzvf8PAAAAODYCNbOoZvXPt9LspbUtm4mLye1YGxGV+48vZ3k3kRrrSwuRmutaa22IOyI1tq0EG3ifPfW2r0kr1zaKDcu3bTtEwAAAM6yopypXsNZs3P/0u0k79VOvzIM33r57dtLq0WRvRRZTjH876NIUpSD/liRJOXw3PCwGBwXY9fXjpMUo8xrbGzt/co1h9eP1mu9pnquYd3q2qms3XB/9c8xdu/VcfXP1PRZM+X8+HyPkmxd3izvBgAAADgXNNbOuZvXPt/K5HPXtueZ88qdpw+TbE1trbVsrxxrqZUtrbXhltGz1lprnqv9Xqa10Dq21g6SvH95s1wVqgEAAMD5Ili7AG5e+/xuBltDHwxPXd25f+nWPHN+82dPtzN4ztfkc9SSdHrWWlqOp73X8LocPdst1ePa9UdsM531Swdmedba5OBOVx0k+SDJ6uU3PEcNAAAAziNbQS+Y2tbQubaE7r+ztJJkN0WujrZ6JqlsCX22XbIYbhVNdSvl2HbNcvr2yaLhuPL62fW19RqvqaxZu8exeSu/p20JrW8nXdCW0IMUuZ3k9ld+5BlqAAAAcJ4J1i6gnfuX1jPYDvrk5rXP1+aZa/+dpbUU2U2Gz1vr+Ky1sWuOetba6LjlWWvPxrQ8a61y7eG5rs9aq9xr9f6awrWewdpBMgzUfixQAwAAgItAsHZB7dy/tJLBN4Q+uXnt81vzzLX/ztKNFPmvzq21w+MTbK3Vz6U6x6m21g6S3C4KgRoAAABcNIK1C27n/qX1m9c+3513nv13l24l+Y+5WmvV97LA1trEGpUbP73W2qMk2yly+6tvCdQAAADgIhKs0dn+u0vbKcqbWmu1e6++lzwoitz+6j+X2wEAAAAuNMEaM9l/d2kvRXl11EhLai2ys9paa1t3Ma21nSTbL/2k3A0AAADwXPij074Bzp31JLtJrqYsBmFVmUHgNMpoR4FTOTwYhVJlBkMqk5XlMKAazlHm2eVjx9VBh4Mr61bWrK/RNGZsyrZzZS1AG7/3R0WR7SS3X/qJ7Z4AAADwvNFYY2b77y6tpCj3UuTlPq21wfUdWmuVMY3XzNlaa9xqmvF5qnNXWms7Sba/9rZ2GgAAADzPBGv0sv/ei2spsptkufez1oavk5ZgrG2LaPVZa7Xrj+FZax8nuVsU5d2vvaOdBgAAAAjWmMNhuFaUy8mUFtlYM62shWMzttYqr8fWG54/htbax8PwcPsb730hTAMAAADGCNaYy/7Wi2vJIFw7ndZaMhnmVdeo3OzRrbWDYZB2t0jufuN9YRoAAAAwnWCNue1vvbiaoryb5Oo8rbVn10++PsbW2oMU2S2Su3/xr1/s9v5DAAAAAJ47gjUWYn/rxZUU5XaRfGeiEXYcrbXD8aM76NhaS+4VRfZSlLtJdv/y37TSAAAAgH4EayzU/vt/eqMocispry6itdbaQju6tXYvRR4WyV6K7P3VT/+wu8jPCgAAADzfBGsci//+lz9ZTbKaIuspslIU5VqSlRS5usDW2kGK7A2v303KJymyl+ThX//7Hx4e48cDAAAAEKxxOv7np3+8miKrtdbaIHzLWHi2W2+tvXzr/3ZP/IYBAAAAagRrAAAAANDDC6d9AwAAAABwHgnWAAAAAKAHwRoAAAAA9CBYAwAAAIAeBGsAAAAA0INgDQAAAAB6EKwBAAAAQA+CNQAAAADoQbAGAAAAAD0I1gAAAACgB8EaAAAAAPQgWAMAAACAHgRrAAAAANCDYA0AAAAAehCsAQAAAEAPgjUAAAAA6EGwBgAAAAA9CNYAAAAAoAfBGgAAAAD0IFgDAAAAgB4EawAAAADQg2ANAAAAAHoQrAEAAABAD4I1AAAAAOhBsAYAAAAAPQjWAAAAAKAHwRoAAAAA9CBYAwAAAIAeBGsAAAAA0INgDQAAAAB6EKwBAAAAQA+CNQAAAADoQbAGAAAAAD0I1gAAAACgB8EaAAAAAPQgWAMAAACAHgRrAAAAANCDYA0AAAAAehCsAQAAAEAPgjUAAAAA6EGwBgAAAAA9CNYAAAAAoAfBGgAAAAD0IFgDAAAAgB4EawAAAADQg2ANAAAAAHoQrAEAAABAD4I1AAAAAOhBsAYAAAAAPQjWAAAAAKAHwRoAAAAA9CBYAwAAAIAeBGsAAAAA0INgDQAAAAB6EKwBAAAAQA+CNQAAAADoQbAGAAAAAD0I1gAAAACgh/8HHY3Mer5N+XwAAAAASUVORK5CYII=" width="158" height="43"></span></p><p><span style="color:rgb(59,56,56);font-size:9pt;"><strong>함윤식│선임│ITH2</strong></span><br><span style="color:rgb(46,116,181);font-size:9pt;"><strong>서린정보기술(주) SORIN Information Technology</strong></span><br><span style="color:rgb(59,56,56);font-size:9pt;">(03159)&nbsp;서울시 종로구 종로&nbsp;33,&nbsp;그랑서울 타워1, 16층</span><br><span style="color:black;font-size:9pt;"><strong>Office </strong>: 02-6947-2694 |<strong>&nbsp;Moblie </strong>: 010-7367-9633</span><span style="color:rgb(59,56,56);font-size:9pt;"><strong>│E-mail</strong>: </span><a href="mailto:hamyoonsic@sorin.co.kr"><span style="color:rgb(70,120,134);font-size:9pt;"><u>hamyoonsic@sorin.co.kr</u></span></a></p><p>해당 서명은 공지관리 시스템에서 제작되었습니다.</p>	f	2026-01-27 10:58:59.45962	2026-01-27 13:36:34.897228
\.


--
-- Data for Name: notice_tag; Type: TABLE DATA; Schema: public; Owner: postgres
--

COPY public.notice_tag (tag_id, notice_id, tag_value) FROM stdin;
1	1	인프라 작업
2	1	ERP
3	2	보안패치
4	2	전사공지
5	3	긴급장애
6	3	회계시스템
7	5	서비스점검
8	6	긴급
\.


--
-- Data for Name: notice_target; Type: TABLE DATA; Schema: public; Owner: postgres
--

COPY public.notice_target (target_id, notice_id, target_type, target_key, target_name) FROM stdin;
9	5	CORP	1	고려아연
11	6	CORP	1	고려아연
15	7	CORP	1	고려아연
17	8	CORP	1	고려아연
19	9	CORP	1	고려아연
1	1	CORP	1	고려아연
4	2	CORP	1	고려아연
5	2	CORP	2	케이지그린텍
18	8	ORG_UNIT	1	고려아연 / 서린정보기술 ITH1팀
10	5	ORG_UNIT	2	고려아연 / 서린정보기술 ITH2팀
6	3	ORG_UNIT	4	고려아연 / 구매전략 1팀
7	3	ORG_UNIT	5	고려아연 / 구매전략 2팀
8	3	ORG_UNIT	7	고려아연 / 원료 1팀
32	21	ORG_UNIT	7	고려아연 / 원료 1팀
31	20	ORG_UNIT	7	고려아연 / 원료 1팀
30	19	ORG_UNIT	7	고려아연 / 원료 1팀
29	18	ORG_UNIT	7	고려아연 / 원료 1팀
28	17	ORG_UNIT	7	고려아연 / 원료 1팀
27	16	ORG_UNIT	7	고려아연 / 원료 1팀
26	15	ORG_UNIT	7	고려아연 / 원료 1팀
25	14	ORG_UNIT	7	고려아연 / 원료 1팀
24	13	ORG_UNIT	7	고려아연 / 원료 1팀
23	12	ORG_UNIT	7	고려아연 / 원료 1팀
22	11	ORG_UNIT	7	고려아연 / 원료 1팀
21	10	ORG_UNIT	7	고려아연 / 원료 1팀
20	9	ORG_UNIT	7	고려아연 / 원료 1팀
12	6	ORG_UNIT	7	고려아연 / 원료 1팀
13	6	ORG_UNIT	8	고려아연 / 원료 2팀
14	6	ORG_UNIT	9	고려아연 / 원료 3팀
16	7	ORG_UNIT	10	고려아연 / 아연영업팀
2	1	ORG_UNIT	13	고려아연 / 고려아연_본사
3	1	ORG_UNIT	14	고려아연 / 고려아연_온산
33	22	ORG_UNIT	7	원료 1팀
34	23	ORG_UNIT	7	원료 1팀
35	24	ORG_UNIT	7	원료 1팀
36	25	ORG_UNIT	7	원료 1팀
37	26	ORG_UNIT	7	원료 1팀
38	27	ORG_UNIT	7	원료 1팀
39	28	ORG_UNIT	7	원료 1팀
40	29	ORG_UNIT	7	원료 1팀
41	30	ORG_UNIT	7	원료 1팀
42	31	ORG_UNIT	7	원료 1팀
43	32	ORG_UNIT	7	원료 1팀
44	33	ORG_UNIT	7	원료 1팀
45	34	ORG_UNIT	7	원료 1팀
46	35	ORG_UNIT	7	원료 1팀
47	36	ORG_UNIT	7	원료 1팀
48	37	ORG_UNIT	7	원료 1팀
49	38	ORG_UNIT	7	원료 1팀
50	39	CORP	1	고려아연
\.


--
-- Data for Name: notice_template; Type: TABLE DATA; Schema: public; Owner: postgres
--

COPY public.notice_template (template_id, user_id, name, content, created_at, updated_at) FROM stdin;
1	hamyoonsic	전산실 공지 템플릿	<p style="text-align:justify;"><span style="color:inherit;font-size:12pt;">안녕하십니까</span></p><p style="text-align:justify;"><span style="color:inherit;font-size:12pt;">전산실에서 알려드립니다.&nbsp;</span></p><p style="text-align:justify;"><span style="color:inherit;font-size:12pt;">&nbsp;</span></p><p style="text-align:justify;"><span style="color:inherit;font-size:12pt;">시스템&nbsp;점검 작업을 아래와 같이 </span><span style="color:red!important;font-size:12pt;"><strong>금일</strong></span><span style="color:inherit;font-size:12pt;"> 진행&nbsp;예정이오니,&nbsp;업무에 참고하시기 바랍니다.&nbsp;</span></p><p style="text-align:justify;">&nbsp;</p><p style="text-align:justify;"><span style="color:inherit;"><strong>* </strong></span><strong>점검 작업 시간과 관련하여 특이사항이 있으신 경우 하기 담당자들에게 연락 부탁드립니다</strong><span style="color:inherit;"><strong>.</strong></span></p><p style="text-align:justify;"><span style="color:inherit;">&nbsp;</span></p><figure class="table" style="width:522.15pt;"><table style="background-color:rgb(255, 255, 255);"><tbody><tr><td style="background-color:rgb(180, 198, 231) !important;border-color:black;border-width:1pt;padding:0cm;width:89.25pt;"><p style="text-align:center;"><span style="color:black!important;font-size:12pt;"><strong>구분</strong>&nbsp;</span></p></td><td style="border-bottom:1pt solid black;border-left-style:none;border-right:1pt solid black;border-top:1pt solid black;padding:0cm;vertical-align:top;width:432.9pt;"><p style="text-align:justify;">&nbsp;</p></td></tr><tr><td style="background-color:rgb(180, 198, 231) !important;border-bottom:1pt solid black;border-left:1pt solid black;border-right:1pt solid black;border-top-style:none;padding:0cm;width:89.25pt;"><p style="text-align:center;"><span style="color:black!important;font-size:12pt;"><strong>대상시스템</strong>&nbsp;</span></p></td><td style="border-bottom:1pt solid black;border-left-style:none;border-right:1pt solid black;border-top-style:none;padding:0cm;vertical-align:top;width:432.9pt;"><p style="text-align:justify;">&nbsp;</p></td></tr><tr><td style="background-color:rgb(180, 198, 231) !important;border-bottom:1pt solid black;border-left:1pt solid black;border-right:1pt solid black;border-top-style:none;padding:0cm;width:89.25pt;"><p style="text-align:center;"><span style="color:black!important;font-size:12pt;"><strong>일정</strong>&nbsp;</span></p></td><td style="border-bottom:1pt solid black;border-left-style:none;border-right:1pt solid black;border-top-style:none;padding:0cm;vertical-align:top;width:432.9pt;"><p style="text-align:justify;">&nbsp;</p></td></tr><tr><td style="background-color:rgb(180, 198, 231) !important;border-bottom:1pt solid black;border-left:1pt solid black;border-right:1pt solid black;border-top-style:none;padding:0cm;width:89.25pt;"><p style="text-align:center;"><span style="color:black!important;font-size:12pt;"><strong>사유</strong>&nbsp;</span></p></td><td style="border-bottom:1pt solid black;border-left-style:none;border-right:1pt solid black;border-top-style:none;padding:0cm;vertical-align:top;width:432.9pt;"><p style="text-align:justify;"><span style="color:inherit;">&nbsp;</span></p><p style="text-align:justify;">&nbsp;</p></td></tr><tr><td style="background-color:rgb(180, 198, 231) !important;border-bottom:1pt solid black;border-left:1pt solid black;border-right:1pt solid black;border-top-style:none;height:47.1pt;padding:0cm;width:89.25pt;"><p style="text-align:center;"><span style="color:black!important;font-size:12pt;"><strong>담당자</strong>&nbsp;</span></p></td><td style="border-bottom:1pt solid black;border-left-style:none;border-right:1pt solid black;border-top-style:none;height:47.1pt;padding:0cm;vertical-align:top;width:432.9pt;"><p style="text-align:justify;">&nbsp;</p></td></tr></tbody></table></figure><p>&nbsp;</p><p>감사합니다.<br>&nbsp;</p>	2026-01-27 09:08:35.328604	2026-01-27 09:13:56.791894
\.


--
-- Name: admin_delegation_delegation_id_seq; Type: SEQUENCE SET; Schema: public; Owner: postgres
--

SELECT pg_catalog.setval('public.admin_delegation_delegation_id_seq', 3, true);


--
-- Name: audit_log_log_id_seq; Type: SEQUENCE SET; Schema: public; Owner: postgres
--

SELECT pg_catalog.setval('public.audit_log_log_id_seq', 6, true);


--
-- Name: corporation_master_corp_id_seq; Type: SEQUENCE SET; Schema: public; Owner: postgres
--

SELECT pg_catalog.setval('public.corporation_master_corp_id_seq', 4, true);


--
-- Name: notice_approval_approval_id_seq; Type: SEQUENCE SET; Schema: public; Owner: postgres
--

SELECT pg_catalog.setval('public.notice_approval_approval_id_seq', 1, false);


--
-- Name: notice_attachment_attachment_id_seq; Type: SEQUENCE SET; Schema: public; Owner: postgres
--

SELECT pg_catalog.setval('public.notice_attachment_attachment_id_seq', 1, false);


--
-- Name: notice_base_notice_id_seq; Type: SEQUENCE SET; Schema: public; Owner: postgres
--

SELECT pg_catalog.setval('public.notice_base_notice_id_seq', 39, true);


--
-- Name: notice_calendar_event_calendar_event_id_seq; Type: SEQUENCE SET; Schema: public; Owner: postgres
--

SELECT pg_catalog.setval('public.notice_calendar_event_calendar_event_id_seq', 1, false);


--
-- Name: notice_delivery_log_delivery_id_seq; Type: SEQUENCE SET; Schema: public; Owner: postgres
--

SELECT pg_catalog.setval('public.notice_delivery_log_delivery_id_seq', 45, true);


--
-- Name: notice_recipient_recipient_id_seq; Type: SEQUENCE SET; Schema: public; Owner: postgres
--

SELECT pg_catalog.setval('public.notice_recipient_recipient_id_seq', 61, true);


--
-- Name: notice_send_plan_send_plan_id_seq; Type: SEQUENCE SET; Schema: public; Owner: postgres
--

SELECT pg_catalog.setval('public.notice_send_plan_send_plan_id_seq', 34, true);


--
-- Name: notice_signature_signature_id_seq; Type: SEQUENCE SET; Schema: public; Owner: postgres
--

SELECT pg_catalog.setval('public.notice_signature_signature_id_seq', 7, true);


--
-- Name: notice_tag_tag_id_seq; Type: SEQUENCE SET; Schema: public; Owner: postgres
--

SELECT pg_catalog.setval('public.notice_tag_tag_id_seq', 8, true);


--
-- Name: notice_target_target_id_seq; Type: SEQUENCE SET; Schema: public; Owner: postgres
--

SELECT pg_catalog.setval('public.notice_target_target_id_seq', 50, true);


--
-- Name: notice_template_template_id_seq; Type: SEQUENCE SET; Schema: public; Owner: postgres
--

SELECT pg_catalog.setval('public.notice_template_template_id_seq', 1, true);


--
-- Name: organization_master_org_unit_id_seq; Type: SEQUENCE SET; Schema: public; Owner: postgres
--

SELECT pg_catalog.setval('public.organization_master_org_unit_id_seq', 14, true);


--
-- Name: service_master_service_id_seq; Type: SEQUENCE SET; Schema: public; Owner: postgres
--

SELECT pg_catalog.setval('public.service_master_service_id_seq', 6, true);


--
-- PostgreSQL database dump complete
--

\unrestrict aVKzcFGAZ5z0EE4SFbEZu9dm7tlOLP9pDy8VIKzVyGvMX2i4sT4naGmbu9DUHKV

